time,open,high,low,close,volume
2023-01-01T00:00:00+00:00,1.1,1.100070484053852,1.0999863200496722,1.100064208140067,396
2023-01-01T00:05:00+00:00,1.100064208140067,1.1001975294610902,1.10000153611129,1.1001938503884148,352
2023-01-01T00:10:00+00:00,1.1001938503884148,1.1001996446277498,1.1001657153676285,1.100177330254474,63
2023-01-01T00:15:00+00:00,1.100177330254474,1.10034478581878,1.1001475484483747,1.1002712515101927,409
2023-01-01T00:20:00+00:00,1.1002712515101927,1.100281083650236,1.1001407719787095,1.1002178657466186,53
2023-01-01T00:25:00+00:00,1.1002178657466186,1.100219496915307,1.1001117717980224,1.1001412179990822,266
2023-01-01T00:30:00+00:00,1.1001412179990822,1.1001657361257118,1.1000734021552323,1.1001170723745013,97
2023-01-01T00:35:00+00:00,1.1001170723745013,1.1001514311700644,1.1000663639575698,1.1000986585614796,226
2023-01-01T00:40:00+00:00,1.1000986585614796,1.1001536810127475,1.0999762323274378,1.0999841043962264,243
2023-01-01T00:45:00+00:00,1.0999841043962264,1.1000207544992864,1.099866782026947,1.0998865722770828,371
2023-01-01T00:50:00+00:00,1.0998865722770828,1.0999539787333545,1.0997013586110018,1.099770397857689,73
2023-01-01T00:55:00+00:00,1.099770397857689,1.09981596118951,1.0996398067206143,1.099712878703147,90
2023-01-01T01:00:00+00:00,1.099712878703147,1.0998915240360911,1.0996727868676954,1.0998123646123754,477
2023-01-01T01:05:00+00:00,1.0998123646123754,1.099905100818362,1.0997762663322626,1.0998733434896935,157
2023-01-01T01:10:00+00:00,1.0998733434896935,1.0999415470179519,1.0998065397609609,1.0998143440350185,375
2023-01-01T01:15:00+00:00,1.0998143440350185,1.099852767710792,1.0997159402431738,1.099787032742241,133
2023-01-01T01:20:00+00:00,1.099787032742241,1.0997963501084638,1.0996580874734512,1.0997261834807832,162
2023-01-01T01:25:00+00:00,1.0997261834807832,1.0997645996474668,1.0995836548165567,1.0996718422975877,447
2023-01-01T01:30:00+00:00,1.0996718422975877,1.099844154978725,1.0996546767915758,1.099812182947723,83
2023-01-01T01:35:00+00:00,1.099812182947723,1.0998412219347993,1.0996207314655617,1.0997368018914067,498
2023-01-01T01:40:00+00:00,1.0997368018914067,1.0997706742813311,1.0996226385137395,1.0997265620760577,379
2023-01-01T01:45:00+00:00,1.0997265620760577,1.0997661232026077,1.0997165333648664,1.099728201787507,176
2023-01-01T01:50:00+00:00,1.099728201787507,1.099790392648755,1.0997249121501627,1.0997259043704832,348
2023-01-01T01:55:00+00:00,1.0997259043704832,1.099754291191093,1.099621350991414,1.0996421390408397,120
2023-01-01T02:00:00+00:00,1.0996421390408397,1.0996434449108015,1.0995850606043411,1.099608110013062,371
2023-01-01T02:05:00+00:00,1.099608110013062,1.0996606727267166,1.0995443429762835,1.0996201948184645,355
2023-01-01T02:10:00+00:00,1.0996201948184645,1.0997123545608007,1.0995588477409788,1.0996933022044029,333
2023-01-01T02:15:00+00:00,1.0996933022044029,1.0996981742942493,1.099685915291965,1.099691746237779,419
2023-01-01T02:20:00+00:00,1.099691746237779,1.099886167986408,1.0996912744251752,1.0998176466466874,224
2023-01-01T02:25:00+00:00,1.0998176466466874,1.099858465371518,1.099647168507711,1.0996816127009241,282
2023-01-01T02:30:00+00:00,1.0996816127009241,1.099812077371191,1.09965630902691,1.0998104459139397,440
2023-01-01T02:35:00+00:00,1.0998104459139397,1.099858295868245,1.0995018474306228,1.099601337504239,495
2023-01-01T02:40:00+00:00,1.099601337504239,1.0996693452680477,1.0994605095369696,1.099493771348492,241
2023-01-01T02:45:00+00:00,1.099493771348492,1.0994986601658565,1.0994299791119686,1.0994920435808004,448
2023-01-01T02:50:00+00:00,1.0994920435808004,1.0997035927437808,1.099444972198385,1.0996511616738174,107
2023-01-01T02:55:00+00:00,1.0996511616738174,1.099743842900943,1.0995537833488447,1.0995980386800646,475
2023-01-01T03:00:00+00:00,1.0995980386800646,1.0996542106210911,1.0995943284325798,1.0996195452480704,90
2023-01-01T03:05:00+00:00,1.0996195452480704,1.0997733010895345,1.0995899775473796,1.099723770105544,85
2023-01-01T03:10:00+00:00,1.099723770105544,1.099830850749559,1.0996721035261505,1.0998223463811085,331
2023-01-01T03:15:00+00:00,1.0998223463811085,1.0999377753103947,1.0997696090599869,1.099906643301469,360
2023-01-01T03:20:00+00:00,1.099906643301469,1.0999226628937293,1.099780147805037,1.099858597876021,152
2023-01-01T03:25:00+00:00,1.099858597876021,1.0998702379853578,1.099778703179178,1.0998277974305455,393
2023-01-01T03:30:00+00:00,1.0998277974305455,1.099871205908532,1.099752851957487,1.0997780916731645,165
2023-01-01T03:35:00+00:00,1.0997780916731645,1.099787578475628,1.0997704138194322,1.099774450369796,333
2023-01-01T03:40:00+00:00,1.099774450369796,1.0998173098345447,1.0997107467077911,1.099782318603459,167
2023-01-01T03:45:00+00:00,1.099782318603459,1.0998434136703572,1.0997771272851353,1.099831896949895,219
2023-01-01T03:50:00+00:00,1.099831896949895,1.0999018447456068,1.099814975247309,1.0998859686656564,117
2023-01-01T03:55:00+00:00,1.0998859686656564,1.0999032083321236,1.0997362951263838,1.0998382971144778,345
2023-01-01T04:00:00+00:00,1.0998382971144778,1.0998532682720885,1.0996895213540019,1.0997010080937282,99
2023-01-01T04:05:00+00:00,1.0997010080937282,1.0997263185703994,1.099613878755056,1.099653203840234,260
2023-01-01T04:10:00+00:00,1.099653203840234,1.0996698264825526,1.0994608399126344,1.0995275162120557,100
2023-01-01T04:15:00+00:00,1.0995275162120557,1.0996024411820133,1.0992941922172759,1.0993241912629397,459
2023-01-01T04:20:00+00:00,1.0993241912629397,1.099392952144703,1.099304173653413,1.0993640752855058,266
2023-01-01T04:25:00+00:00,1.0993640752855058,1.099468733123197,1.099313145560339,1.099446117041192,497
2023-01-01T04:30:00+00:00,1.099446117041192,1.0995487364861516,1.099405410762014,1.0995236504233057,75
2023-01-01T04:35:00+00:00,1.0995236504233057,1.0995596227411366,1.0993961618682804,1.0994471033152209,57
2023-01-01T04:40:00+00:00,1.0994471033152209,1.0996493227705844,1.0994295777131535,1.0996272153723137,298
2023-01-01T04:45:00+00:00,1.0996272153723137,1.0997265275741799,1.0995770983539597,1.0995887841329703,80
2023-01-01T04:50:00+00:00,1.0995887841329703,1.0995951295511193,1.099500558572113,1.0995923061871675,451
2023-01-01T04:55:00+00:00,1.0995923061871675,1.0997596480994887,1.0995776794019314,1.0997092924931833,424
2023-01-01T05:00:00+00:00,1.0997092924931833,1.0998138304315814,1.09970357418687,1.0998119988119128,201
2023-01-01T05:05:00+00:00,1.0998119988119128,1.099815497427039,1.0997503471957761,1.0997673494196514,426
2023-01-01T05:10:00+00:00,1.0997673494196514,1.099789100909875,1.099577994784942,1.099640005919682,307
2023-01-01T05:15:00+00:00,1.099640005919682,1.0997319083863029,1.0996101516076957,1.0996780954927265,79
2023-01-01T05:20:00+00:00,1.0996780954927265,1.0997156220027704,1.0996517157025205,1.0997106374019976,395
2023-01-01T05:25:00+00:00,1.0997106374019976,1.0998432725526368,1.0996718300886417,1.0998104140242857,341
2023-01-01T05:30:00+00:00,1.0998104140242857,1.099880969355887,1.099772278558869,1.0998138064459133,348
2023-01-01T05:35:00+00:00,1.0998138064459133,1.0998538035072185,1.0997404130407866,1.099757789063847,183
2023-01-01T05:40:00+00:00,1.099757789063847,1.0998707165274393,1.0997542240800944,1.099794615891206,393
2023-01-01T05:45:00+00:00,1.099794615891206,1.0999092958570325,1.0997508338862592,1.099875555167158,434
2023-01-01T05:50:00+00:00,1.099875555167158,1.099889144441828,1.099828978737553,1.0998864566542879,101
2023-01-01T05:55:00+00:00,1.0998864566542879,1.0999174741368394,1.0998009040237537,1.0998162836013816,185
2023-01-01T06:00:00+00:00,1.0998162836013816,1.099901279402951,1.099782302591521,1.0998670221835458,195
2023-01-01T06:05:00+00:00,1.0998670221835458,1.0999448191202412,1.0997877771210232,1.0998929405955402,410
2023-01-01T06:10:00+00:00,1.0998929405955402,1.100028823879286,1.0997977723433128,1.099819313797576,391
2023-01-01T06:15:00+00:00,1.099819313797576,1.0998365747663819,1.0996897560943217,1.0997282398332158,389
2023-01-01T06:20:00+00:00,1.0997282398332158,1.0999218120956205,1.0997187100221744,1.0998596588179752,430
2023-01-01T06:25:00+00:00,1.0998596588179752,1.1000654511146075,1.099846572667554,1.1000277892511205,359
2023-01-01T06:30:00+00:00,1.1000277892511205,1.100091001507539,1.099990324399074,1.1000465765796819,308
2023-01-01T06:35:00+00:00,1.1000465765796819,1.1001548634156568,1.0998948871754985,1.099902703478148,483
2023-01-01T06:40:00+00:00,1.099902703478148,1.1000335327992414,1.0998955240552297,1.1000112793553092,220
2023-01-01T06:45:00+00:00,1.1000112793553092,1.1000206985705425,1.0999204504450555,1.0999910167438298,184
2023-01-01T06:50:00+00:00,1.0999910167438298,1.1000832926935404,1.0999733779725116,1.1000374175080387,107
2023-01-01T06:55:00+00:00,1.1000374175080387,1.100129651442427,1.099892396660577,1.0999395703487826,126
2023-01-01T07:00:00+00:00,1.0999395703487826,1.0999663706943137,1.0997702394304052,1.0997948285954426,115
2023-01-01T07:05:00+00:00,1.0997948285954426,1.0998408158709654,1.0997608488660648,1.0997732213625515,457
2023-01-01T07:10:00+00:00,1.0997732213625515,1.0997990183422663,1.0997257796117315,1.099796538519629,391
2023-01-01T07:15:00+00:00,1.099796538519629,1.0999612416248072,1.099744158888648,1.0998917459020587,497
2023-01-01T07:20:00+00:00,1.0998917459020587,1.0999303771099875,1.0997348566708989,1.0997999168833603,492
2023-01-01T07:25:00+00:00,1.0997999168833603,1.099999867926179,1.0997234427339404,1.0999530056750841,140
2023-01-01T07:30:00+00:00,1.0999530056750841,1.099974612400898,1.0999492172636804,1.0999670168037454,260
2023-01-01T07:35:00+00:00,1.0999670168037454,1.09999921534726,1.0998016635807166,1.0998962210251642,465
2023-01-01T07:40:00+00:00,1.0998962210251642,1.0999270429084955,1.0998814240825445,1.09989760009096,69
2023-01-01T07:45:00+00:00,1.09989760009096,1.0999199653930578,1.0997960037041614,1.0998235305129331,468
2023-01-01T07:50:00+00:00,1.0998235305129331,1.099911786962297,1.099780110392526,1.0998890479859076,164
2023-01-01T07:55:00+00:00,1.0998890479859076,1.0999214426670458,1.0997386784313046,1.0997435309453951,218
2023-01-01T08:00:00+00:00,1.0997435309453951,1.0997621922860343,1.0997321512287699,1.099738942921696,310
2023-01-01T08:05:00+00:00,1.099738942921696,1.0998527753391516,1.0995831127829725,1.0996661688459124,324
2023-01-01T08:10:00+00:00,1.0996661688459124,1.0996764938882695,1.099629905984126,1.0996577673726868,347
2023-01-01T08:15:00+00:00,1.0996577673726868,1.0996959600663108,1.099605992677649,1.09961515322314,105
2023-01-01T08:20:00+00:00,1.09961515322314,1.099641413429699,1.0995433100351817,1.09955545880756,311
2023-01-01T08:25:00+00:00,1.09955545880756,1.0996355697910492,1.0994016515789646,1.0994728586962745,147
2023-01-01T08:30:00+00:00,1.0994728586962745,1.099551363745153,1.0993560005806793,1.0994699670720645,325
2023-01-01T08:35:00+00:00,1.0994699670720645,1.0995186074585097,1.0993604895128068,1.099472741430541,427
2023-01-01T08:40:00+00:00,1.099472741430541,1.099514532465562,1.0993703167624842,1.0994371614006984,219
2023-01-01T08:45:00+00:00,1.0994371614006984,1.0995410784881308,1.0993855962391443,1.099488303986043,113
2023-01-01T08:50:00+00:00,1.099488303986043,1.0995298004917773,1.0994577239408752,1.09947636886041,256
2023-01-01T08:55:00+00:00,1.09947636886041,1.0995742561983677,1.0994162591096277,1.0995535529178442,148
2023-01-01T09:00:00+00:00,1.0995535529178442,1.0996104608159105,1.099340053087422,1.099387659476377,365
2023-01-01T09:05:00+00:00,1.099387659476377,1.0994339626779879,1.0992119908774334,1.0992334623956,476
2023-01-01T09:10:00+00:00,1.0992334623956,1.0993001938661695,1.0991738917042984,1.0993000889886395,385
2023-01-01T09:15:00+00:00,1.0993000889886395,1.0993695348145676,1.0992515659128683,1.0993458583355977,395
2023-01-01T09:20:00+00:00,1.0993458583355977,1.09942231627476,1.0992733428385135,1.0993671735300439,136
2023-01-01T09:25:00+00:00,1.0993671735300439,1.0993893116117144,1.0992506878388884,1.0992850213434757,389
2023-01-01T09:30:00+00:00,1.0992850213434757,1.0993185221745643,1.0992025975988562,1.0992373551726293,394
2023-01-01T09:35:00+00:00,1.0992373551726293,1.099270940717283,1.0990327273153586,1.0991169058486667,125
2023-01-01T09:40:00+00:00,1.0991169058486667,1.0991827210550393,1.0990207421816844,1.0991769928155792,87
2023-01-01T09:45:00+00:00,1.0991769928155792,1.0993022302482605,1.0991481755301464,1.099202063604088,344
2023-01-01T09:50:00+00:00,1.099202063604088,1.0993176923657917,1.0991646908624155,1.0992451518885469,385
2023-01-01T09:55:00+00:00,1.0992451518885469,1.0992884515960146,1.099147526774484,1.0992481018925444,490
2023-01-01T10:00:00+00:00,1.0992481018925444,1.0992772606200507,1.0992203782568173,1.099253709817083,406
2023-01-01T10:05:00+00:00,1.099253709817083,1.0992930448746165,1.0992519026582614,1.0992770965149348,177
2023-01-01T10:10:00+00:00,1.0992770965149348,1.0993258835127382,1.0992396978130508,1.0993132778179757,321
2023-01-01T10:15:00+00:00,1.0993132778179757,1.0994476490066667,1.0993081654405608,1.0993805759721758,436
2023-01-01T10:20:00+00:00,1.0993805759721758,1.0995103525887684,1.0993692030892117,1.09946693456812,475
2023-01-01T10:25:00+00:00,1.09946693456812,1.099512225930415,1.0993446756807488,1.0993746901080965,131
2023-01-01T10:30:00+00:00,1.0993746901080965,1.0994313784949568,1.0993697339354045,1.0993719090280472,376
2023-01-01T10:35:00+00:00,1.0993719090280472,1.0994477447578315,1.0992864757287064,1.0994329385875303,298
2023-01-01T10:40:00+00:00,1.0994329385875303,1.0994615777846988,1.0993526962153368,1.0993889483263934,189
2023-01-01T10:45:00+00:00,1.0993889483263934,1.099474785982933,1.0992982419269208,1.099420488327889,91
2023-01-01T10:50:00+00:00,1.099420488327889,1.0994864674584692,1.0993934859525125,1.0994587637573519,82
2023-01-01T10:55:00+00:00,1.0994587637573519,1.099497324582073,1.0993191889448586,1.0993420369755196,288
2023-01-01T11:00:00+00:00,1.0993420369755196,1.099359221226413,1.0992007814118512,1.0992958619063706,349
2023-01-01T11:05:00+00:00,1.0992958619063706,1.099389519615486,1.0992925603029164,1.0993801534238665,500
2023-01-01T11:10:00+00:00,1.0993801534238665,1.099437333460949,1.099333629356317,1.0993886472299461,435
2023-01-01T11:15:00+00:00,1.0993886472299461,1.0994734579188068,1.0993214486938196,1.0993922427157838,477
2023-01-01T11:20:00+00:00,1.0993922427157838,1.0994326543259085,1.0992120088460142,1.0992771600527826,162
2023-01-01T11:25:00+00:00,1.0992771600527826,1.0993169720886495,1.0992439558916225,1.099246905625288,298
2023-01-01T11:30:00+00:00,1.099246905625288,1.0993271631709263,1.0992249879093892,1.0993189551099953,134
2023-01-01T11:35:00+00:00,1.0993189551099953,1.099379402516004,1.0991517145204337,1.0992462988076217,368
2023-01-01T11:40:00+00:00,1.0992462988076217,1.099269481491986,1.099015002626177,1.0990767934519665,92
2023-01-01T11:45:00+00:00,1.0990767934519665,1.0990936439383114,1.0989921256570574,1.0990132262467334,286
2023-01-01T11:50:00+00:00,1.0990132262467334,1.0990751912548744,1.0989875050260383,1.0990398931903098,222
2023-01-01T11:55:00+00:00,1.0990398931903098,1.0991220719563732,1.0989911972706217,1.099118630340093,435
2023-01-01T12:00:00+00:00,1.099118630340093,1.0992150618593006,1.0990899641467653,1.0991992717011025,433
2023-01-01T12:05:00+00:00,1.0991992717011025,1.0994082384497048,1.0990696128370103,1.0991224540747626,229
2023-01-01T12:10:00+00:00,1.0991224540747626,1.0991467610970045,1.0991086335170317,1.0991281549691765,65
2023-01-01T12:15:00+00:00,1.0991281549691765,1.0991598403597025,1.0991125293634814,1.0991229100977662,60
2023-01-01T12:20:00+00:00,1.0991229100977662,1.099148404190528,1.099056727189007,1.0990810331949636,161
2023-01-01T12:25:00+00:00,1.0990810331949636,1.099125938929873,1.099072648481077,1.099088390217408,238
2023-01-01T12:30:00+00:00,1.099088390217408,1.0992026838892404,1.0990880687978444,1.0991432441498308,469
2023-01-01T12:35:00+00:00,1.0991432441498308,1.0991655021955447,1.099067646529971,1.0991046253331456,346
2023-01-01T12:40:00+00:00,1.0991046253331456,1.0991806900393495,1.0990490931165806,1.099173744153505,253
2023-01-01T12:45:00+00:00,1.099173744153505,1.0992047671721838,1.0989816992798707,1.0989936517715506,353
2023-01-01T12:50:00+00:00,1.0989936517715506,1.099059061767894,1.0988845213169642,1.098953518739649,485
2023-01-01T12:55:00+00:00,1.098953518739649,1.0990729170178835,1.0988706449307197,1.099036595312463,457
2023-01-01T13:00:00+00:00,1.099036595312463,1.099185332480092,1.09900626911282,1.0991764803884874,239
2023-01-01T13:05:00+00:00,1.0991764803884874,1.0993121673068764,1.0991461642402487,1.0992466305384943,56
2023-01-01T13:10:00+00:00,1.0992466305384943,1.099409899863252,1.0991463441037144,1.0993345586760679,375
2023-01-01T13:15:00+00:00,1.0993345586760679,1.0995038312663614,1.0992996163911375,1.0994607319095784,128
2023-01-01T13:20:00+00:00,1.0994607319095784,1.0994928103144377,1.0993032140030516,1.0993419592441998,463
2023-01-01T13:25:00+00:00,1.0993419592441998,1.0994174977129647,1.0992873682278033,1.099329132479177,288
2023-01-01T13:30:00+00:00,1.099329132479177,1.0993610443554391,1.09919953434443,1.0992108003038925,475
2023-01-01T13:35:00+00:00,1.0992108003038925,1.0994039677255922,1.0991946530457481,1.099366895509456,280
2023-01-01T13:40:00+00:00,1.099366895509456,1.0994270373548636,1.0993293546874405,1.099371179716907,64
2023-01-01T13:45:00+00:00,1.099371179716907,1.0994154832595238,1.0993205291428632,1.0993221147028862,299
2023-01-01T13:50:00+00:00,1.0993221147028862,1.0994435622021337,1.0992667247263999,1.0993566773734764,409
2023-01-01T13:55:00+00:00,1.0993566773734764,1.099542970448405,1.0993131051415166,1.099496507974846,314
2023-01-01T14:00:00+00:00,1.099496507974846,1.099536186686171,1.0994856846506489,1.0995294052094495,438
2023-01-01T14:05:00+00:00,1.0995294052094495,1.0995328595135783,1.0993824817984554,1.0994392292591644,414
2023-01-01T14:10:00+00:00,1.0994392292591644,1.0994443437713506,1.0992688162601096,1.0992983289106495,404
2023-01-01T14:15:00+00:00,1.0992983289106495,1.0993335241620112,1.0992245523342536,1.0993304189262592,238
2023-01-01T14:20:00+00:00,1.0993304189262592,1.0993407066005187,1.0991603396455711,1.0992342066288925,219
2023-01-01T14:25:00+00:00,1.0992342066288925,1.0993276153702234,1.0991900933678802,1.0992947920628748,206
2023-01-01T14:30:00+00:00,1.0992947920628748,1.099320625216643,1.0992858858011774,1.0992952708312453,324
2023-01-01T14:35:00+00:00,1.0992952708312453,1.09940680376814,1.0992720200431512,1.0993338794619953,148
2023-01-01T14:40:00+00:00,1.0993338794619953,1.0994102702649193,1.0993120907737082,1.0993540147545355,318
2023-01-01T14:45:00+00:00,1.0993540147545355,1.0994691751509573,1.0990582246098928,1.099138396385886,476
2023-01-01T14:50:00+00:00,1.099138396385886,1.0991927342689063,1.099134775692682,1.0991590024013933,323
2023-01-01T14:55:00+00:00,1.0991590024013933,1.099182722454843,1.099148103929287,1.0991720386478123,77
2023-01-01T15:00:00+00:00,1.0991720386478123,1.0991974754458271,1.0989854274308282,1.0990560645340852,301
2023-01-01T15:05:00+00:00,1.0990560645340852,1.0991780316075626,1.0990513445759587,1.0991717524184128,195
2023-01-01T15:10:00+00:00,1.0991717524184128,1.0991820493915174,1.0990814575157122,1.0990879664891922,491
2023-01-01T15:15:00+00:00,1.0990879664891922,1.0992046139650007,1.0990750071967879,1.099112607634224,255
2023-01-01T15:20:00+00:00,1.099112607634224,1.0991160075154165,1.0989974885808564,1.0990086398422465,465
2023-01-01T15:25:00+00:00,1.0990086398422465,1.0990479198144534,1.0989508238110497,1.098967192389133,177
2023-01-01T15:30:00+00:00,1.098967192389133,1.099125694521102,1.0988977654567793,1.099068097578738,165
2023-01-01T15:35:00+00:00,1.099068097578738,1.0990759609326424,1.098933002169548,1.098981286703281,276
2023-01-01T15:40:00+00:00,1.098981286703281,1.0990449926866623,1.0988924061347354,1.0989508685658715,80
2023-01-01T15:45:00+00:00,1.0989508685658715,1.0990599293129046,1.098898695767141,1.098996564614368,440
2023-01-01T15:50:00+00:00,1.098996564614368,1.0990450609190037,1.0989809698719422,1.0990118393178048,138
2023-01-01T15:55:00+00:00,1.0990118393178048,1.0990394711981881,1.0989637615627252,1.0989731236890428,259
2023-01-01T16:00:00+00:00,1.0989731236890428,1.098993661845909,1.0988624236426736,1.0988717245057387,411
2023-01-01T16:05:00+00:00,1.0988717245057387,1.0989488981994182,1.0987747322892978,1.0989286732491668,86
2023-01-01T16:10:00+00:00,1.0989286732491668,1.099033489979478,1.0988434115804628,1.0988599012803468,388
2023-01-01T16:15:00+00:00,1.0988599012803468,1.09887093166509,1.0987205199673817,1.098751831897995,108
2023-01-01T16:20:00+00:00,1.098751831897995,1.0987717893024151,1.098563091751078,1.0986416195066626,86
2023-01-01T16:25:00+00:00,1.0986416195066626,1.0987241570094994,1.0985284873111778,1.0985609492775952,354
2023-01-01T16:30:00+00:00,1.0985609492775952,1.0986259939652623,1.0985547592795337,1.0985611059239433,402
2023-01-01T16:35:00+00:00,1.0985611059239433,1.0986188796555825,1.0985132633565295,1.098601963243146,189
2023-01-01T16:40:00+00:00,1.098601963243146,1.0986021363377005,1.0984969710036212,1.0985094491621183,271
2023-01-01T16:45:00+00:00,1.0985094491621183,1.0985279344002559,1.0984417400466298,1.0985213338941826,63
2023-01-01T16:50:00+00:00,1.0985213338941826,1.0987633217273034,1.0984876903231486,1.098693932414398,60
2023-01-01T16:55:00+00:00,1.098693932414398,1.098768618171941,1.0986047858867567,1.0986049865368002,187
2023-01-01T17:00:00+00:00,1.0986049865368002,1.0986441021903026,1.0984579388089855,1.0984853361757672,276
2023-01-01T17:05:00+00:00,1.0984853361757672,1.098599806073036,1.0984694120245893,1.0985724607896434,349
2023-01-01T17:10:00+00:00,1.0985724607896434,1.0986084272716998,1.0983829793657176,1.0984382603451128,259
2023-01-01T17:15:00+00:00,1.0984382603451128,1.0984754837467556,1.0983571833103403,1.0984216794712616,489
2023-01-01T17:20:00+00:00,1.0984216794712616,1.0985099302488404,1.0983480059680415,1.0984663059593691,255
2023-01-01T17:25:00+00:00,1.0984663059593691,1.0984950734940844,1.0984080846561568,1.098470499282365,282
2023-01-01T17:30:00+00:00,1.098470499282365,1.0985432915186635,1.0984062850956,1.0985232507592488,492
2023-01-01T17:35:00+00:00,1.0985232507592488,1.0987639806768614,1.0985096162993209,1.098615729990996,386
2023-01-01T17:40:00+00:00,1.098615729990996,1.098718016697056,1.0985587566319215,1.0986772831274116,368
2023-01-01T17:45:00+00:00,1.0986772831274116,1.0987132601758005,1.0986072720061126,1.0987104243290007,439
2023-01-01T17:50:00+00:00,1.0987104243290007,1.098783594209789,1.0986824032613036,1.0987710357607874,500
2023-01-01T17:55:00+00:00,1.0987710357607874,1.098828356095516,1.09874692724503,1.0988202286331534,372
2023-01-01T18:00:00+00:00,1.0988202286331534,1.0988435983516647,1.098740769394422,1.0987752084943883,332
2023-01-01T18:05:00+00:00,1.0987752084943883,1.098890823519407,1.098755715469882,1.098860947904145,480
2023-01-01T18:10:00+00:00,1.098860947904145,1.098966734176679,1.098791066764221,1.0989377974005068,305
2023-01-01T18:15:00+00:00,1.0989377974005068,1.0990782057986417,1.0989207394784495,1.099040329610405,411
2023-01-01T18:20:00+00:00,1.099040329610405,1.099134175836844,1.0989818189779823,1.0990189050869157,332
2023-01-01T18:25:00+00:00,1.0990189050869157,1.0990388929142512,1.0989866893853928,1.0990123381876489,356
2023-01-01T18:30:00+00:00,1.0990123381876489,1.0990176600758839,1.0988224687134271,1.0988488725799948,454
2023-01-01T18:35:00+00:00,1.0988488725799948,1.0988766696693872,1.098765085208561,1.0988011955118346,453
2023-01-01T18:40:00+00:00,1.0988011955118346,1.098805699504188,1.0986452951697336,1.0986539219066542,350
2023-01-01T18:45:00+00:00,1.0986539219066542,1.0987850734028022,1.0986185737420104,1.098720701946702,493
2023-01-01T18:50:00+00:00,1.098720701946702,1.0988307168131912,1.0986850502140988,1.0987807309092008,328
2023-01-01T18:55:00+00:00,1.0987807309092008,1.0989486674727629,1.0986997083762982,1.0988653629176302,495
2023-01-01T19:00:00+00:00,1.0988653629176302,1.0989843595695805,1.0988325419903693,1.0989127130664402,447
2023-01-01T19:05:00+00:00,1.0989127130664402,1.098949774449471,1.0988648428173418,1.0988881102813708,292
2023-01-01T19:10:00+00:00,1.0988881102813708,1.0989758487277947,1.0987926813944557,1.0988483801181208,470
2023-01-01T19:15:00+00:00,1.0988483801181208,1.0989433042098071,1.098824930659615,1.098926717554264,68
2023-01-01T19:20:00+00:00,1.098926717554264,1.09916550077712,1.0989153873278659,1.099073099202646,482
2023-01-01T19:25:00+00:00,1.099073099202646,1.0991627989427617,1.0990507190901702,1.0991059539393166,283
2023-01-01T19:30:00+00:00,1.0991059539393166,1.099153907035872,1.0990147665246142,1.099151220890353,88
2023-01-01T19:35:00+00:00,1.099151220890353,1.0992807203722261,1.0989733705394822,1.0989985037158299,223
2023-01-01T19:40:00+00:00,1.0989985037158299,1.0990337016942844,1.0989027125239954,1.0989417780225055,395
2023-01-01T19:45:00+00:00,1.0989417780225055,1.0990081461669174,1.098903978967802,1.0989771383250821,212
2023-01-01T19:50:00+00:00,1.0989771383250821,1.0990518651133871,1.0987988644548863,1.0988610851347707,366
2023-01-01T19:55:00+00:00,1.0988610851347707,1.0989336678677208,1.09883165273957,1.0988694751145174,197
2023-01-01T20:00:00+00:00,1.0988694751145174,1.0990042243905183,1.0988486429916315,1.0990028841808055,374
2023-01-01T20:05:00+00:00,1.0990028841808055,1.0990249754058783,1.0989808297400774,1.0990184009843322,135
2023-01-01T20:10:00+00:00,1.0990184009843322,1.0991198849787154,1.0988741504119968,1.0989596254190923,200
2023-01-01T20:15:00+00:00,1.0989596254190923,1.0990345524095495,1.0989184081314152,1.0990011195234268,175
2023-01-01T20:20:00+00:00,1.0990011195234268,1.0990136883880874,1.0988925194643195,1.0989005768133806,90
2023-01-01T20:25:00+00:00,1.0989005768133806,1.0989385082071006,1.0988231355875457,1.0988543116862268,399
2023-01-01T20:30:00+00:00,1.0988543116862268,1.0989755926674785,1.0988197155873463,1.0988653249778797,180
2023-01-01T20:35:00+00:00,1.0988653249778797,1.0990075603430927,1.0988466951940674,1.098935806569399,461
2023-01-01T20:40:00+00:00,1.098935806569399,1.0989447257694476,1.098853565302313,1.0988723189758913,226
2023-01-01T20:45:00+00:00,1.0988723189758913,1.0989143506272143,1.0988608426679365,1.098864110323915,267
2023-01-01T20:50:00+00:00,1.098864110323915,1.0989155133293156,1.0987707997860183,1.0988325711226843,486
2023-01-01T20:55:00+00:00,1.0988325711226843,1.0991609233026178,1.0988286962498972,1.0991243334165524,342
2023-01-01T21:00:00+00:00,1.0991243334165524,1.099156776808768,1.099079495655241,1.099082795504173,474
2023-01-01T21:05:00+00:00,1.099082795504173,1.0991046324082285,1.099034051595414,1.099067629645395,339
2023-01-01T21:10:00+00:00,1.099067629645395,1.09922541959641,1.0989592552539762,1.0991603421622562,431
2023-01-01T21:15:00+00:00,1.0991603421622562,1.0992686019096352,1.0991299259217655,1.099132152387834,196
2023-01-01T21:20:00+00:00,1.099132152387834,1.0991779944639237,1.0991208835969197,1.0991423057342153,147
2023-01-01T21:25:00+00:00,1.0991423057342153,1.0991968703672172,1.0990380433994285,1.0990898609963897,419
2023-01-01T21:30:00+00:00,1.0990898609963897,1.0991790567083815,1.099075101297777,1.099103943364436,371
2023-01-01T21:35:00+00:00,1.099103943364436,1.0991582358667342,1.0990697589371567,1.0991321779200212,275
2023-01-01T21:40:00+00:00,1.0991321779200212,1.0992174835430155,1.0990578417746477,1.0992075695192667,217
2023-01-01T21:45:00+00:00,1.0992075695192667,1.0993378268820906,1.099176497051464,1.0993373350200153,117
2023-01-01T21:50:00+00:00,1.0993373350200153,1.0994749527318508,1.099298064421953,1.099375377416185,189
2023-01-01T21:55:00+00:00,1.099375377416185,1.0994653800659375,1.09934166252783,1.0994467145586204,472
2023-01-01T22:00:00+00:00,1.0994467145586204,1.099689071964408,1.0994184289484163,1.099644129546088,461
2023-01-01T22:05:00+00:00,1.099644129546088,1.0998964011675514,1.0995591577059258,1.099800226461511,122
2023-01-01T22:10:00+00:00,1.099800226461511,1.0998382980625008,1.0997667772712711,1.0998025551058979,253
2023-01-01T22:15:00+00:00,1.0998025551058979,1.0998910017971204,1.0996777098097648,1.0996961597243236,237
2023-01-01T22:20:00+00:00,1.0996961597243236,1.0997915043511313,1.0996938297670742,1.0997645837556238,238
2023-01-01T22:25:00+00:00,1.0997645837556238,1.0998411575011582,1.0996985014939376,1.0998063431244478,349
2023-01-01T22:30:00+00:00,1.0998063431244478,1.0998548366704048,1.0996716720198285,1.0997234808167031,291
2023-01-01T22:35:00+00:00,1.0997234808167031,1.0999135191841243,1.0997072221251116,1.099810968643968,337
2023-01-01T22:40:00+00:00,1.099810968643968,1.0998715127143148,1.099717528094065,1.0997601197029025,287
2023-01-01T22:45:00+00:00,1.0997601197029025,1.099795844273103,1.0996471475463656,1.0996700123322258,259
2023-01-01T22:50:00+00:00,1.0996700123322258,1.099699153470591,1.0995086424218716,1.0996889601314739,109
2023-01-01T22:55:00+00:00,1.0996889601314739,1.0998368749816598,1.0996290566553042,1.0997512893645394,119
2023-01-01T23:00:00+00:00,1.0997512893645394,1.0997822944718285,1.0996198491924343,1.0996931882368017,326
2023-01-01T23:05:00+00:00,1.0996931882368017,1.0997651209842407,1.0996153316420945,1.0996553925270138,129
2023-01-01T23:10:00+00:00,1.0996553925270138,1.0997920599850093,1.0996206847386745,1.0997439677592387,193
2023-01-01T23:15:00+00:00,1.0997439677592387,1.0997910629642247,1.0996392997024993,1.0996491194151767,277
2023-01-01T23:20:00+00:00,1.0996491194151767,1.0996616160614257,1.0995032450866857,1.0995947499821561,238
2023-01-01T23:25:00+00:00,1.0995947499821561,1.0998992654804463,1.0995566902771587,1.0997666028945436,233
2023-01-01T23:30:00+00:00,1.0997666028945436,1.0998420410746592,1.0996470422412539,1.0998271227912584,471
2023-01-01T23:35:00+00:00,1.0998271227912584,1.0998978809158595,1.0997685354344968,1.0997892289005384,378
2023-01-01T23:40:00+00:00,1.0997892289005384,1.0998915214689609,1.0996110016011607,1.0996537867641445,114
2023-01-01T23:45:00+00:00,1.0996537867641445,1.0996849443110033,1.099620809868092,1.099677141539637,474
2023-01-01T23:50:00+00:00,1.099677141539637,1.099717075511977,1.0996557108437799,1.0996831615430358,218
2023-01-01T23:55:00+00:00,1.0996831615430358,1.0998552690864825,1.0995960392694955,1.0998418243679133,355
2023-01-02T00:00:00+00:00,1.0998418243679133,1.1000025784685892,1.0998256108457485,1.1000008171831368,178
2023-01-02T00:05:00+00:00,1.1000008171831368,1.1000422044075417,1.09997779959316,1.1000349624551693,493
2023-01-02T00:10:00+00:00,1.1000349624551693,1.1000508565616964,1.1000257994044473,1.1000494611987703,215
2023-01-02T00:15:00+00:00,1.1000494611987703,1.1000885356698846,1.0999892873517494,1.0999931745471214,114
2023-01-02T00:20:00+00:00,1.0999931745471214,1.100054195371729,1.099987377388005,1.0999889259737938,448
2023-01-02T00:25:00+00:00,1.0999889259737938,1.1000323583149014,1.0998476597160065,1.0998988117536315,281
2023-01-02T00:30:00+00:00,1.0998988117536315,1.099901719815041,1.099622565620216,1.0997067730901153,493
2023-01-02T00:35:00+00:00,1.0997067730901153,1.099768204250493,1.0996711580569087,1.0997452564201182,379
2023-01-02T00:40:00+00:00,1.0997452564201182,1.0997776835242024,1.099695025913199,1.0997737137355923,401
2023-01-02T00:45:00+00:00,1.0997737137355923,1.0998466868271142,1.0997241808142832,1.0997852259791527,277
2023-01-02T00:50:00+00:00,1.0997852259791527,1.099824604385924,1.0997708999618359,1.0998154608296684,190
2023-01-02T00:55:00+00:00,1.0998154608296684,1.0998625752196696,1.0997510323531154,1.0997977443838807,414
2023-01-02T01:00:00+00:00,1.0997977443838807,1.0999416950087588,1.0996269160573984,1.099680888296856,359
2023-01-02T01:05:00+00:00,1.099680888296856,1.099761243762772,1.099627248747954,1.0996649383108903,108
2023-01-02T01:10:00+00:00,1.0996649383108903,1.0997935636403695,1.099655444120641,1.09973563378055,160
2023-01-02T01:15:00+00:00,1.09973563378055,1.099830337988977,1.099565064442125,1.0996095780364348,261
2023-01-02T01:20:00+00:00,1.0996095780364348,1.0996561827432683,1.0995444828016014,1.099563791790917,268
2023-01-02T01:25:00+00:00,1.099563791790917,1.0995973240093677,1.0995283584486895,1.0995826408899656,128
2023-01-02T01:30:00+00:00,1.0995826408899656,1.0996349312271918,1.0995306571237127,1.099548403565639,271
2023-01-02T01:35:00+00:00,1.099548403565639,1.0996348732132564,1.0995016891229048,1.0995675677257393,465
2023-01-02T01:40:00+00:00,1.0995675677257393,1.099600479724381,1.0995057190368667,1.0995876511774918,393
2023-01-02T01:45:00+00:00,1.0995876511774918,1.0996212484975778,1.09952838176217,1.0995608300146287,390
2023-01-02T01:50:00+00:00,1.0995608300146287,1.0996588371416318,1.0995467987540397,1.099639882537049,197
2023-01-02T01:55:00+00:00,1.099639882537049,1.0996774689723936,1.099600145930741,1.0996276023232137,345
2023-01-02T02:00:00+00:00,1.0996276023232137,1.0996289520888534,1.0994857785921823,1.0995821030648572,229
2023-01-02T02:05:00+00:00,1.0995821030648572,1.099627254797706,1.0995425798138703,1.0996002590469258,440
2023-01-02T02:10:00+00:00,1.0996002590469258,1.099635488044713,1.0995329716776998,1.099590867791384,442
2023-01-02T02:15:00+00:00,1.099590867791384,1.0996646664522198,1.099528193085556,1.0996359271690732,379
2023-01-02T02:20:00+00:00,1.0996359271690732,1.0996598412825698,1.0994919421423401,1.0995340231867148,64
2023-01-02T02:25:00+00:00,1.0995340231867148,1.0995669978713023,1.0993613408304674,1.099431893770047,208
2023-01-02T02:30:00+00:00,1.099431893770047,1.0995202683672087,1.0994202781007085,1.0994982638347892,386
2023-01-02T02:35:00+00:00,1.0994982638347892,1.0995619749137504,1.099482116700313,1.099539518388076,374
2023-01-02T02:40:00+00:00,1.099539518388076,1.0995787697781585,1.0994918310846187,1.0995749046057564,282
2023-01-02T02:45:00+00:00,1.0995749046057564,1.0996008891692255,1.0995205061662134,1.099560946259511,419
2023-01-02T02:50:00+00:00,1.099560946259511,1.0996672774625784,1.0993906532412536,1.099475926581004,129
2023-01-02T02:55:00+00:00,1.099475926581004,1.099514034650193,1.099324556232487,1.0993824987110792,395
2023-01-02T03:00:00+00:00,1.0993824987110792,1.099485305625754,1.0993217983427452,1.0994587722498885,262
2023-01-02T03:05:00+00:00,1.0994587722498885,1.0995220166416044,1.0993758060311187,1.0995098539245338,108
2023-01-02T03:10:00+00:00,1.0995098539245338,1.0995298891283454,1.0994596259348945,1.099488854095286,319
2023-01-02T03:15:00+00:00,1.099488854095286,1.0994964378381664,1.0993799066105059,1.0993931312904106,252
2023-01-02T03:20:00+00:00,1.0993931312904106,1.0994223315871383,1.0993590802891196,1.0994206938960096,442
2023-01-02T03:25:00+00:00,1.0994206938960096,1.0996315456089778,1.0993915281604476,1.0996065515498334,217
2023-01-02T03:30:00+00:00,1.0996065515498334,1.0997159427207197,1.0995827097024726,1.0996757992028219,322
2023-01-02T03:35:00+00:00,1.0996757992028219,1.099711297108612,1.0996193839769624,1.099694394968272,476
2023-01-02T03:40:00+00:00,1.099694394968272,1.099735087780073,1.0995927030374921,1.0996583909251272,273
2023-01-02T03:45:00+00:00,1.0996583909251272,1.0998505048750453,1.099645150131366,1.0997385829837034,491
2023-01-02T03:50:00+00:00,1.0997385829837034,1.0997874361058027,1.099647741036187,1.0997067194899435,198
2023-01-02T03:55:00+00:00,1.0997067194899435,1.0997798813067752,1.0996999222425763,1.0997721882530966,216
2023-01-02T04:00:00+00:00,1.0997721882530966,1.09997170699971,1.0996980966674286,1.099864614632718,235
2023-01-02T04:05:00+00:00,1.099864614632718,1.099977859669956,1.0998138879172001,1.0998958118473463,174
2023-01-02T04:10:00+00:00,1.0998958118473463,1.099915700305043,1.0997332411992717,1.0998222470792134,431
2023-01-02T04:15:00+00:00,1.0998222470792134,1.099923802652571,1.0997841755603388,1.0998998047348725,136
2023-01-02T04:20:00+00:00,1.0998998047348725,1.1000338447873754,1.0998675805806475,1.1000011489503,447
2023-01-02T04:25:00+00:00,1.1000011489503,1.1000482753924978,1.0999265446375412,1.0999919469617934,469
2023-01-02T04:30:00+00:00,1.0999919469617934,1.1000143304160586,1.0999344598350331,1.0999651630151475,138
2023-01-02T04:35:00+00:00,1.0999651630151475,1.1000706356171996,1.0999144710468478,1.10000303093197,385
2023-01-02T04:40:00+00:00,1.10000303093197,1.10023495428325,1.0999642871070565,1.1001789063434277,338
2023-01-02T04:45:00+00:00,1.1001789063434277,1.1001822915535364,1.1000609347196955,1.1001154120823216,339
2023-01-02T04:50:00+00:00,1.1001154120823216,1.100230227539274,1.0999109458989613,1.0999700031698652,211
2023-01-02T04:55:00+00:00,1.0999700031698652,1.1001725300454024,1.0999547229519122,1.100161568146925,276
2023-01-02T05:00:00+00:00,1.100161568146925,1.100227119544665,1.1000265203651443,1.1000656175669148,87
2023-01-02T05:05:00+00:00,1.1000656175669148,1.100085933373806,1.0999750377638193,1.1000259679326503,79
2023-01-02T05:10:00+00:00,1.1000259679326503,1.1000561748693427,1.0998975524395365,1.0999821346683294,96
2023-01-02T05:15:00+00:00,1.0999821346683294,1.1000267431983173,1.0997699238663674,1.099809255754536,286
2023-01-02T05:20:00+00:00,1.099809255754536,1.099869305260456,1.0996351718951323,1.0996361784955073,464
2023-01-02T05:25:00+00:00,1.0996361784955073,1.0996652521385548,1.0995998633997157,1.0996139158987859,359
2023-01-02T05:30:00+00:00,1.0996139158987859,1.0996182774520078,1.0995479072978216,1.0995695361304814,478
2023-01-02T05:35:00+00:00,1.0995695361304814,1.09962839057906,1.0995036411996562,1.0995845477339001,308
2023-01-02T05:40:00+00:00,1.0995845477339001,1.0995957733079578,1.0995312785899705,1.0995716549929184,318
2023-01-02T05:45:00+00:00,1.0995716549929184,1.0996007543463282,1.0993314463148156,1.0993356340449052,240
2023-01-02T05:50:00+00:00,1.0993356340449052,1.0994297826788357,1.0993240946510834,1.0994053750688508,76
2023-01-02T05:55:00+00:00,1.0994053750688508,1.0994229870772514,1.0992170443195208,1.0992870484644814,83
2023-01-02T06:00:00+00:00,1.0992870484644814,1.0993430945655338,1.0992099864134792,1.0992388131163178,486
2023-01-02T06:05:00+00:00,1.0992388131163178,1.0993397889402237,1.0991482181572847,1.0992795135906772,497
2023-01-02T06:10:00+00:00,1.0992795135906772,1.099316385492078,1.0992219275018027,1.099299677274614,208
2023-01-02T06:15:00+00:00,1.099299677274614,1.099375512697174,1.099132166059146,1.0991477731959296,250
2023-01-02T06:20:00+00:00,1.0991477731959296,1.0992921410668666,1.0990926507049883,1.0992352396672866,379
2023-01-02T06:25:00+00:00,1.0992352396672866,1.0993117270771986,1.0991467727282722,1.0992880252376398,393
2023-01-02T06:30:00+00:00,1.0992880252376398,1.099403973281303,1.0991218765701505,1.0992322112660713,97
2023-01-02T06:35:00+00:00,1.0992322112660713,1.0992641027946857,1.0991882363626138,1.0992299019128626,235
2023-01-02T06:40:00+00:00,1.0992299019128626,1.0993039648325038,1.0991863128139896,1.0992990526397806,442
2023-01-02T06:45:00+00:00,1.0992990526397806,1.0993347582742141,1.0992747059113601,1.0992777936257936,120
2023-01-02T06:50:00+00:00,1.0992777936257936,1.099350932535833,1.0992636723466236,1.099316307707,326
2023-01-02T06:55:00+00:00,1.099316307707,1.0993691709778737,1.099135389523636,1.099224623031932,69
2023-01-02T07:00:00+00:00,1.099224623031932,1.0993116057152144,1.0990897632573815,1.0991394866613253,128
2023-01-02T07:05:00+00:00,1.0991394866613253,1.0991889053931343,1.0989870871332212,1.0990674444040844,444
2023-01-02T07:10:00+00:00,1.0990674444040844,1.0991436334285787,1.0989432889526398,1.098945980324728,236
2023-01-02T07:15:00+00:00,1.098945980324728,1.0989624162163227,1.0988903426045784,1.098923294438612,277
2023-01-02T07:20:00+00:00,1.098923294438612,1.098976787553349,1.0988137608765864,1.0988214562185863,172
2023-01-02T07:25:00+00:00,1.0988214562185863,1.0988546455498556,1.0986805387652272,1.0987651912366638,290
2023-01-02T07:30:00+00:00,1.0987651912366638,1.0988279279432613,1.0987368923748817,1.0988092945359345,275
2023-01-02T07:35:00+00:00,1.0988092945359345,1.098848800812949,1.0987068083143714,1.098716508483114,245
2023-01-02T07:40:00+00:00,1.098716508483114,1.0987174595430356,1.0986165175114668,1.098634034347201,359
2023-01-02T07:45:00+00:00,1.098634034347201,1.098704791188919,1.0986050560862017,1.0986803230021787,378
2023-01-02T07:50:00+00:00,1.0986803230021787,1.098686182219126,1.0985324653899053,1.0986046689187803,314
2023-01-02T07:55:00+00:00,1.0986046689187803,1.098628987334717,1.0985219422085628,1.0985549030793789,440
2023-01-02T08:00:00+00:00,1.0985549030793789,1.0986485908970454,1.0984609444073825,1.0986024190256025,96
2023-01-02T08:05:00+00:00,1.0986024190256025,1.0986358610600924,1.0985789077550532,1.0985906132396432,280
2023-01-02T08:10:00+00:00,1.0985906132396432,1.0988062869279613,1.0985473809360018,1.0987297331499715,241
2023-01-02T08:15:00+00:00,1.0987297331499715,1.0987859383192728,1.098569013601376,1.0987715382327619,241
2023-01-02T08:20:00+00:00,1.0987715382327619,1.0988267819829298,1.098707204634726,1.0987835388864517,221
2023-01-02T08:25:00+00:00,1.0987835388864517,1.0988652532022571,1.0987572470907363,1.0988582589559128,196
2023-01-02T08:30:00+00:00,1.0988582589559128,1.0989657053003747,1.0988171181893662,1.0989376563785231,290
2023-01-02T08:35:00+00:00,1.0989376563785231,1.098942521944756,1.098819083154964,1.0988207114782618,90
2023-01-02T08:40:00+00:00,1.0988207114782618,1.0988810625727532,1.0987506612145357,1.0988769111794694,361
2023-01-02T08:45:00+00:00,1.0988769111794694,1.0990549457908771,1.0988726965772535,1.0990310380847153,197
2023-01-02T08:50:00+00:00,1.0990310380847153,1.0990604505475738,1.0990258585369006,1.099035038550571,368
2023-01-02T08:55:00+00:00,1.099035038550571,1.0991731300140966,1.0990285859999,1.0991497664606005,305
2023-01-02T09:00:00+00:00,1.0991497664606005,1.099154964906364,1.0991016058906073,1.0991386472933176,123
2023-01-02T09:05:00+00:00,1.0991386472933176,1.0991393647187913,1.0991310360726265,1.0991337403478736,230
2023-01-02T09:10:00+00:00,1.0991337403478736,1.099191311513491,1.0991228999963087,1.0991394976653608,234
2023-01-02T09:15:00+00:00,1.0991394976653608,1.0991951572100247,1.0990860620461254,1.099111268830409,309
2023-01-02T09:20:00+00:00,1.099111268830409,1.099191671658095,1.0990104562130407,1.0991337032641595,72
2023-01-02T09:25:00+00:00,1.0991337032641595,1.0992479332723395,1.0990276899016282,1.0991552610888258,179
2023-01-02T09:30:00+00:00,1.0991552610888258,1.099202252098402,1.0991209834091566,1.0991548298735085,386
2023-01-02T09:35:00+00:00,1.0991548298735085,1.0992396366329487,1.0990928494845282,1.0991801424585008,426
2023-01-02T09:40:00+00:00,1.0991801424585008,1.0992095086463847,1.0991528934620218,1.0991827750700895,379
2023-01-02T09:45:00+00:00,1.0991827750700895,1.0992812395088696,1.09910532667591,1.099241832196549,287
2023-01-02T09:50:00+00:00,1.099241832196549,1.0993401578878292,1.09923072315832,1.0993332981759583,416
2023-01-02T09:55:00+00:00,1.0993332981759583,1.0993824160278434,1.0992787327440743,1.0993733548481834,200
2023-01-02T10:00:00+00:00,1.0993733548481834,1.0995010170022086,1.09934054981413,1.099416592972576,208
2023-01-02T10:05:00+00:00,1.099416592972576,1.0995662420535977,1.0993571063485137,1.099371616336642,328
2023-01-02T10:10:00+00:00,1.099371616336642,1.099373888441277,1.0993261336276294,1.0993509046174923,491
2023-01-02T10:15:00+00:00,1.0993509046174923,1.0993702023424763,1.0992010318538394,1.0992993662521482,219
2023-01-02T10:20:00+00:00,1.0992993662521482,1.099388029075594,1.0992327348852633,1.0992793609746427,275
2023-01-02T10:25:00+00:00,1.0992793609746427,1.0993503943805398,1.0992489715574174,1.099311400299072,145
2023-01-02T10:30:00+00:00,1.099311400299072,1.0993127995565943,1.099164605569958,1.0992184070832305,460
2023-01-02T10:35:00+00:00,1.0992184070832305,1.0992640442953026,1.0991488382446115,1.0991749116445795,270
2023-01-02T10:40:00+00:00,1.0991749116445795,1.0992306980899405,1.0990145650845797,1.0990567946145464,90
2023-01-02T10:45:00+00:00,1.0990567946145464,1.0990764800769888,1.0990008391425587,1.0990377824864555,278
2023-01-02T10:50:00+00:00,1.0990377824864555,1.099069453126138,1.0989540403503117,1.0989712362257347,71
2023-01-02T10:55:00+00:00,1.0989712362257347,1.098987224012275,1.09879391190026,1.0989028807776036,364
2023-01-02T11:00:00+00:00,1.0989028807776036,1.098968275488417,1.0987822908324991,1.0989678099891054,88
2023-01-02T11:05:00+00:00,1.0989678099891054,1.0989920702878255,1.0988993880981093,1.0989443056630792,312
2023-01-02T11:10:00+00:00,1.0989443056630792,1.0990547858443698,1.098917763516333,1.0989832206463825,361
2023-01-02T11:15:00+00:00,1.0989832206463825,1.0990066631916042,1.0989227732515483,1.098971076999269,114
2023-01-02T11:20:00+00:00,1.098971076999269,1.0991342015077084,1.0989382837030828,1.099098608104019,340
2023-01-02T11:25:00+00:00,1.099098608104019,1.099186231213672,1.0990927761647695,1.0991579673031806,280
2023-01-02T11:30:00+00:00,1.0991579673031806,1.0992472601995562,1.0991526039063026,1.0992320174927903,321
2023-01-02T11:35:00+00:00,1.0992320174927903,1.0992611432114068,1.0990964759182327,1.0991287077487721,192
2023-01-02T11:40:00+00:00,1.0991287077487721,1.0991541773700946,1.0991234234097456,1.0991296401054163,248
2023-01-02T11:45:00+00:00,1.0991296401054163,1.0991510662199375,1.0990238568500732,1.0990367945088293,446
2023-01-02T11:50:00+00:00,1.0990367945088293,1.0990910446902238,1.098991017201319,1.0990320113782908,301
2023-01-02T11:55:00+00:00,1.0990320113782908,1.0990403280030794,1.0990056558055594,1.099031349674348,87
2023-01-02T12:00:00+00:00,1.099031349674348,1.0990631033757388,1.0988485396720553,1.0988687118627327,399
2023-01-02T12:05:00+00:00,1.0988687118627327,1.099024913600737,1.0988389960574971,1.0988811428549257,391
2023-01-02T12:10:00+00:00,1.0988811428549257,1.0988961384353437,1.0987634665852022,1.0988651337222293,485
2023-01-02T12:15:00+00:00,1.0988651337222293,1.0989082983549916,1.0987561137427084,1.0988218303393027,408
2023-01-02T12:20:00+00:00,1.0988218303393027,1.0988894550623352,1.0987050946463994,1.0987304906725368,152
2023-01-02T12:25:00+00:00,1.0987304906725368,1.098740091930491,1.098693613176915,1.0987290895574735,302
2023-01-02T12:30:00+00:00,1.0987290895574735,1.0988406539627895,1.0986677813515553,1.0988302080136005,332
2023-01-02T12:35:00+00:00,1.0988302080136005,1.0990081336391633,1.0987546186736679,1.0989369457810938,83
2023-01-02T12:40:00+00:00,1.0989369457810938,1.0991210223650987,1.0988108191605725,1.0988226882671983,443
2023-01-02T12:45:00+00:00,1.0988226882671983,1.0988777822381826,1.0986924368282673,1.0987276762175915,114
2023-01-02T12:50:00+00:00,1.0987276762175915,1.0988538896930915,1.0986558838525944,1.0988415090625174,226
2023-01-02T12:55:00+00:00,1.0988415090625174,1.09894473507631,1.0987736783226847,1.0988796887805576,332
2023-01-02T13:00:00+00:00,1.0988796887805576,1.0989040799673253,1.0987961147624625,1.0988481551071858,494
2023-01-02T13:05:00+00:00,1.0988481551071858,1.0988723564862029,1.0988222892639514,1.098831073278799,128
2023-01-02T13:10:00+00:00,1.098831073278799,1.09885909454479,1.0987832675991474,1.0988160466315442,315
2023-01-02T13:15:00+00:00,1.0988160466315442,1.098892430992355,1.0987347781916983,1.0987940849440287,178
2023-01-02T13:20:00+00:00,1.0987940849440287,1.0989792740989568,1.0987833682148476,1.0988611972836868,364
2023-01-02T13:25:00+00:00,1.0988611972836868,1.099030551665572,1.0988488594056043,1.0989727648975935,136
2023-01-02T13:30:00+00:00,1.0989727648975935,1.0990087157399944,1.0988519492796311,1.0988851988572867,359
2023-01-02T13:35:00+00:00,1.0988851988572867,1.0990439301366455,1.0987884753993693,1.0989845579109527,71
2023-01-02T13:40:00+00:00,1.0989845579109527,1.0990048149888518,1.098915846218005,1.0989941340159763,345
2023-01-02T13:45:00+00:00,1.0989941340159763,1.0990304207112502,1.0989598744017648,1.0990272569400235,342
2023-01-02T13:50:00+00:00,1.0990272569400235,1.099062975018712,1.0988589927192505,1.0989292232945942,198
2023-01-02T13:55:00+00:00,1.0989292232945942,1.098958082867223,1.0988962265419422,1.0989314451232768,175
2023-01-02T14:00:00+00:00,1.0989314451232768,1.0990448029430246,1.0989257295335926,1.0989732471375062,80
2023-01-02T14:05:00+00:00,1.0989732471375062,1.0990321498241997,1.0989298262949285,1.099003853808849,287
2023-01-02T14:10:00+00:00,1.099003853808849,1.0991012973420955,1.0989733552481846,1.0990358238559332,425
2023-01-02T14:15:00+00:00,1.0990358238559332,1.0992001921172354,1.0990323635731738,1.0991542959717757,254
2023-01-02T14:20:00+00:00,1.0991542959717757,1.0992427823105204,1.0991137055682405,1.0992075543030981,288
2023-01-02T14:25:00+00:00,1.0992075543030981,1.0992467873849532,1.0991438648242307,1.0991818947995378,122
2023-01-02T14:30:00+00:00,1.0991818947995378,1.0992607479769962,1.099130292628079,1.0992370895812205,177
2023-01-02T14:35:00+00:00,1.0992370895812205,1.0994163944890727,1.0992120369157343,1.0993115031801841,466
2023-01-02T14:40:00+00:00,1.0993115031801841,1.0993695355887798,1.099230645199698,1.0992632251440135,305
2023-01-02T14:45:00+00:00,1.0992632251440135,1.0994454877861164,1.099261805193282,1.0993894305032752,500
2023-01-02T14:50:00+00:00,1.0993894305032752,1.0993995342476166,1.0993281821614513,1.0993840373681516,173
2023-01-02T14:55:00+00:00,1.0993840373681516,1.0993941724612237,1.0993073110845835,1.0993528469399705,75
2023-01-02T15:00:00+00:00,1.0993528469399705,1.0994189995991286,1.0992914014201527,1.0993325562424554,196
2023-01-02T15:05:00+00:00,1.0993325562424554,1.099426905813324,1.0992114830037103,1.0992336275582586,270
2023-01-02T15:10:00+00:00,1.0992336275582586,1.0993054672203593,1.099199842686021,1.099276244616558,73
2023-01-02T15:15:00+00:00,1.099276244616558,1.0993905085161662,1.0992382394320457,1.0993377948338485,149
2023-01-02T15:20:00+00:00,1.0993377948338485,1.0993691672667123,1.0992544087196687,1.0992957470819897,331
2023-01-02T15:25:00+00:00,1.0992957470819897,1.0993818108871045,1.0991480581187827,1.099353906252294,398
2023-01-02T15:30:00+00:00,1.099353906252294,1.0993707656001936,1.0992828852301277,1.0993225674154925,223
2023-01-02T15:35:00+00:00,1.0993225674154925,1.0994121272674942,1.0993056131528334,1.0993675404841219,123
2023-01-02T15:40:00+00:00,1.0993675404841219,1.0994550229440665,1.0993523152379143,1.0993984050675223,120
2023-01-02T15:45:00+00:00,1.0993984050675223,1.099419698475849,1.0993104939673932,1.0993992297043238,315
2023-01-02T15:50:00+00:00,1.0993992297043238,1.099417454925648,1.0992504371649559,1.0992948041344546,363
2023-01-02T15:55:00+00:00,1.0992948041344546,1.0993156566318671,1.0992433052936814,1.0992887027796798,365
2023-01-02T16:00:00+00:00,1.0992887027796798,1.0993307731237716,1.0992365412184506,1.0992850153070002,322
2023-01-02T16:05:00+00:00,1.0992850153070002,1.0994786486542547,1.099280914186273,1.0994144503309098,293
2023-01-02T16:10:00+00:00,1.0994144503309098,1.0994899700928218,1.0993500654855923,1.0994460733461526,348
2023-01-02T16:15:00+00:00,1.0994460733461526,1.0994840113727853,1.0991483624531369,1.099248424252655,496
2023-01-02T16:20:00+00:00,1.099248424252655,1.0992591756054269,1.0991132250562572,1.0992422041884997,450
2023-01-02T16:25:00+00:00,1.0992422041884997,1.0993409824878726,1.0992307244538873,1.0992762709067694,166
2023-01-02T16:30:00+00:00,1.0992762709067694,1.0993413839975765,1.099224458753712,1.0992581821702665,367
2023-01-02T16:35:00+00:00,1.0992581821702665,1.0993654502978862,1.099209860333532,1.0993579194078147,470
2023-01-02T16:40:00+00:00,1.0993579194078147,1.099369403401262,1.09932735190483,1.0993502119203353,59
2023-01-02T16:45:00+00:00,1.0993502119203353,1.0993987659655686,1.0993198481518789,1.0993387064905675,261
2023-01-02T16:50:00+00:00,1.0993387064905675,1.0993865508352394,1.099291929324303,1.0993095123768715,496
2023-01-02T16:55:00+00:00,1.0993095123768715,1.0993562291862962,1.099066825848908,1.0991325246085193,411
2023-01-02T17:00:00+00:00,1.0991325246085193,1.0991946274775248,1.0990990598284072,1.0991686278838757,319
2023-01-02T17:05:00+00:00,1.0991686278838757,1.0993640687334816,1.0990810595106841,1.099274468966456,285
2023-01-02T17:10:00+00:00,1.099274468966456,1.0993616694871613,1.0992220787135225,1.0993376606643461,419
2023-01-02T17:15:00+00:00,1.0993376606643461,1.0994855985849743,1.099255849551244,1.099447568482531,185
2023-01-02T17:20:00+00:00,1.099447568482531,1.0994684078907386,1.0994067422392175,1.0994081396789053,165
2023-01-02T17:25:00+00:00,1.0994081396789053,1.0996436882122484,1.099357105977502,1.0995111917542062,444
2023-01-02T17:30:00+00:00,1.0995111917542062,1.0995442529660115,1.0994866135461394,1.0994987986841174,228
2023-01-02T17:35:00+00:00,1.0994987986841174,1.0996072053732215,1.099389241393496,1.0994325472850093,419
2023-01-02T17:40:00+00:00,1.0994325472850093,1.0995699141055577,1.0993306749456468,1.0995178420473362,469
2023-01-02T17:45:00+00:00,1.0995178420473362,1.0997185993500829,1.0994466606667286,1.0996701364313073,124
2023-01-02T17:50:00+00:00,1.0996701364313073,1.0997099933886227,1.0996419091057985,1.099652210063124,276
2023-01-02T17:55:00+00:00,1.099652210063124,1.0996984076761593,1.0995100624508238,1.0995789413568697,159
2023-01-02T18:00:00+00:00,1.0995789413568697,1.0996664848071094,1.0995084968299507,1.0996070968541134,120
2023-01-02T18:05:00+00:00,1.0996070968541134,1.0996706666392768,1.0995032213043257,1.099555292546354,172
2023-01-02T18:10:00+00:00,1.099555292546354,1.0996339279391147,1.0994853712293275,1.0995595749628344,76
2023-01-02T18:15:00+00:00,1.0995595749628344,1.0995957639403144,1.0995097532251084,1.0995361148912597,291
2023-01-02T18:20:00+00:00,1.0995361148912597,1.0996962474174228,1.099472930849796,1.0996455663125695,130
2023-01-02T18:25:00+00:00,1.0996455663125695,1.0997449788972729,1.0995810134862212,1.099647499451293,499
2023-01-02T18:30:00+00:00,1.099647499451293,1.099658526645253,1.0995299556887,1.0995314835541221,196
2023-01-02T18:35:00+00:00,1.0995314835541221,1.0995979300675762,1.0993776666812825,1.0994643342610173,95
2023-01-02T18:40:00+00:00,1.0994643342610173,1.0994940468616012,1.099422551878673,1.0994294733257088,69
2023-01-02T18:45:00+00:00,1.0994294733257088,1.0994559964192714,1.0992564995292071,1.0992725860939487,478
2023-01-02T18:50:00+00:00,1.0992725860939487,1.0994522780256748,1.099222303424341,1.0993519881252327,303
2023-01-02T18:55:00+00:00,1.0993519881252327,1.0993843754608017,1.0992726312241747,1.0993491990762285,496
2023-01-02T19:00:00+00:00,1.0993491990762285,1.0995400284835182,1.0992845307200312,1.0994941770130493,104
2023-01-02T19:05:00+00:00,1.0994941770130493,1.0995395300135438,1.0994745495018385,1.0994988493221822,282
2023-01-02T19:10:00+00:00,1.0994988493221822,1.0996016978774557,1.0993808318877167,1.0995974138127635,485
2023-01-02T19:15:00+00:00,1.0995974138127635,1.0996431793538508,1.099596357486521,1.099603280634288,464
2023-01-02T19:20:00+00:00,1.099603280634288,1.0996574794287384,1.0995659957666786,1.0996381203132284,145
2023-01-02T19:25:00+00:00,1.0996381203132284,1.099697675474622,1.0996341132165537,1.099652512539711,201
2023-01-02T19:30:00+00:00,1.099652512539711,1.0996872721932376,1.0994841289030044,1.0995285567686075,257
2023-01-02T19:35:00+00:00,1.0995285567686075,1.0996957745984166,1.0994752869534898,1.0996677879414818,94
2023-01-02T19:40:00+00:00,1.0996677879414818,1.0996808523664012,1.0995807490122902,1.0996373390063514,177
2023-01-02T19:45:00+00:00,1.0996373390063514,1.0996864779488869,1.0996234040458035,1.0996255141347837,278
2023-01-02T19:50:00+00:00,1.0996255141347837,1.0997529005563214,1.099599831250581,1.099628840982056,55
2023-01-02T19:55:00+00:00,1.099628840982056,1.0997523044656705,1.0995817642556198,1.0997488811233505,170
2023-01-02T20:00:00+00:00,1.0997488811233505,1.0997941775659053,1.09973106724141,1.0997846339433692,307
2023-01-02T20:05:00+00:00,1.0997846339433692,1.099952321209195,1.099736049125637,1.09985970943927,444
2023-01-02T20:10:00+00:00,1.09985970943927,1.0998828876812814,1.0998072652293946,1.099843402877767,364
2023-01-02T20:15:00+00:00,1.099843402877767,1.099866278965511,1.0996849036083072,1.0998084008149867,294
2023-01-02T20:20:00+00:00,1.0998084008149867,1.0999510174471652,1.099767582856376,1.0998829190624804,331
2023-01-02T20:25:00+00:00,1.0998829190624804,1.0999547479088756,1.0997865810553975,1.099830413732983,460
2023-01-02T20:30:00+00:00,1.099830413732983,1.099860525158289,1.0997988557453993,1.0998001906684676,497
2023-01-02T20:35:00+00:00,1.0998001906684676,1.0999471440150057,1.0997408124527772,1.0999329395809834,320
2023-01-02T20:40:00+00:00,1.0999329395809834,1.0999522592345905,1.0999059175800898,1.0999223392555548,330
2023-01-02T20:45:00+00:00,1.0999223392555548,1.0999498792437272,1.0998905172427043,1.0999097724986098,324
2023-01-02T20:50:00+00:00,1.0999097724986098,1.0999864532587784,1.0998851186765934,1.099950402682505,155
2023-01-02T20:55:00+00:00,1.099950402682505,1.0999623563822991,1.0998872965634814,1.0999439742000703,311
2023-01-02T21:00:00+00:00,1.0999439742000703,1.0999496566479547,1.0998821160015861,1.0999171188196475,338
2023-01-02T21:05:00+00:00,1.0999171188196475,1.1000289568500194,1.0998973511484733,1.0999768776808656,463
2023-01-02T21:10:00+00:00,1.0999768776808656,1.0999866754505052,1.099969410496239,1.0999695193084191,161
2023-01-02T21:15:00+00:00,1.0999695193084191,1.0999877920456411,1.0999623275674728,1.0999743750386461,226
2023-01-02T21:20:00+00:00,1.0999743750386461,1.10003377921749,1.099843911643465,1.0999423871577576,291
2023-01-02T21:25:00+00:00,1.0999423871577576,1.1000539573265238,1.0999322318105949,1.1000037035743842,443
2023-01-02T21:30:00+00:00,1.1000037035743842,1.100131744581372,1.0999869895378374,1.1000778938935298,241
2023-01-02T21:35:00+00:00,1.1000778938935298,1.1001269384026633,1.0998699841631543,1.0998721869226593,495
2023-01-02T21:40:00+00:00,1.0998721869226593,1.0999626167833783,1.099759240185686,1.099938394193644,497
2023-01-02T21:45:00+00:00,1.099938394193644,1.100107345563651,1.0999205997345232,1.100036753697326,228
2023-01-02T21:50:00+00:00,1.100036753697326,1.1003267750696628,1.1000163291559177,1.100220175833157,164
2023-01-02T21:55:00+00:00,1.100220175833157,1.1002874900757451,1.100147822477995,1.1002448098092086,202
2023-01-02T22:00:00+00:00,1.1002448098092086,1.1002631650101222,1.1000760081222314,1.1001193936685816,167
2023-01-02T22:05:00+00:00,1.1001193936685816,1.1001546049718298,1.100073307424527,1.1001538844780816,191
2023-01-02T22:10:00+00:00,1.1001538844780816,1.1003085350808235,1.1001526410548943,1.1002140536973508,388
2023-01-02T22:15:00+00:00,1.1002140536973508,1.1002885402463143,1.1001509043001592,1.1001923176728838,58
2023-01-02T22:20:00+00:00,1.1001923176728838,1.1002113395880437,1.1001471411463766,1.1001927086182304,394
2023-01-02T22:25:00+00:00,1.1001927086182304,1.1001972785535772,1.1001278039393863,1.1001429241338823,429
2023-01-02T22:30:00+00:00,1.1001429241338823,1.1002390254338947,1.100061739819278,1.1002242753852465,447
2023-01-02T22:35:00+00:00,1.1002242753852465,1.1002797929295398,1.1001692152284686,1.1001897736631674,198
2023-01-02T22:40:00+00:00,1.1001897736631674,1.1003169635545107,1.100131504608083,1.1002061217727208,445
2023-01-02T22:45:00+00:00,1.1002061217727208,1.1002266880298275,1.1001175752647208,1.1001564369993753,204
2023-01-02T22:50:00+00:00,1.1001564369993753,1.1004234712861014,1.1001052399904183,1.100321245685716,190
2023-01-02T22:55:00+00:00,1.100321245685716,1.100434211464508,1.1002633688187053,1.1003088832897314,500
2023-01-02T23:00:00+00:00,1.1003088832897314,1.1003397763264395,1.1002753431896632,1.1003029180873687,74
2023-01-02T23:05:00+00:00,1.1003029180873687,1.100420284578103,1.100189036130175,1.1002096792983436,393
2023-01-02T23:10:00+00:00,1.1002096792983436,1.1002510882141598,1.100119779477747,1.1001367326881375,203
2023-01-02T23:15:00+00:00,1.1001367326881375,1.1001965214767315,1.099999339934173,1.1000580415857277,292
2023-01-02T23:20:00+00:00,1.1000580415857277,1.10009559806216,1.1000405796902528,1.1000599248563137,287
2023-01-02T23:25:00+00:00,1.1000599248563137,1.1001152012128812,1.0999908987034703,1.1000237105002377,263
2023-01-02T23:30:00+00:00,1.1000237105002377,1.1000331608472707,1.0999806608648308,1.099982173135249,381
2023-01-02T23:35:00+00:00,1.099982173135249,1.1000827497017753,1.099956122728562,1.1000347015619187,239
2023-01-02T23:40:00+00:00,1.1000347015619187,1.1001848057522212,1.1000202590064487,1.100140736844031,394
2023-01-02T23:45:00+00:00,1.100140736844031,1.100209486988806,1.1001320332578666,1.100198261944169,87
2023-01-02T23:50:00+00:00,1.100198261944169,1.1003266012059212,1.1001879794988028,1.1002482308175912,295
2023-01-02T23:55:00+00:00,1.1002482308175912,1.1002760702232788,1.1000404858375805,1.1001458542942117,205
2023-01-03T00:00:00+00:00,1.1001458542942117,1.1001603941586617,1.1000277854405878,1.100158049167512,110
2023-01-03T00:05:00+00:00,1.100158049167512,1.1001596918249346,1.099994204758324,1.1000779672041612,174
2023-01-03T00:10:00+00:00,1.1000779672041612,1.1001514536986188,1.1000053453782015,1.100034799036832,214
2023-01-03T00:15:00+00:00,1.100034799036832,1.1000770389849222,1.0999864825582015,1.1000692264056011,323
2023-01-03T00:20:00+00:00,1.1000692264056011,1.1001037622171361,1.0999612195309247,1.1000270380958546,288
2023-01-03T00:25:00+00:00,1.1000270380958546,1.1002684064893926,1.0999451196847816,1.100153556717405,290
2023-01-03T00:30:00+00:00,1.100153556717405,1.100201143733178,1.1001409825187975,1.10015732886866,73
2023-01-03T00:35:00+00:00,1.10015732886866,1.1002549641277255,1.1001437912887522,1.1002222958755319,124
2023-01-03T00:40:00+00:00,1.1002222958755319,1.1003284326359226,1.1001533790739988,1.1003219746071393,201
2023-01-03T00:45:00+00:00,1.1003219746071393,1.1003477188799746,1.1002197186924025,1.1002563057805854,244
2023-01-03T00:50:00+00:00,1.1002563057805854,1.100272248968938,1.100086714990518,1.1002005503076282,222
2023-01-03T00:55:00+00:00,1.1002005503076282,1.1002048225102905,1.1000464602653277,1.1001391973004226,420
2023-01-03T01:00:00+00:00,1.1001391973004226,1.10018433549297,1.100035630550318,1.1000793754206588,136
2023-01-03T01:05:00+00:00,1.1000793754206588,1.1002421458264733,1.1000309334426688,1.1002020498711604,144
2023-01-03T01:10:00+00:00,1.1002020498711604,1.1003185320904412,1.1001911140524856,1.1002873625677105,67
2023-01-03T01:15:00+00:00,1.1002873625677105,1.100297795186559,1.100247702420627,1.10026435625151,468
2023-01-03T01:20:00+00:00,1.10026435625151,1.1003383877507784,1.100114198540895,1.100196138080749,168
2023-01-03T01:25:00+00:00,1.100196138080749,1.1003012836561812,1.100184287150394,1.1002752411810204,161
2023-01-03T01:30:00+00:00,1.1002752411810204,1.1002769816454974,1.100141887187506,1.1001966064787312,365
2023-01-03T01:35:00+00:00,1.1001966064787312,1.1002592273764642,1.100077006139708,1.100115244316341,58
2023-01-03T01:40:00+00:00,1.100115244316341,1.1002177578901264,1.1000540228897264,1.1002151274492775,190
2023-01-03T01:45:00+00:00,1.1002151274492775,1.1002611434385623,1.1002059759087828,1.1002210755598993,307
2023-01-03T01:50:00+00:00,1.1002210755598993,1.100335059873523,1.1001831706744818,1.1002660123641153,104
2023-01-03T01:55:00+00:00,1.1002660123641153,1.1003190652366326,1.1000699790262265,1.1000999978505437,173
2023-01-03T02:00:00+00:00,1.1000999978505437,1.1001906520710005,1.1000842868567742,1.1001335406902797,253
2023-01-03T02:05:00+00:00,1.1001335406902797,1.1002447846931664,1.1000140387014505,1.1000743059128726,285
2023-01-03T02:10:00+00:00,1.1000743059128726,1.100134726208709,1.0998380888227512,1.0998495581575565,484
2023-01-03T02:15:00+00:00,1.0998495581575565,1.10010354701367,1.0997744899647446,1.0999682434636804,382
2023-01-03T02:20:00+00:00,1.0999682434636804,1.099991132273146,1.099922210386829,1.099969017896288,78
2023-01-03T02:25:00+00:00,1.099969017896288,1.100088334599379,1.09991002633022,1.1000374670791813,92
2023-01-03T02:30:00+00:00,1.1000374670791813,1.1000375145367984,1.099936923268387,1.0999507660728318,489
2023-01-03T02:35:00+00:00,1.0999507660728318,1.1000554445411987,1.0998311010763162,1.0998484636941308,71
2023-01-03T02:40:00+00:00,1.0998484636941308,1.0999756596987416,1.09982552274415,1.0998689316435863,188
2023-01-03T02:45:00+00:00,1.0998689316435863,1.0998877506612263,1.0997651562286865,1.099770824519724,193
2023-01-03T02:50:00+00:00,1.099770824519724,1.0998906067537149,1.0996583414420216,1.099852539477959,211
2023-01-03T02:55:00+00:00,1.099852539477959,1.0999228285693627,1.099849193138614,1.0998889248919264,123
2023-01-03T03:00:00+00:00,1.0998889248919264,1.0999683179743924,1.0998728654876844,1.0998893553965354,133
2023-01-03T03:05:00+00:00,1.0998893553965354,1.099966601863043,1.0998640628013678,1.0999070883158517,484
2023-01-03T03:10:00+00:00,1.0999070883158517,1.0999754076042652,1.0997337789362038,1.0997750115276825,121
2023-01-03T03:15:00+00:00,1.0997750115276825,1.0999098697084853,1.099701021913743,1.099890625385142,90
2023-01-03T03:20:00+00:00,1.099890625385142,1.0998912994852448,1.099622180597928,1.0996727606034293,479
2023-01-03T03:25:00+00:00,1.0996727606034293,1.099760326986823,1.0996414263451355,1.0996997906483654,364
2023-01-03T03:30:00+00:00,1.0996997906483654,1.0997897113508954,1.099697982430267,1.0997756444812932,189
2023-01-03T03:35:00+00:00,1.0997756444812932,1.0997870934679608,1.0997013718107613,1.099754879847373,166
2023-01-03T03:40:00+00:00,1.099754879847373,1.0998485426321578,1.099567412833324,1.0996360486393844,388
2023-01-03T03:45:00+00:00,1.0996360486393844,1.0997475334495663,1.0995772073472536,1.0996848164416482,201
2023-01-03T03:50:00+00:00,1.0996848164416482,1.099796491669745,1.0996596372997143,1.0997210518759801,414
2023-01-03T03:55:00+00:00,1.0997210518759801,1.0997486340297062,1.099692760570588,1.0997425169737776,249
2023-01-03T04:00:00+00:00,1.0997425169737776,1.0997641988781583,1.0996828045110076,1.0997257092499022,234
2023-01-03T04:05:00+00:00,1.0997257092499022,1.0997282456949757,1.0997025472386963,1.0997265916231402,94
2023-01-03T04:10:00+00:00,1.0997265916231402,1.0998091132122285,1.099678388638354,1.0997587045549024,63
2023-01-03T04:15:00+00:00,1.0997587045549024,1.0998124499357063,1.0996957933355611,1.0997297209124057,355
2023-01-03T04:20:00+00:00,1.0997297209124057,1.0997553075823898,1.0996393330409613,1.0996705328395473,248
2023-01-03T04:25:00+00:00,1.0996705328395473,1.0997276905025373,1.0995915532548826,1.0997130512498512,336
2023-01-03T04:30:00+00:00,1.0997130512498512,1.0999724311652244,1.0996856325078315,1.0998948520684688,244
2023-01-03T04:35:00+00:00,1.0998948520684688,1.0999140257883229,1.0998375655512904,1.0998721852466793,187
2023-01-03T04:40:00+00:00,1.0998721852466793,1.0998729660035722,1.099793991998895,1.0998419294352084,297
2023-01-03T04:45:00+00:00,1.0998419294352084,1.0998835932413942,1.0997955918309488,1.0998739465811176,176
2023-01-03T04:50:00+00:00,1.0998739465811176,1.0999314855811229,1.0998144480209666,1.0998555641260679,119
2023-01-03T04:55:00+00:00,1.0998555641260679,1.0998966135339674,1.0996801770150728,1.0997949695088187,220
2023-01-03T05:00:00+00:00,1.0997949695088187,1.0998771872020763,1.0997600668289962,1.099836183755354,270
2023-01-03T05:05:00+00:00,1.099836183755354,1.0998757969645119,1.099678392146062,1.0997691877073006,354
2023-01-03T05:10:00+00:00,1.0997691877073006,1.0998471628761533,1.0997375260001774,1.099813977206965,210
2023-01-03T05:15:00+00:00,1.099813977206965,1.0998361081303727,1.0997499213056128,1.0997951949368103,213
2023-01-03T05:20:00+00:00,1.0997951949368103,1.0998696457197668,1.0996967089178336,1.0997620924665676,174
2023-01-03T05:25:00+00:00,1.0997620924665676,1.0997852623960849,1.0997260619068452,1.0997666504674914,452
2023-01-03T05:30:00+00:00,1.0997666504674914,1.0997819712723884,1.0996728674175762,1.0997345216040313,329
2023-01-03T05:35:00+00:00,1.0997345216040313,1.0997709277264003,1.099614042186776,1.0996913173821332,63
2023-01-03T05:40:00+00:00,1.0996913173821332,1.0997913236111387,1.0996774258729407,1.0997751314715765,199
2023-01-03T05:45:00+00:00,1.0997751314715765,1.0997843842089987,1.0996742375495845,1.0996907517583145,484
2023-01-03T05:50:00+00:00,1.0996907517583145,1.0997618098232158,1.099619924847492,1.0997126136820872,173
2023-01-03T05:55:00+00:00,1.0997126136820872,1.099713101139409,1.0996828232635252,1.0997117505619343,266
2023-01-03T06:00:00+00:00,1.0997117505619343,1.0997370280524088,1.0996547316684209,1.099718014456984,255
2023-01-03T06:05:00+00:00,1.099718014456984,1.099828748498779,1.0996870282979492,1.0997113185669938,495
2023-01-03T06:10:00+00:00,1.0997113185669938,1.0997697939622793,1.0996621282973382,1.0996740732099912,465
2023-01-03T06:15:00+00:00,1.0996740732099912,1.0997434604380205,1.0995832689287777,1.0995996536716832,93
2023-01-03T06:20:00+00:00,1.0995996536716832,1.0996689717710708,1.0995842509659748,1.099645011273965,363
2023-01-03T06:25:00+00:00,1.099645011273965,1.0997828637062792,1.0995627729777968,1.0996021630662272,396
2023-01-03T06:30:00+00:00,1.0996021630662272,1.0997061405776416,1.0994309066055095,1.0994746533625122,104
2023-01-03T06:35:00+00:00,1.0994746533625122,1.0996362489196878,1.0994720910342928,1.0995976426679632,311
2023-01-03T06:40:00+00:00,1.0995976426679632,1.0996615219033234,1.0995807718664583,1.0995942622140957,241
2023-01-03T06:45:00+00:00,1.0995942622140957,1.0996609313489811,1.099486282658087,1.0995406405962371,351
2023-01-03T06:50:00+00:00,1.0995406405962371,1.0995672450560035,1.0994651551130146,1.099522562968708,201
2023-01-03T06:55:00+00:00,1.099522562968708,1.0996329026948766,1.0994555325557493,1.0995198778033148,109
2023-01-03T07:00:00+00:00,1.0995198778033148,1.09965242937325,1.0994933274449616,1.0995818362219276,451
2023-01-03T07:05:00+00:00,1.0995818362219276,1.099655630142403,1.0995265053754977,1.0996402566643384,293
2023-01-03T07:10:00+00:00,1.0996402566643384,1.0997896212653886,1.0996224364741962,1.0997435682413046,72
2023-01-03T07:15:00+00:00,1.0997435682413046,1.0997601195612317,1.0997205902739937,1.0997509908732592,484
2023-01-03T07:20:00+00:00,1.0997509908732592,1.099771055872376,1.099692716217141,1.0997283759491616,429
2023-01-03T07:25:00+00:00,1.0997283759491616,1.0997295597748658,1.0995206679339473,1.0995516057001415,131
2023-01-03T07:30:00+00:00,1.0995516057001415,1.0995976412080555,1.0994222889480334,1.0995091547792468,372
2023-01-03T07:35:00+00:00,1.0995091547792468,1.0995702043982054,1.0994436164708439,1.0995415750101287,271
2023-01-03T07:40:00+00:00,1.0995415750101287,1.0995914521630896,1.0993960029545857,1.0994365527350742,269
2023-01-03T07:45:00+00:00,1.0994365527350742,1.0994963631219705,1.0993263802838003,1.0993766011773995,155
2023-01-03T07:50:00+00:00,1.0993766011773995,1.0994533606379528,1.0993344285884858,1.0993531348322552,459
2023-01-03T07:55:00+00:00,1.0993531348322552,1.099375446271508,1.0992279645974514,1.0992511394441264,216
2023-01-03T08:00:00+00:00,1.0992511394441264,1.0992858748068133,1.0992234316171314,1.0992626267792454,377
2023-01-03T08:05:00+00:00,1.0992626267792454,1.099281868589799,1.0991340607670654,1.0991797783037272,250
2023-01-03T08:10:00+00:00,1.0991797783037272,1.0992038149176167,1.0990760776142396,1.099115219719784,466
2023-01-03T08:15:00+00:00,1.099115219719784,1.0991566920420102,1.0989427085356236,1.0990223489411604,364
2023-01-03T08:20:00+00:00,1.0990223489411604,1.0990624250013261,1.098905911902396,1.098920185926309,109
2023-01-03T08:25:00+00:00,1.098920185926309,1.0990046987960984,1.098850002774509,1.0989732985139333,311
2023-01-03T08:30:00+00:00,1.0989732985139333,1.0990167326357456,1.0988428142817521,1.0988895671960897,299
2023-01-03T08:35:00+00:00,1.0988895671960897,1.0989402313728478,1.0987923741368908,1.0988502078186626,380
2023-01-03T08:40:00+00:00,1.0988502078186626,1.0989065987629214,1.0988296112087297,1.0988935892397487,145
2023-01-03T08:45:00+00:00,1.0988935892397487,1.0989710878537193,1.0988432788409594,1.0989494740432715,77
2023-01-03T08:50:00+00:00,1.0989494740432715,1.0991710154376657,1.0989166831208335,1.0990789057326673,246
2023-01-03T08:55:00+00:00,1.0990789057326673,1.0991404433825493,1.0990655369735531,1.0990826360278074,303
2023-01-03T09:00:00+00:00,1.0990826360278074,1.099114071388727,1.098989543995206,1.0990029667849073,135
2023-01-03T09:05:00+00:00,1.0990029667849073,1.0990138348483969,1.0989114360183698,1.0989176505038647,439
2023-01-03T09:10:00+00:00,1.0989176505038647,1.098932760776692,1.0989111545757304,1.0989200890134816,449
2023-01-03T09:15:00+00:00,1.0989200890134816,1.0990633579275089,1.0988982659021544,1.0989839363685632,442
2023-01-03T09:20:00+00:00,1.0989839363685632,1.0989856967918596,1.0988515169730806,1.0988869527632992,328
2023-01-03T09:25:00+00:00,1.0988869527632992,1.098908195021021,1.0988148968050673,1.0988577231876222,471
2023-01-03T09:30:00+00:00,1.0988577231876222,1.0989465212627596,1.098824965548847,1.0988621251590542,267
2023-01-03T09:35:00+00:00,1.0988621251590542,1.098956308500079,1.0988056426462183,1.09888099853869,434
2023-01-03T09:40:00+00:00,1.09888099853869,1.0989840857067954,1.0988427505293823,1.0988821685421304,491
2023-01-03T09:45:00+00:00,1.0988821685421304,1.098915262220316,1.0988330592652293,1.098893374464534,110
2023-01-03T09:50:00+00:00,1.098893374464534,1.0989377449793607,1.0988685920925305,1.0989014494536622,229
2023-01-03T09:55:00+00:00,1.0989014494536622,1.098945549540439,1.098748620556112,1.09880121886993,269
2023-01-03T10:00:00+00:00,1.09880121886993,1.0988455794685097,1.0987920528719755,1.0988219267726294,80
2023-01-03T10:05:00+00:00,1.0988219267726294,1.0989287948249085,1.0987956558729441,1.098873033945994,355
2023-01-03T10:10:00+00:00,1.098873033945994,1.0988836988530941,1.0987912491432508,1.0988030141923733,186
2023-01-03T10:15:00+00:00,1.0988030141923733,1.0988604458988172,1.0987205622081968,1.09873827106535,397
2023-01-03T10:20:00+00:00,1.09873827106535,1.0987788674110066,1.0987382406073907,1.098754108156068,80
2023-01-03T10:25:00+00:00,1.098754108156068,1.09885443936094,1.0986656171122628,1.0986703573144703,114
2023-01-03T10:30:00+00:00,1.0986703573144703,1.0986958039609231,1.0986294225043747,1.0986561713698122,176
2023-01-03T10:35:00+00:00,1.0986561713698122,1.0987162950674425,1.0985812752689479,1.098710886383872,300
2023-01-03T10:40:00+00:00,1.098710886383872,1.0988355889188777,1.0986772092435657,1.098780474412369,88
2023-01-03T10:45:00+00:00,1.098780474412369,1.0988492451437455,1.0986466302784448,1.098723292646176,97
2023-01-03T10:50:00+00:00,1.098723292646176,1.0987710011306224,1.0985779368080635,1.0986128112619609,282
2023-01-03T10:55:00+00:00,1.0986128112619609,1.0986551760127574,1.0984436745007833,1.0984573649092007,51
2023-01-03T11:00:00+00:00,1.0984573649092007,1.098632473338399,1.0983458240272208,1.0985613734562996,375
2023-01-03T11:05:00+00:00,1.0985613734562996,1.0987024657893991,1.098520969724837,1.0986782767771512,82
2023-01-03T11:10:00+00:00,1.0986782767771512,1.0987480129810192,1.0985868118420834,1.0986997223972181,303
2023-01-03T11:15:00+00:00,1.0986997223972181,1.0987106306013776,1.0985754264797183,1.098668659059601,222
2023-01-03T11:20:00+00:00,1.098668659059601,1.0986764070133386,1.0985739647505508,1.0986268322668786,399
2023-01-03T11:25:00+00:00,1.0986268322668786,1.0986280117998528,1.0984974086601769,1.0985126981211488,370
2023-01-03T11:30:00+00:00,1.0985126981211488,1.0985843136809084,1.0984425524709907,1.0985300952633252,275
2023-01-03T11:35:00+00:00,1.0985300952633252,1.0987892007218913,1.098488259046428,1.098639898319137,269
2023-01-03T11:40:00+00:00,1.098639898319137,1.0987475782390432,1.0985909409678145,1.0986746045330182,131
2023-01-03T11:45:00+00:00,1.0986746045330182,1.0988307567286344,1.0986020193273338,1.0987586955901967,97
2023-01-03T11:50:00+00:00,1.0987586955901967,1.0987900367104906,1.0986480923383872,1.098723067173815,134
2023-01-03T11:55:00+00:00,1.098723067173815,1.098912931892784,1.0987006618904092,1.098846522458003,421
2023-01-03T12:00:00+00:00,1.098846522458003,1.0988812164415556,1.0987832731182625,1.098826911133342,50
2023-01-03T12:05:00+00:00,1.098826911133342,1.0988314998531925,1.098702524058289,1.0987221368506908,353
2023-01-03T12:10:00+00:00,1.0987221368506908,1.098813411147281,1.0986451512048583,1.0987387763236842,468
2023-01-03T12:15:00+00:00,1.0987387763236842,1.0988166803096209,1.0986705926834426,1.0987446128162686,405
2023-01-03T12:20:00+00:00,1.0987446128162686,1.0987780862842915,1.098684508679505,1.0987639373892948,102
2023-01-03T12:25:00+00:00,1.0987639373892948,1.0988876038029656,1.0987350310673603,1.0988494555719068,203
2023-01-03T12:30:00+00:00,1.0988494555719068,1.0990032632368978,1.0988489252807057,1.0989378743795384,396
2023-01-03T12:35:00+00:00,1.0989378743795384,1.0989762114784989,1.098845686901533,1.0988937575774995,54
2023-01-03T12:40:00+00:00,1.0988937575774995,1.0989128875057488,1.0988349976874736,1.0988555504828112,433
2023-01-03T12:45:00+00:00,1.0988555504828112,1.098928662210132,1.098813622945071,1.098898749721802,401
2023-01-03T12:50:00+00:00,1.098898749721802,1.0989111435864376,1.0988231599557043,1.0988450269935324,113
2023-01-03T12:55:00+00:00,1.0988450269935324,1.0988866569218234,1.09879082232481,1.098817085410288,269
2023-01-03T13:00:00+00:00,1.098817085410288,1.098842305367828,1.0987948760295312,1.0987984135186666,333
2023-01-03T13:05:00+00:00,1.0987984135186666,1.0988944915663132,1.098751037486314,1.0988301374723053,195
2023-01-03T13:10:00+00:00,1.0988301374723053,1.0989262654425571,1.0987878507754887,1.0988509563239646,204
2023-01-03T13:15:00+00:00,1.0988509563239646,1.0988698355637883,1.0986881621922013,1.0987538308476963,146
2023-01-03T13:20:00+00:00,1.0987538308476963,1.0987956795235032,1.0986509657637702,1.098751564338238,172
2023-01-03T13:25:00+00:00,1.098751564338238,1.0988321052814154,1.0987507789052058,1.0988076616765532,305
2023-01-03T13:30:00+00:00,1.0988076616765532,1.0988223001883417,1.0987804830238819,1.0987864462175152,234
2023-01-03T13:35:00+00:00,1.0987864462175152,1.098810789277531,1.0987663341347267,1.098777064215731,490
2023-01-03T13:40:00+00:00,1.098777064215731,1.098864356237226,1.0987475657522465,1.098820052116074,291
2023-01-03T13:45:00+00:00,1.098820052116074,1.0989023330627163,1.098780331676806,1.0988045434791898,58
2023-01-03T13:50:00+00:00,1.0988045434791898,1.0988088916243328,1.0987676521525018,1.0987918094927185,454
2023-01-03T13:55:00+00:00,1.0987918094927185,1.0990001672521192,1.098767240843501,1.0989672406641802,414
2023-01-03T14:00:00+00:00,1.0989672406641802,1.0989675821419362,1.098876801127318,1.0988829851303004,324
2023-01-03T14:05:00+00:00,1.0988829851303004,1.0989109650281488,1.0988432061400955,1.098849952412666,92
2023-01-03T14:10:00+00:00,1.098849952412666,1.0989055973253272,1.0987870717990285,1.0988134031906613,324
2023-01-03T14:15:00+00:00,1.0988134031906613,1.0989819706690787,1.0987545369707314,1.098951156756425,440
2023-01-03T14:20:00+00:00,1.098951156756425,1.0990762289813052,1.0988802978003096,1.0990110521757188,423
2023-01-03T14:25:00+00:00,1.0990110521757188,1.0990950527462697,1.0990004015895305,1.099059700338747,175
2023-01-03T14:30:00+00:00,1.099059700338747,1.099159055450757,1.098994113253611,1.099131530324701,208
2023-01-03T14:35:00+00:00,1.099131530324701,1.0991986849182067,1.0990682299346302,1.099161826419994,139
2023-01-03T14:40:00+00:00,1.099161826419994,1.099305756760595,1.0991528520347271,1.099252259274936,227
2023-01-03T14:45:00+00:00,1.099252259274936,1.0993387491194004,1.0991926586727967,1.0992052483209696,419
2023-01-03T14:50:00+00:00,1.0992052483209696,1.0992533855873972,1.0991992663123715,1.09919940915518,425
2023-01-03T14:55:00+00:00,1.09919940915518,1.0992643494545618,1.0989791497987587,1.0990353843763765,65
2023-01-03T15:00:00+00:00,1.0990353843763765,1.099080966688507,1.09895226690126,1.0989908866145812,345
2023-01-03T15:05:00+00:00,1.0989908866145812,1.099031619217631,1.0989381458984657,1.098980196038718,311
2023-01-03T15:10:00+00:00,1.098980196038718,1.0990255018111361,1.0988750657506283,1.0989187733621795,180
2023-01-03T15:15:00+00:00,1.0989187733621795,1.098934254077318,1.0987813075127388,1.0988861626784139,395
2023-01-03T15:20:00+00:00,1.0988861626784139,1.0989216438676066,1.0988600146715093,1.0988749977775183,491
2023-01-03T15:25:00+00:00,1.0988749977775183,1.098890293561446,1.0988711245834992,1.0988723078962768,236
2023-01-03T15:30:00+00:00,1.0988723078962768,1.098891435075996,1.0987475019089992,1.098837111621609,333
2023-01-03T15:35:00+00:00,1.098837111621609,1.0988630276105442,1.098694807221701,1.0987695570881661,385
2023-01-03T15:40:00+00:00,1.0987695570881661,1.098790937623682,1.0986375358140685,1.0987065520779302,188
2023-01-03T15:45:00+00:00,1.0987065520779302,1.0987992438507774,1.0986487356560657,1.0987693272380192,111
2023-01-03T15:50:00+00:00,1.0987693272380192,1.0987707089968668,1.0985567850568887,1.098595575716738,73
2023-01-03T15:55:00+00:00,1.098595575716738,1.0987428288673249,1.0985901988334046,1.0987247132917417,288
2023-01-03T16:00:00+00:00,1.0987247132917417,1.0988794694688113,1.0987168026049232,1.0988152016583508,283
2023-01-03T16:05:00+00:00,1.0988152016583508,1.0988788287588722,1.0988135266998815,1.0988454055821781,338
2023-01-03T16:10:00+00:00,1.0988454055821781,1.0989523762512476,1.0988431734211588,1.0988722768987893,302
2023-01-03T16:15:00+00:00,1.0988722768987893,1.0990339763081358,1.0988710745866386,1.0989475092299907,425
2023-01-03T16:20:00+00:00,1.0989475092299907,1.0991052872549343,1.0989473360741286,1.0990557913386816,259
2023-01-03T16:25:00+00:00,1.0990557913386816,1.09912521996199,1.0990464452073814,1.0990634776126538,375
2023-01-03T16:30:00+00:00,1.0990634776126538,1.0992361448222931,1.0990609001132081,1.099149538369233,386
2023-01-03T16:35:00+00:00,1.099149538369233,1.0992078733460702,1.0990894596001537,1.0991468674575164,207
2023-01-03T16:40:00+00:00,1.0991468674575164,1.099260888876863,1.0991425449262744,1.0992235618425865,80
2023-01-03T16:45:00+00:00,1.0992235618425865,1.0993423580464894,1.0992188075726146,1.099315057318009,193
2023-01-03T16:50:00+00:00,1.099315057318009,1.0995263326184086,1.0992666781694702,1.099464127684941,408
2023-01-03T16:55:00+00:00,1.099464127684941,1.0995080074995331,1.0993707059090019,1.0994044880847906,432
2023-01-03T17:00:00+00:00,1.0994044880847906,1.0994454020409012,1.0993426111724378,1.0994340053160838,88
2023-01-03T17:05:00+00:00,1.0994340053160838,1.0995578756671498,1.0994242175449966,1.0995428512132264,389
2023-01-03T17:10:00+00:00,1.0995428512132264,1.099607015378549,1.0995398499715143,1.0995988212546812,460
2023-01-03T17:15:00+00:00,1.0995988212546812,1.0997407462088962,1.099539992895931,1.0996668868798813,217
2023-01-03T17:20:00+00:00,1.0996668868798813,1.099703136571329,1.0996090774524723,1.0996390947749954,449
2023-01-03T17:25:00+00:00,1.0996390947749954,1.0996651204762085,1.0996152681732314,1.0996620881734542,104
2023-01-03T17:30:00+00:00,1.0996620881734542,1.0997547504607819,1.0996105169648995,1.099706651158084,444
2023-01-03T17:35:00+00:00,1.099706651158084,1.0997715221604523,1.0996652320652864,1.0997602292750535,185
2023-01-03T17:40:00+00:00,1.0997602292750535,1.0997971886531916,1.0997451519204493,1.0997797792748396,410
2023-01-03T17:45:00+00:00,1.0997797792748396,1.099784479435143,1.0997011407470545,1.0997146956912234,477
2023-01-03T17:50:00+00:00,1.0997146956912234,1.0997636882057962,1.099682937770879,1.0997414736967341,252
2023-01-03T17:55:00+00:00,1.0997414736967341,1.0998163937716035,1.0995297120366587,1.0995360631483364,183
2023-01-03T18:00:00+00:00,1.0995360631483364,1.0995837362782608,1.099442286814261,1.0995557817255233,334
2023-01-03T18:05:00+00:00,1.0995557817255233,1.0995562394611171,1.0994699362050515,1.099507846869229,286
2023-01-03T18:10:00+00:00,1.099507846869229,1.0996735750669675,1.0994949541625902,1.0996204911407672,449
2023-01-03T18:15:00+00:00,1.0996204911407672,1.0996651676106606,1.0996175980810687,1.099638860714351,471
2023-01-03T18:20:00+00:00,1.099638860714351,1.0996833855798374,1.0995193315026983,1.0995386907100677,350
2023-01-03T18:25:00+00:00,1.0995386907100677,1.0995437604874243,1.0994331358117,1.099524518375576,61
2023-01-03T18:30:00+00:00,1.099524518375576,1.099576849057645,1.0994691766276357,1.0995762571087642,97
2023-01-03T18:35:00+00:00,1.0995762571087642,1.0996540500485494,1.0994064582601473,1.0994592705932886,219
2023-01-03T18:40:00+00:00,1.0994592705932886,1.0996782203819644,1.0993514188297997,1.0995951005098874,271
2023-01-03T18:45:00+00:00,1.0995951005098874,1.0996723974726985,1.0995499736332324,1.099650575734294,65
2023-01-03T18:50:00+00:00,1.099650575734294,1.0996860135652229,1.0995203070935478,1.0995867226621798,190
2023-01-03T18:55:00+00:00,1.0995867226621798,1.0997435852657693,1.099484877953268,1.0997242537906087,67
2023-01-03T19:00:00+00:00,1.0997242537906087,1.0997697703226177,1.099603992409152,1.0996393483536024,331
2023-01-03T19:05:00+00:00,1.0996393483536024,1.099660588117389,1.099560048965585,1.0995628636640984,246
2023-01-03T19:10:00+00:00,1.0995628636640984,1.0996215526959445,1.0995171351034263,1.0995962278907774,372
2023-01-03T19:15:00+00:00,1.0995962278907774,1.0996588149341688,1.0995277537208727,1.0995300799456451,59
2023-01-03T19:20:00+00:00,1.0995300799456451,1.099673833348559,1.099490380048898,1.0996680279286448,298
2023-01-03T19:25:00+00:00,1.0996680279286448,1.099780299083878,1.0996144024469734,1.099744329045753,214
2023-01-03T19:30:00+00:00,1.099744329045753,1.0997646422622314,1.099689741872957,1.0997044863704322,465
2023-01-03T19:35:00+00:00,1.0997044863704322,1.0997572915393095,1.0996873899891946,1.099754192681328,291
2023-01-03T19:40:00+00:00,1.099754192681328,1.0997698817568653,1.099483571123718,1.0996186426251768,101
2023-01-03T19:45:00+00:00,1.0996186426251768,1.099619142754107,1.0995796060736573,1.099616748018087,323
2023-01-03T19:50:00+00:00,1.099616748018087,1.09978972428657,1.099459289804934,1.0996876408730183,162
2023-01-03T19:55:00+00:00,1.0996876408730183,1.0999051997639862,1.09962244586901,1.0997786112775705,248
2023-01-03T20:00:00+00:00,1.0997786112775705,1.099854219075782,1.0996661253152888,1.099683653767305,353
2023-01-03T20:05:00+00:00,1.099683653767305,1.099717571535563,1.0995666605086558,1.099641149736209,233
2023-01-03T20:10:00+00:00,1.099641149736209,1.0996623543178528,1.0996040391823199,1.0996561999348695,338
2023-01-03T20:15:00+00:00,1.0996561999348695,1.099732547688959,1.0993750713175403,1.0994698823805507,478
2023-01-03T20:20:00+00:00,1.0994698823805507,1.099641100405608,1.0994269399140133,1.0996333236557918,301
2023-01-03T20:25:00+00:00,1.0996333236557918,1.0996518424974164,1.0996293066903722,1.0996353228321716,358
2023-01-03T20:30:00+00:00,1.0996353228321716,1.0997129755638209,1.0995235255892708,1.0996530109634348,153
2023-01-03T20:35:00+00:00,1.0996530109634348,1.0996688615301864,1.0996096169756429,1.0996524199007531,140
2023-01-03T20:40:00+00:00,1.0996524199007531,1.099832791042622,1.0996477248376146,1.0997856899140928,350
2023-01-03T20:45:00+00:00,1.0997856899140928,1.0998071636268527,1.0997591662795512,1.0997994028912403,106
2023-01-03T20:50:00+00:00,1.0997994028912403,1.0999701204526913,1.0997525195996605,1.0998885389012927,389
2023-01-03T20:55:00+00:00,1.0998885389012927,1.099906825974586,1.099854124353437,1.0998681999741389,204
2023-01-03T21:00:00+00:00,1.0998681999741389,1.099990700048892,1.0997647341188803,1.0997706636018931,377
2023-01-03T21:05:00+00:00,1.0997706636018931,1.0998408342100492,1.0996663910932905,1.0996840970124957,139
2023-01-03T21:10:00+00:00,1.0996840970124957,1.099746031128003,1.0996023903288832,1.0996554162332275,232
2023-01-03T21:15:00+00:00,1.0996554162332275,1.099666574799547,1.099517778357574,1.09958351031616,139
2023-01-03T21:20:00+00:00,1.09958351031616,1.0996398117919137,1.0994795189502906,1.099488154034102,50
2023-01-03T21:25:00+00:00,1.099488154034102,1.0996505010477187,1.0994496154594982,1.0995348942937944,250
2023-01-03T21:30:00+00:00,1.0995348942937944,1.0996839757950618,1.099506000326065,1.099614780120495,212
2023-01-03T21:35:00+00:00,1.099614780120495,1.0997299064692776,1.0995302363470818,1.0995925530932433,163
2023-01-03T21:40:00+00:00,1.0995925530932433,1.0996105849166173,1.0995223856572816,1.099567218232019,89
2023-01-03T21:45:00+00:00,1.099567218232019,1.099578286582009,1.0994255183831572,1.0995675787246688,135
2023-01-03T21:50:00+00:00,1.0995675787246688,1.0996645481583007,1.0993990746297213,1.0994314781182304,423
2023-01-03T21:55:00+00:00,1.0994314781182304,1.0994726507129529,1.0992873175984221,1.0993228627663851,185
2023-01-03T22:00:00+00:00,1.0993228627663851,1.0994267293846638,1.099270960289825,1.099352322482862,418
2023-01-03T22:05:00+00:00,1.099352322482862,1.0995139172078385,1.0993519249982338,1.099464539768104,425
2023-01-03T22:10:00+00:00,1.099464539768104,1.0994791271155206,1.0993323352670281,1.0994209439036298,229
2023-01-03T22:15:00+00:00,1.0994209439036298,1.0995267774890398,1.0994143496203932,1.0995046130861672,295
2023-01-03T22:20:00+00:00,1.0995046130861672,1.0995923255877442,1.0995027621016844,1.0995285767066667,281
2023-01-03T22:25:00+00:00,1.0995285767066667,1.099615068999605,1.0994269004211927,1.0994700905940122,200
2023-01-03T22:30:00+00:00,1.0994700905940122,1.0995353698032397,1.0994339079054594,1.0995304755228503,242
2023-01-03T22:35:00+00:00,1.0995304755228503,1.099584346556112,1.099513745359894,1.0995738621657363,97
2023-01-03T22:40:00+00:00,1.0995738621657363,1.0996974747833594,1.099389378286036,1.0994505315087963,270
2023-01-03T22:45:00+00:00,1.0994505315087963,1.0994786159264511,1.0993608899526617,1.0993715138153226,272
2023-01-03T22:50:00+00:00,1.0993715138153226,1.0994098056862078,1.0993625662409054,1.0993905268227993,406
2023-01-03T22:55:00+00:00,1.0993905268227993,1.0995465359287053,1.0993525186444453,1.0994390877960754,326
2023-01-03T23:00:00+00:00,1.0994390877960754,1.0994795593673088,1.0994302517772807,1.0994314987324771,342
2023-01-03T23:05:00+00:00,1.0994314987324771,1.0995108864370802,1.099413660909336,1.099455588694739,77
2023-01-03T23:10:00+00:00,1.099455588694739,1.0994961090154152,1.0993796775960991,1.0994000240986257,357
2023-01-03T23:15:00+00:00,1.0994000240986257,1.0995343263925006,1.099397239663391,1.0995119134944542,155
2023-01-03T23:20:00+00:00,1.0995119134944542,1.0995787676005069,1.0994280577544322,1.0995422653500306,207
2023-01-03T23:25:00+00:00,1.0995422653500306,1.0996290711915535,1.0994871937950192,1.0996168060754743,388
2023-01-03T23:30:00+00:00,1.0996168060754743,1.0996881415383166,1.0995680367654954,1.0996046545406089,245
2023-01-03T23:35:00+00:00,1.0996046545406089,1.0996903543995047,1.0995649156821983,1.0996533172794394,184
2023-01-03T23:40:00+00:00,1.0996533172794394,1.0996677690264793,1.0995603058408774,1.0995938336586124,127
2023-01-03T23:45:00+00:00,1.0995938336586124,1.099594875624381,1.0994302231186792,1.0995044121820614,93
2023-01-03T23:50:00+00:00,1.0995044121820614,1.0995835189319818,1.0993594716753723,1.0994315324717425,166
2023-01-03T23:55:00+00:00,1.0994315324717425,1.0995898228463041,1.0993998567641423,1.0994993544508136,469
2023-01-04T00:00:00+00:00,1.0994993544508136,1.099517712298806,1.0992471701137039,1.099292374892798,343
2023-01-04T00:05:00+00:00,1.099292374892798,1.0993342312080088,1.0990792382362258,1.0991177333029087,90
2023-01-04T00:10:00+00:00,1.0991177333029087,1.0991779393022842,1.0989289747284179,1.0989925013862996,314
2023-01-04T00:15:00+00:00,1.0989925013862996,1.0990371281142801,1.0989210242151277,1.0990136799671062,367
2023-01-04T00:20:00+00:00,1.0990136799671062,1.0992272607627187,1.098897874113004,1.0991296555535859,135
2023-01-04T00:25:00+00:00,1.0991296555535859,1.0992792549276127,1.099113838200984,1.0991897388773166,114
2023-01-04T00:30:00+00:00,1.0991897388773166,1.0992248968503273,1.0991760399312296,1.0992195450237436,471
2023-01-04T00:35:00+00:00,1.0992195450237436,1.0992856163870584,1.0991011828796042,1.0991691289615406,182
2023-01-04T00:40:00+00:00,1.0991691289615406,1.0992420947820762,1.0991055354983141,1.0991130578144124,334
2023-01-04T00:45:00+00:00,1.0991130578144124,1.099148559362365,1.0990530461928045,1.0990797521231284,191
2023-01-04T00:50:00+00:00,1.0990797521231284,1.0990935222348912,1.098823801015199,1.098901198950148,350
2023-01-04T00:55:00+00:00,1.098901198950148,1.0989611109651116,1.0988938301401985,1.0989094792276484,262
2023-01-04T01:00:00+00:00,1.0989094792276484,1.0990213363531018,1.0987971708963955,1.0989691140751794,101
2023-01-04T01:05:00+00:00,1.0989691140751794,1.0990263995636258,1.098835773408108,1.0988649943976336,101
2023-01-04T01:10:00+00:00,1.0988649943976336,1.0989974542237164,1.098790186596109,1.0988994556787834,185
2023-01-04T01:15:00+00:00,1.0988994556787834,1.0989422282965022,1.0987472357905177,1.0987858897151055,361
2023-01-04T01:20:00+00:00,1.0987858897151055,1.0987910706962891,1.0986791614749702,1.098736050875104,398
2023-01-04T01:25:00+00:00,1.098736050875104,1.0988031344374538,1.09872285963832,1.0987982595748451,500
2023-01-04T01:30:00+00:00,1.0987982595748451,1.0988303640134476,1.0987650229240469,1.0987680297903537,240
2023-01-04T01:35:00+00:00,1.0987680297903537,1.0988594914667167,1.098574867833008,1.0985865581250887,205
2023-01-04T01:40:00+00:00,1.0985865581250887,1.09867578123945,1.098479908376701,1.0985276900698877,494
2023-01-04T01:45:00+00:00,1.0985276900698877,1.0985335257573448,1.0983899365448266,1.0984318024309132,430
2023-01-04T01:50:00+00:00,1.0984318024309132,1.0984645093662442,1.0982840097807667,1.0982903295565691,380
2023-01-04T01:55:00+00:00,1.0982903295565691,1.0984171384817925,1.0982616071703812,1.098371427790314,471
2023-01-04T02:00:00+00:00,1.098371427790314,1.0984031269729146,1.0982450768990406,1.0982932041135542,78
2023-01-04T02:05:00+00:00,1.0982932041135542,1.0983224908065359,1.0982810137983288,1.0982838322864095,209
2023-01-04T02:10:00+00:00,1.0982838322864095,1.0983330188812737,1.0982504247856557,1.0982620395600362,341
2023-01-04T02:15:00+00:00,1.0982620395600362,1.0982942212329154,1.098159031299299,1.098164950130772,476
2023-01-04T02:20:00+00:00,1.098164950130772,1.098188396726143,1.0981491903547322,1.098171988632319,234
2023-01-04T02:25:00+00:00,1.098171988632319,1.0981871967333592,1.0981335922025304,1.0981759457096951,471
2023-01-04T02:30:00+00:00,1.0981759457096951,1.098187156178382,1.0980292123273012,1.0980961532015852,173
2023-01-04T02:35:00+00:00,1.0980961532015852,1.0981428655136702,1.0979903543026641,1.0980385778175772,140
2023-01-04T02:40:00+00:00,1.0980385778175772,1.0981391290271783,1.0979950131056964,1.0981252016322012,478
2023-01-04T02:45:00+00:00,1.0981252016322012,1.0981907248969534,1.0980493858469342,1.098100546762895,402
2023-01-04T02:50:00+00:00,1.098100546762895,1.098121445251347,1.0980072254562885,1.0981150995422633,449
2023-01-04T02:55:00+00:00,1.0981150995422633,1.0982581400073588,1.098093533621616,1.0981618936905715,381
2023-01-04T03:00:00+00:00,1.0981618936905715,1.0982026275023886,1.0981271107837463,1.0981690138392723,492
2023-01-04T03:05:00+00:00,1.0981690138392723,1.0981851792537813,1.0980055539714613,1.0980894263086176,54
2023-01-04T03:10:00+00:00,1.0980894263086176,1.098093742718617,1.0980043254145149,1.0980460081684142,164
2023-01-04T03:15:00+00:00,1.0980460081684142,1.0981733191487155,1.0979555972791193,1.098171961112465,206
2023-01-04T03:20:00+00:00,1.098171961112465,1.0982484203089007,1.098124554387619,1.0981414273265622,486
2023-01-04T03:25:00+00:00,1.0981414273265622,1.0983300783772414,1.0981104216410595,1.0983079333926233,288
2023-01-04T03:30:00+00:00,1.0983079333926233,1.0983653420892565,1.0982280883226185,1.0982753541803398,53
2023-01-04T03:35:00+00:00,1.0982753541803398,1.098348841905912,1.0981943571600339,1.098199682763097,481
2023-01-04T03:40:00+00:00,1.098199682763097,1.0983073622790038,1.0981657976477919,1.0982530234896204,400
2023-01-04T03:45:00+00:00,1.0982530234896204,1.0982671537975415,1.0982040181277897,1.098215427029917,191
2023-01-04T03:50:00+00:00,1.098215427029917,1.0982922669031367,1.0981076173219158,1.0981131312907824,383
2023-01-04T03:55:00+00:00,1.0981131312907824,1.0982461315099683,1.098085961259246,1.0982375310363013,441
2023-01-04T04:00:00+00:00,1.0982375310363013,1.0982549010507399,1.0981806361051945,1.0982378374452277,256
2023-01-04T04:05:00+00:00,1.0982378374452277,1.0982781105853776,1.0980586510962393,1.098122581278192,419
2023-01-04T04:10:00+00:00,1.098122581278192,1.0982232005831645,1.0980917867500801,1.0982138604267864,257
2023-01-04T04:15:00+00:00,1.0982138604267864,1.0983899583221235,1.0982052020211983,1.098379720107001,412
2023-01-04T04:20:00+00:00,1.098379720107001,1.0985285173697572,1.0983360471629016,1.0985254852075714,401
2023-01-04T04:25:00+00:00,1.0985254852075714,1.0987151240776283,1.0985065602946533,1.0986295376275594,393
2023-01-04T04:30:00+00:00,1.0986295376275594,1.0986623419427934,1.0985503132506302,1.0985855858003442,335
2023-01-04T04:35:00+00:00,1.0985855858003442,1.0986963648687715,1.098565013516811,1.098686863020669,115
2023-01-04T04:40:00+00:00,1.098686863020669,1.0987670958834235,1.0985752802640742,1.0986781710870768,398
2023-01-04T04:45:00+00:00,1.0986781710870768,1.0987370296143495,1.0985697932644707,1.098612787929524,163
2023-01-04T04:50:00+00:00,1.098612787929524,1.0986779369229742,1.098499356352439,1.0985302753925863,219
2023-01-04T04:55:00+00:00,1.0985302753925863,1.0987068134064268,1.0984823805903388,1.0986608748356028,287
2023-01-04T05:00:00+00:00,1.0986608748356028,1.0987584635799965,1.0986166740320646,1.0987130999212626,367
2023-01-04T05:05:00+00:00,1.0987130999212626,1.0988076995948397,1.098587523912086,1.0986329249697084,306
2023-01-04T05:10:00+00:00,1.0986329249697084,1.0987714363605914,1.0985822100692422,1.09871978127168,495
2023-01-04T05:15:00+00:00,1.09871978127168,1.0987363380631867,1.098681471596311,1.098703028318236,152
2023-01-04T05:20:00+00:00,1.098703028318236,1.098826314017221,1.0984569461336835,1.0985717937356683,123
2023-01-04T05:25:00+00:00,1.0985717937356683,1.098603917920558,1.0983513721034848,1.0984238711263294,448
2023-01-04T05:30:00+00:00,1.0984238711263294,1.098507246166845,1.0983806634527975,1.098485382424413,79
2023-01-04T05:35:00+00:00,1.098485382424413,1.0985253370830552,1.0984770228326841,1.0984782064680532,439
2023-01-04T05:40:00+00:00,1.0984782064680532,1.0985571069686473,1.0984304911436626,1.0984922984745,449
2023-01-04T05:45:00+00:00,1.0984922984745,1.0986674030669186,1.0984560278737718,1.0986086642282558,374
2023-01-04T05:50:00+00:00,1.0986086642282558,1.098631380093663,1.0985260161436519,1.0985308048480442,323
2023-01-04T05:55:00+00:00,1.0985308048480442,1.0985459056762628,1.0984846408648783,1.098530540945488,57
2023-01-04T06:00:00+00:00,1.098530540945488,1.0986866936422282,1.0985212136050178,1.098633916656624,52
2023-01-04T06:05:00+00:00,1.098633916656624,1.0986603765024445,1.098602583167928,1.0986296099550699,405
2023-01-04T06:10:00+00:00,1.0986296099550699,1.0987079862650562,1.0985823518032958,1.0986777882011451,206
2023-01-04T06:15:00+00:00,1.0986777882011451,1.0987797647303772,1.098596991414256,1.0987333556692107,202
2023-01-04T06:20:00+00:00,1.0987333556692107,1.098833228807257,1.0986729163294164,1.0988156756358454,272
2023-01-04T06:25:00+00:00,1.0988156756358454,1.0989409121425007,1.0986956032808708,1.0988019218806555,225
2023-01-04T06:30:00+00:00,1.0988019218806555,1.098894804875141,1.0988019000827787,1.0988933970026538,465
2023-01-04T06:35:00+00:00,1.0988933970026538,1.0989229723270406,1.0988234739063591,1.0988440132263348,422
2023-01-04T06:40:00+00:00,1.0988440132263348,1.098900777423326,1.098785309529461,1.09889751032886,113
2023-01-04T06:45:00+00:00,1.09889751032886,1.0989576548269873,1.0988436064026053,1.0989091656216075,69
2023-01-04T06:50:00+00:00,1.0989091656216075,1.0989596649002351,1.0988175132182696,1.0988268118982236,354
2023-01-04T06:55:00+00:00,1.0988268118982236,1.0989004124775534,1.0987122226981831,1.0987146837198498,384
2023-01-04T07:00:00+00:00,1.0987146837198498,1.098739757735481,1.0986742052347274,1.098726281677732,113
2023-01-04T07:05:00+00:00,1.098726281677732,1.09883682059425,1.0987096807401302,1.098782594695487,128
2023-01-04T07:10:00+00:00,1.098782594695487,1.098887953055865,1.0987304235339614,1.098814831374907,101
2023-01-04T07:15:00+00:00,1.098814831374907,1.0988390868378914,1.0987810127077176,1.098818357752862,360
2023-01-04T07:20:00+00:00,1.098818357752862,1.0988679726509156,1.098743485613002,1.0987916050729354,366
2023-01-04T07:25:00+00:00,1.0987916050729354,1.0988097771156022,1.0987166991593345,1.0987332834695938,104
2023-01-04T07:30:00+00:00,1.0987332834695938,1.0987342568522154,1.098605808681308,1.0986223001093325,153
2023-01-04T07:35:00+00:00,1.0986223001093325,1.0986545080011048,1.09843230196921,1.0984722863411778,132
2023-01-04T07:40:00+00:00,1.0984722863411778,1.0985761193848753,1.0984417358847136,1.0985617677057928,219
2023-01-04T07:45:00+00:00,1.0985617677057928,1.0987407243562597,1.098553795837378,1.098739945783374,95
2023-01-04T07:50:00+00:00,1.098739945783374,1.0989176808020364,1.0987261026827413,1.0988652406448465,96
2023-01-04T07:55:00+00:00,1.0988652406448465,1.098868883685672,1.0988047613340266,1.0988241725828758,420
2023-01-04T08:00:00+00:00,1.0988241725828758,1.0988951274295948,1.0988064975329068,1.098872279909473,201
2023-01-04T08:05:00+00:00,1.098872279909473,1.0991101300161432,1.098856315246156,1.0991087094183294,466
2023-01-04T08:10:00+00:00,1.0991087094183294,1.0991303188392385,1.0990860346803173,1.09911769189098,210
2023-01-04T08:15:00+00:00,1.09911769189098,1.0992777534013667,1.0991065632631987,1.0992555704100107,485
2023-01-04T08:20:00+00:00,1.0992555704100107,1.099270875743172,1.099211361054087,1.0992554745918006,137
2023-01-04T08:25:00+00:00,1.0992554745918006,1.0993057806505668,1.0990661315284502,1.099159490144194,368
2023-01-04T08:30:00+00:00,1.099159490144194,1.09924021679648,1.0991113032937567,1.0991432059456665,108
2023-01-04T08:35:00+00:00,1.0991432059456665,1.0992983846331188,1.0990684584482917,1.0991944394325162,189
2023-01-04T08:40:00+00:00,1.0991944394325162,1.0993215508747127,1.0991425953893121,1.0992558663436116,458
2023-01-04T08:45:00+00:00,1.0992558663436116,1.099279230623351,1.0992327685644836,1.09926591679004,421
2023-01-04T08:50:00+00:00,1.09926591679004,1.0994859419841891,1.099237962418969,1.0994429025756374,352
2023-01-04T08:55:00+00:00,1.0994429025756374,1.0995759154227165,1.0994358554019714,1.099511433509914,274
2023-01-04T09:00:00+00:00,1.099511433509914,1.0995871859670168,1.0995038085826137,1.0995428046499744,400
2023-01-04T09:05:00+00:00,1.0995428046499744,1.0996151980576478,1.0994876110951743,1.0995564596993688,116
2023-01-04T09:10:00+00:00,1.0995564596993688,1.0995625999515772,1.0994220325203268,1.0994630392515785,82
2023-01-04T09:15:00+00:00,1.0994630392515785,1.0994662053097077,1.0993623960807948,1.0994057100384198,410
2023-01-04T09:20:00+00:00,1.0994057100384198,1.099515304950523,1.0994024977061736,1.0994704070608827,164
2023-01-04T09:25:00+00:00,1.0994704070608827,1.0995441278801288,1.0993305193210958,1.0993408244789966,223
2023-01-04T09:30:00+00:00,1.0993408244789966,1.099349963699627,1.0991789823316913,1.0992182013826137,422
2023-01-04T09:35:00+00:00,1.0992182013826137,1.099218613180521,1.099113152694832,1.0991592086954542,396
2023-01-04T09:40:00+00:00,1.0991592086954542,1.0991812245427608,1.0990804834315113,1.0991292282899507,363
2023-01-04T09:45:00+00:00,1.0991292282899507,1.0991968525001035,1.0989540224610992,1.0989781606274225,130
2023-01-04T09:50:00+00:00,1.0989781606274225,1.0989801290951549,1.0988567480146636,1.0988868049233194,434
2023-01-04T09:55:00+00:00,1.0988868049233194,1.098923875981783,1.0988847573132727,1.0988867044940873,192
2023-01-04T10:00:00+00:00,1.0988867044940873,1.0989503563762242,1.0988551408533584,1.0989393143699788,170
2023-01-04T10:05:00+00:00,1.0989393143699788,1.0989869925934126,1.098848493886461,1.0988742508418663,343
2023-01-04T10:10:00+00:00,1.0988742508418663,1.0989058189384753,1.098699777614599,1.0987235363535803,304
2023-01-04T10:15:00+00:00,1.0987235363535803,1.0987355907376746,1.0987140725129452,1.0987353075474449,256
2023-01-04T10:20:00+00:00,1.0987353075474449,1.0987687061869817,1.0986251156003997,1.0986469439275408,359
2023-01-04T10:25:00+00:00,1.0986469439275408,1.098716278542458,1.0986292851149875,1.0986456219155267,310
2023-01-04T10:30:00+00:00,1.0986456219155267,1.0986734507451,1.0984925122423455,1.0985364464180298,472
2023-01-04T10:35:00+00:00,1.0985364464180298,1.098588398647789,1.0985245696971777,1.0985549323776316,282
2023-01-04T10:40:00+00:00,1.0985549323776316,1.0986292500851114,1.0984220141268484,1.0984862702283786,236
2023-01-04T10:45:00+00:00,1.0984862702283786,1.0984914993746264,1.0983862223054763,1.098410263509529,438
2023-01-04T10:50:00+00:00,1.098410263509529,1.0984130511920809,1.0983625518475801,1.098406030640002,459
2023-01-04T10:55:00+00:00,1.098406030640002,1.098510033965611,1.0983473820356344,1.0984941938916608,409
2023-01-04T11:00:00+00:00,1.0984941938916608,1.0986927251349765,1.0984014264955972,1.0986267044911473,430
2023-01-04T11:05:00+00:00,1.0986267044911473,1.098636645103018,1.0986033002836544,1.0986324176886546,362
2023-01-04T11:10:00+00:00,1.0986324176886546,1.0986684999194358,1.0986115501098017,1.098644584706061,472
2023-01-04T11:15:00+00:00,1.098644584706061,1.0986601624906973,1.098520699398654,1.0985985783357404,105
2023-01-04T11:20:00+00:00,1.0985985783357404,1.0987290266284786,1.0985865288947485,1.098708628714598,280
2023-01-04T11:25:00+00:00,1.098708628714598,1.0987729578317587,1.0986563098845805,1.0986739570599082,308
2023-01-04T11:30:00+00:00,1.0986739570599082,1.0987818425052207,1.0986584650614177,1.0987378466932205,271
2023-01-04T11:35:00+00:00,1.0987378466932205,1.0987682562954268,1.0986858872515668,1.0987346023433395,310
2023-01-04T11:40:00+00:00,1.0987346023433395,1.0988779125258221,1.098723562660401,1.0987702274691349,467
2023-01-04T11:45:00+00:00,1.0987702274691349,1.0988044777554802,1.0986898869018231,1.0987256245408836,357
2023-01-04T11:50:00+00:00,1.0987256245408836,1.098752886659963,1.0986334992585982,1.0986717726558728,361
2023-01-04T11:55:00+00:00,1.0986717726558728,1.0987449800301483,1.0985740769750105,1.0986168084681949,190
2023-01-04T12:00:00+00:00,1.0986168084681949,1.098644233221557,1.0985348611439267,1.0985596253746779,120
2023-01-04T12:05:00+00:00,1.0985596253746779,1.0987664604967857,1.0985191871515234,1.0987002422801302,433
2023-01-04T12:10:00+00:00,1.0987002422801302,1.0987076684797643,1.0985068200218293,1.0985482787887724,427
2023-01-04T12:15:00+00:00,1.0985482787887724,1.098613304742356,1.098501383807059,1.0985292749958673,152
2023-01-04T12:20:00+00:00,1.0985292749958673,1.0986391681612253,1.098485561720183,1.098562535434653,117
2023-01-04T12:25:00+00:00,1.098562535434653,1.0986344970084598,1.0983893785747567,1.0983978565923078,141
2023-01-04T12:30:00+00:00,1.0983978565923078,1.098399739586418,1.0982653910745819,1.0982762680224485,230
2023-01-04T12:35:00+00:00,1.0982762680224485,1.0983745181943831,1.0982510517755548,1.0983134022076906,391
2023-01-04T12:40:00+00:00,1.0983134022076906,1.0983859506976241,1.0982366925601,1.098285237539936,499
2023-01-04T12:45:00+00:00,1.098285237539936,1.0983374012670537,1.0981512215303584,1.0982256405358328,317
2023-01-04T12:50:00+00:00,1.0982256405358328,1.098319001168726,1.0982095115596713,1.0982886363309754,186
2023-01-04T12:55:00+00:00,1.0982886363309754,1.0982991516293026,1.0982590164613621,1.0982991171959935,196
2023-01-04T13:00:00+00:00,1.0982991171959935,1.0983248247214723,1.0982013510197823,1.0982823645745685,154
2023-01-04T13:05:00+00:00,1.0982823645745685,1.0983374426393318,1.0982695538348222,1.09833715330518,466
2023-01-04T13:10:00+00:00,1.09833715330518,1.0983574581000575,1.0982038962410658,1.0982328698227386,164
2023-01-04T13:15:00+00:00,1.0982328698227386,1.098235928372324,1.0980785729863396,1.098142682322795,171
2023-01-04T13:20:00+00:00,1.098142682322795,1.098148803649588,1.0979762203179284,1.0980017337408978,74
2023-01-04T13:25:00+00:00,1.0980017337408978,1.0980460573964679,1.09786525172531,1.0978873173404382,453
2023-01-04T13:30:00+00:00,1.0978873173404382,1.0979638887826184,1.0978796689458257,1.0979573368644908,178
2023-01-04T13:35:00+00:00,1.0979573368644908,1.0979866153047975,1.0978582864990956,1.0979547221736243,490
2023-01-04T13:40:00+00:00,1.0979547221736243,1.0981280035325207,1.0978884030567413,1.098059438028926,381
2023-01-04T13:45:00+00:00,1.098059438028926,1.0981043492981881,1.097945816174598,1.0979950230459488,428
2023-01-04T13:50:00+00:00,1.0979950230459488,1.0980473495880978,1.0978456522345175,1.0978863428285581,140
2023-01-04T13:55:00+00:00,1.0978863428285581,1.0979059073602702,1.0978709863095826,1.097873027712854,138
2023-01-04T14:00:00+00:00,1.097873027712854,1.0978981260752978,1.097831654188182,1.0978707948527466,185
2023-01-04T14:05:00+00:00,1.0978707948527466,1.097933994431913,1.0978225030870132,1.0978886834190922,180
2023-01-04T14:10:00+00:00,1.0978886834190922,1.0979818127358336,1.0978754944226663,1.0979798256292568,215
2023-01-04T14:15:00+00:00,1.0979798256292568,1.0980505338541624,1.0979233423576398,1.097972626765326,370
2023-01-04T14:20:00+00:00,1.097972626765326,1.0980215324902796,1.0978210093423713,1.097886094738365,233
2023-01-04T14:25:00+00:00,1.097886094738365,1.0979641673027003,1.0978514267032604,1.0978938275203523,319
2023-01-04T14:30:00+00:00,1.0978938275203523,1.0979362455251702,1.0978398784940926,1.0979049382871555,262
2023-01-04T14:35:00+00:00,1.0979049382871555,1.0979948677087263,1.0978913496304896,1.0979458979887222,228
2023-01-04T14:40:00+00:00,1.0979458979887222,1.0979914896690972,1.0979226201272618,1.0979574159959575,161
2023-01-04T14:45:00+00:00,1.0979574159959575,1.0980908850988398,1.097936100343204,1.0980248473033216,293
2023-01-04T14:50:00+00:00,1.0980248473033216,1.0981773735478055,1.0980182446537583,1.0981754018724426,392
2023-01-04T14:55:00+00:00,1.0981754018724426,1.0981967188120332,1.0981448712779158,1.0981756865460817,378
2023-01-04T15:00:00+00:00,1.0981756865460817,1.0982213270467442,1.0980197912497909,1.0980930235564454,214
2023-01-04T15:05:00+00:00,1.0980930235564454,1.0981585577531305,1.0980031289699084,1.0980636145998537,108
2023-01-04T15:10:00+00:00,1.0980636145998537,1.0981045772540066,1.097967443979922,1.097989986691932,470
2023-01-04T15:15:00+00:00,1.097989986691932,1.0981716183770296,1.0979303933252025,1.0981639018635834,310
2023-01-04T15:20:00+00:00,1.0981639018635834,1.0981689246887083,1.0981166310605315,1.0981428749866846,313
2023-01-04T15:25:00+00:00,1.0981428749866846,1.098162394028892,1.0981021036110772,1.0981132119688117,445
2023-01-04T15:30:00+00:00,1.0981132119688117,1.0981146454755752,1.09803705202848,1.0981053253122226,446
2023-01-04T15:35:00+00:00,1.0981053253122226,1.09817196214796,1.098031309958555,1.098154524366029,477
2023-01-04T15:40:00+00:00,1.098154524366029,1.0982727441798,1.0981145193984165,1.0982350051787422,446
2023-01-04T15:45:00+00:00,1.0982350051787422,1.0983195960373753,1.097990895849825,1.0980273516445276,86
2023-01-04T15:50:00+00:00,1.0980273516445276,1.0980568777052437,1.0979839257991395,1.0980279915356235,94
2023-01-04T15:55:00+00:00,1.0980279915356235,1.098075783249874,1.098014087094084,1.0980477351972073,178
2023-01-04T16:00:00+00:00,1.0980477351972073,1.0980710788437225,1.0979461058721793,1.0979515213517028,248
2023-01-04T16:05:00+00:00,1.0979515213517028,1.0980628717369918,1.0979361336075952,1.0980143480276612,211
2023-01-04T16:10:00+00:00,1.0980143480276612,1.0981428041623298,1.0979444459755625,1.0981348816591543,366
2023-01-04T16:15:00+00:00,1.0981348816591543,1.0982112050479673,1.0980795174148172,1.0981115468000273,73
2023-01-04T16:20:00+00:00,1.0981115468000273,1.098130040906075,1.0980823500957555,1.0981036561159623,452
2023-01-04T16:25:00+00:00,1.0981036561159623,1.0981304328900188,1.098025817067604,1.0980886439098492,194
2023-01-04T16:30:00+00:00,1.0980886439098492,1.098151816114586,1.0980305223285343,1.0980984123983253,292
2023-01-04T16:35:00+00:00,1.0980984123983253,1.0981915448348099,1.0980691072299926,1.0981719833101928,432
2023-01-04T16:40:00+00:00,1.0981719833101928,1.0982285111984835,1.0979410711461548,1.0980627986354972,123
2023-01-04T16:45:00+00:00,1.0980627986354972,1.0980938473152544,1.097907110949853,1.0980067946932284,457
2023-01-04T16:50:00+00:00,1.0980067946932284,1.098139488607618,1.0979995738177446,1.0980859415616921,497
2023-01-04T16:55:00+00:00,1.0980859415616921,1.0981100651044313,1.0980756183958431,1.0980843153492992,52
2023-01-04T17:00:00+00:00,1.0980843153492992,1.098106396228477,1.0979938338927169,1.0980139919626863,157
2023-01-04T17:05:00+00:00,1.0980139919626863,1.098015149308671,1.0978974767898289,1.098005606921528,226
2023-01-04T17:10:00+00:00,1.098005606921528,1.0981540529927871,1.0979891085285574,1.0980485379510336,144
2023-01-04T17:15:00+00:00,1.0980485379510336,1.0980658542929445,1.0979211573197956,1.0980144395468827,149
2023-01-04T17:20:00+00:00,1.0980144395468827,1.0981548161680275,1.097999190353062,1.0981056461427277,434
2023-01-04T17:25:00+00:00,1.0981056461427277,1.0982521208911447,1.098029930723566,1.0980962108447456,286
2023-01-04T17:30:00+00:00,1.0980962108447456,1.0981115850530985,1.098060645524214,1.0980785923041556,151
2023-01-04T17:35:00+00:00,1.0980785923041556,1.0980874206928177,1.0979694593121443,1.0980265672180458,219
2023-01-04T17:40:00+00:00,1.0980265672180458,1.0980848817443318,1.097949732511455,1.0979537075753842,85
2023-01-04T17:45:00+00:00,1.0979537075753842,1.0980558840285204,1.0979280317996416,1.0980204889226888,280
2023-01-04T17:50:00+00:00,1.0980204889226888,1.0980851618061023,1.097956536315416,1.0979665374763616,340
2023-01-04T17:55:00+00:00,1.0979665374763616,1.0979952699303468,1.0978921487479913,1.0979249491879963,269
2023-01-04T18:00:00+00:00,1.0979249491879963,1.0979982222667757,1.0979074153414505,1.0979604198536381,378
2023-01-04T18:05:00+00:00,1.0979604198536381,1.0980485529956612,1.0978014544951806,1.0978388563282404,118
2023-01-04T18:10:00+00:00,1.0978388563282404,1.097879412917837,1.0977557969976943,1.0978096547212677,446
2023-01-04T18:15:00+00:00,1.0978096547212677,1.0978437390925315,1.097750129183223,1.0978221090384468,139
2023-01-04T18:20:00+00:00,1.0978221090384468,1.0978384929639045,1.0977855733983912,1.097803463183785,325
2023-01-04T18:25:00+00:00,1.097803463183785,1.0979788205923242,1.097726707185784,1.0979519643247022,370
2023-01-04T18:30:00+00:00,1.0979519643247022,1.097990748377285,1.097892889961432,1.097981598461877,65
2023-01-04T18:35:00+00:00,1.097981598461877,1.0980194761120496,1.097920866287601,1.0979942563365828,443
2023-01-04T18:40:00+00:00,1.0979942563365828,1.0980525778020516,1.0977894809178075,1.097848833479764,326
2023-01-04T18:45:00+00:00,1.097848833479764,1.0979338965862007,1.0978034015814913,1.0978184656883283,237
2023-01-04T18:50:00+00:00,1.0978184656883283,1.097884346318319,1.09760502069296,1.0976884394375466,118
2023-01-04T18:55:00+00:00,1.0976884394375466,1.0977467331732305,1.0975926034390018,1.0976057486130772,253
2023-01-04T19:00:00+00:00,1.0976057486130772,1.0976112561545555,1.0975906337963313,1.0975996335643354,364
2023-01-04T19:05:00+00:00,1.0975996335643354,1.0978407684816256,1.0975226007281242,1.097806950538577,121
2023-01-04T19:10:00+00:00,1.097806950538577,1.097817365776507,1.0976914604961088,1.097761068399979,124
2023-01-04T19:15:00+00:00,1.097761068399979,1.0977661465381257,1.097668174160548,1.0977254248857076,233
2023-01-04T19:20:00+00:00,1.0977254248857076,1.0978793389260004,1.0977209420339558,1.0978580700413771,169
2023-01-04T19:25:00+00:00,1.0978580700413771,1.097954698032706,1.0978490260842797,1.0979218888444766,455
2023-01-04T19:30:00+00:00,1.0979218888444766,1.0979649963116134,1.097850656479272,1.0978654537524917,382
2023-01-04T19:35:00+00:00,1.0978654537524917,1.0979089334082819,1.0977957581993603,1.097873932611258,316
2023-01-04T19:40:00+00:00,1.097873932611258,1.0979036748836717,1.0978294136279008,1.097832753740457,341
2023-01-04T19:45:00+00:00,1.097832753740457,1.0978662786416127,1.0976646174636513,1.0977292547107733,237
2023-01-04T19:50:00+00:00,1.0977292547107733,1.0977852058753161,1.097551475654294,1.0975850789687724,164
2023-01-04T19:55:00+00:00,1.0975850789687724,1.0976616390224196,1.097580288646819,1.0976152352552602,494
2023-01-04T20:00:00+00:00,1.0976152352552602,1.0976885835632704,1.0975326204174316,1.0975369873703709,121
2023-01-04T20:05:00+00:00,1.0975369873703709,1.0975705895594907,1.097519208952482,1.0975325377463703,313
2023-01-04T20:10:00+00:00,1.0975325377463703,1.0975595714534163,1.0974815504898014,1.0974998615270193,417
2023-01-04T20:15:00+00:00,1.0974998615270193,1.0976014342243923,1.0974327196726992,1.097571394839077,262
2023-01-04T20:20:00+00:00,1.097571394839077,1.0976948039422925,1.0975146982758777,1.0976208183562448,157
2023-01-04T20:25:00+00:00,1.0976208183562448,1.0976936954965226,1.0975818394190693,1.0976329439386208,260
2023-01-04T20:30:00+00:00,1.0976329439386208,1.0976600978108084,1.0976064082982528,1.0976580104545635,372
2023-01-04T20:35:00+00:00,1.0976580104545635,1.097762905827516,1.0976300763830094,1.0976384265443815,125
2023-01-04T20:40:00+00:00,1.0976384265443815,1.09771133189153,1.0975848003784179,1.0976980316933873,356
2023-01-04T20:45:00+00:00,1.0976980316933873,1.0979519398847861,1.097684349978598,1.0978820245252647,499
2023-01-04T20:50:00+00:00,1.0978820245252647,1.0979543001326668,1.097856748981419,1.0978611666412839,279
2023-01-04T20:55:00+00:00,1.0978611666412839,1.0979401173140917,1.0978261357207915,1.0978958388964994,296
2023-01-04T21:00:00+00:00,1.0978958388964994,1.0980522025754982,1.0978241430799012,1.0979695080841285,470
2023-01-04T21:05:00+00:00,1.0979695080841285,1.0979771697620975,1.0978173415471553,1.0978867797077418,311
2023-01-04T21:10:00+00:00,1.0978867797077418,1.0979666965245944,1.097846399168316,1.0978766240301425,352
2023-01-04T21:15:00+00:00,1.0978766240301425,1.0979958680095063,1.097856191915552,1.0979516152820725,117
2023-01-04T21:20:00+00:00,1.0979516152820725,1.0980161117602292,1.0979139707344512,1.097994914098019,264
2023-01-04T21:25:00+00:00,1.097994914098019,1.0980264515455982,1.0978628017982253,1.097923268398419,140
2023-01-04T21:30:00+00:00,1.097923268398419,1.0979336990998372,1.0977306845369446,1.0978155828353582,307
2023-01-04T21:35:00+00:00,1.0978155828353582,1.0978514588194035,1.0977934694498859,1.0978511276736942,387
2023-01-04T21:40:00+00:00,1.0978511276736942,1.0979766656352672,1.097801233322727,1.0979269939148673,446
2023-01-04T21:45:00+00:00,1.0979269939148673,1.0979500536465616,1.0977299375001286,1.0977778122396151,265
2023-01-04T21:50:00+00:00,1.0977778122396151,1.0977886506244552,1.0977275207554598,1.0977629928955994,460
2023-01-04T21:55:00+00:00,1.0977629928955994,1.0978480083578885,1.0977441874701295,1.0977537769117751,229
2023-01-04T22:00:00+00:00,1.0977537769117751,1.097797423440691,1.09763821479304,1.0976438096861818,100
2023-01-04T22:05:00+00:00,1.0976438096861818,1.0976780087095606,1.097504807764809,1.0975221007818572,442
2023-01-04T22:10:00+00:00,1.0975221007818572,1.097639391433387,1.097500870214286,1.0975410091767994,259
2023-01-04T22:15:00+00:00,1.0975410091767994,1.0977029497302844,1.097535778838773,1.097702693028102,430
2023-01-04T22:20:00+00:00,1.097702693028102,1.0977936733756255,1.0976982574238647,1.0977299999372343,385
2023-01-04T22:25:00+00:00,1.0977299999372343,1.097762994308053,1.0976432117589372,1.097738027411853,259
2023-01-04T22:30:00+00:00,1.097738027411853,1.0977601035589655,1.0976873184290372,1.0977094908617715,487
2023-01-04T22:35:00+00:00,1.0977094908617715,1.097772323244683,1.0976466711364794,1.0976611745485325,363
2023-01-04T22:40:00+00:00,1.0976611745485325,1.0977357447494205,1.0976417766202253,1.0976433892283322,451
2023-01-04T22:45:00+00:00,1.0976433892283322,1.0976727353516196,1.0975512631867537,1.0975623653712427,336
2023-01-04T22:50:00+00:00,1.0975623653712427,1.0975753046840881,1.0974902925966192,1.0975063031011476,411
2023-01-04T22:55:00+00:00,1.0975063031011476,1.09759860641511,1.0974900243324115,1.097576745509716,492
2023-01-04T23:00:00+00:00,1.097576745509716,1.0976466182717193,1.0974334408046513,1.0975066315730775,132
2023-01-04T23:05:00+00:00,1.0975066315730775,1.0975971545845595,1.097471526510962,1.097549014061737,452
2023-01-04T23:10:00+00:00,1.097549014061737,1.0976027370119614,1.0974716075451814,1.0974971833562295,132
2023-01-04T23:15:00+00:00,1.0974971833562295,1.0975516897213298,1.0973346697125759,1.097380280771594,461
2023-01-04T23:20:00+00:00,1.097380280771594,1.0974346890632354,1.0973325166981573,1.0974195130594366,82
2023-01-04T23:25:00+00:00,1.0974195130594366,1.0974234680102108,1.0973346660599101,1.0973826365512953,361
2023-01-04T23:30:00+00:00,1.0973826365512953,1.0974723397875454,1.0973139790935302,1.0974607666801415,316
2023-01-04T23:35:00+00:00,1.0974607666801415,1.0974899934592517,1.0973262330378377,1.0974515410478733,79
2023-01-04T23:40:00+00:00,1.0974515410478733,1.097623739698692,1.097417350282042,1.09759275466778,153
2023-01-04T23:45:00+00:00,1.09759275466778,1.097661003596519,1.097434687831875,1.0975279233175745,315
2023-01-04T23:50:00+00:00,1.0975279233175745,1.0975406643917294,1.0974759473924978,1.0975247739094542,168
2023-01-04T23:55:00+00:00,1.0975247739094542,1.0975808713105188,1.0974203448852329,1.0974699205348784,234
2023-01-05T00:00:00+00:00,1.0974699205348784,1.0974727886215103,1.09737678019711,1.0974715927830168,449
2023-01-05T00:05:00+00:00,1.0974715927830168,1.0977598826067134,1.0974276364115514,1.097699832355746,257
2023-01-05T00:10:00+00:00,1.097699832355746,1.097730923032416,1.0976170020622082,1.097618549056379,96
2023-01-05T00:15:00+00:00,1.097618549056379,1.097695145427553,1.0975653582425606,1.097590029351695,336
2023-01-05T00:20:00+00:00,1.097590029351695,1.0976788147204626,1.0975508664224296,1.097655272580484,360
2023-01-05T00:25:00+00:00,1.097655272580484,1.0977088650669562,1.097629431410917,1.0976420995747245,256
2023-01-05T00:30:00+00:00,1.0976420995747245,1.0976597383471582,1.0975683741628046,1.0975881732623605,87
2023-01-05T00:35:00+00:00,1.0975881732623605,1.0976561979224608,1.0975872657599823,1.097610629344577,109
2023-01-05T00:40:00+00:00,1.097610629344577,1.0977960634113897,1.097545420135587,1.097677635912346,344
2023-01-05T00:45:00+00:00,1.097677635912346,1.0976776839841123,1.0975222204525215,1.0975762932874797,243
2023-01-05T00:50:00+00:00,1.0975762932874797,1.0976094287482863,1.0974453641814828,1.0974513480326296,284
2023-01-05T00:55:00+00:00,1.0974513480326296,1.0974957253815072,1.0971523316937393,1.0972491445039851,491
2023-01-05T01:00:00+00:00,1.0972491445039851,1.0972941283107642,1.0971845733646275,1.097289877165945,162
2023-01-05T01:05:00+00:00,1.097289877165945,1.0973541311096497,1.0972574779573327,1.0973381104518285,211
2023-01-05T01:10:00+00:00,1.0973381104518285,1.097362512285421,1.0972002724947272,1.097276007539325,184
2023-01-05T01:15:00+00:00,1.097276007539325,1.0972762494072628,1.097227850724223,1.097249942750612,394
2023-01-05T01:20:00+00:00,1.097249942750612,1.0972966730130842,1.0972204132141343,1.0972509283271648,210
2023-01-05T01:25:00+00:00,1.0972509283271648,1.0973151258052787,1.0971512597385369,1.0972356114108035,187
2023-01-05T01:30:00+00:00,1.0972356114108035,1.0973669745807542,1.0972062048238478,1.0972914532363782,427
2023-01-05T01:35:00+00:00,1.0972914532363782,1.0973168118733372,1.0971934549074378,1.0972709479324665,496
2023-01-05T01:40:00+00:00,1.0972709479324665,1.0973068578594996,1.097218517632363,1.0972669119627785,232
2023-01-05T01:45:00+00:00,1.0972669119627785,1.0972801387956064,1.0971176874755957,1.097137414487265,90
2023-01-05T01:50:00+00:00,1.097137414487265,1.0972033300883908,1.0970217253352013,1.0970858964234318,327
2023-01-05T01:55:00+00:00,1.0970858964234318,1.0971795906845319,1.0969729363917726,1.0969982564980987,240
2023-01-05T02:00:00+00:00,1.0969982564980987,1.0970382893675725,1.0968260043226075,1.0969321610179972,494
2023-01-05T02:05:00+00:00,1.0969321610179972,1.0969370794288458,1.0968866429063546,1.0969180372693113,441
2023-01-05T02:10:00+00:00,1.0969180372693113,1.0969960549577094,1.0969066005943762,1.096975634107237,77
2023-01-05T02:15:00+00:00,1.096975634107237,1.0971322292992625,1.0969671896909972,1.0970804626969912,326
2023-01-05T02:20:00+00:00,1.0970804626969912,1.0971637448200178,1.0970251723529643,1.097154361178691,284
2023-01-05T02:25:00+00:00,1.097154361178691,1.0972309190555851,1.0970381310537949,1.0970495145319359,285
2023-01-05T02:30:00+00:00,1.0970495145319359,1.0970554708179894,1.097024468187919,1.0970468870214483,101
2023-01-05T02:35:00+00:00,1.0970468870214483,1.0970783237625727,1.096917718619593,1.0969790009015905,182
2023-01-05T02:40:00+00:00,1.0969790009015905,1.097040622867217,1.0969636557107547,1.0970045791508476,225
2023-01-05T02:45:00+00:00,1.0970045791508476,1.0972455793895401,1.0969607244725297,1.097206461383937,157
2023-01-05T02:50:00+00:00,1.097206461383937,1.097247113887687,1.0970577980135203,1.097091270545318,280
2023-01-05T02:55:00+00:00,1.097091270545318,1.0971648056405037,1.0970672900522718,1.0971535008842566,344
2023-01-05T03:00:00+00:00,1.0971535008842566,1.0972379203415557,1.0970811479521758,1.0970976101034506,334
2023-01-05T03:05:00+00:00,1.0970976101034506,1.097142198841208,1.096936899584592,1.0969571271054537,124
2023-01-05T03:10:00+00:00,1.0969571271054537,1.097077076709333,1.0969502311903474,1.0969991923099698,265
2023-01-05T03:15:00+00:00,1.0969991923099698,1.0971672083565567,1.0969987764206899,1.0970026260806975,484
2023-01-05T03:20:00+00:00,1.0970026260806975,1.0970478399205525,1.096913618249791,1.0969367907352903,178
2023-01-05T03:25:00+00:00,1.0969367907352903,1.097082841097235,1.0969121415614853,1.0970229482615685,253
2023-01-05T03:30:00+00:00,1.0970229482615685,1.097080720632339,1.097014702599735,1.0970633245651615,479
2023-01-05T03:35:00+00:00,1.0970633245651615,1.0971621674861283,1.097023510551056,1.0971247147207823,221
2023-01-05T03:40:00+00:00,1.0971247147207823,1.0971718891366156,1.0970363731510622,1.0971216187936468,226
2023-01-05T03:45:00+00:00,1.0971216187936468,1.0971468421511974,1.0970684714537005,1.0970716313949276,494
2023-01-05T03:50:00+00:00,1.0970716313949276,1.0971332675083716,1.0969622995921922,1.0970264544564294,325
2023-01-05T03:55:00+00:00,1.0970264544564294,1.0970661988166919,1.096896733544008,1.0969741806510356,231
2023-01-05T04:00:00+00:00,1.0969741806510356,1.0970274120241987,1.0969238397255823,1.0969322662868939,90
2023-01-05T04:05:00+00:00,1.0969322662868939,1.0969624050079407,1.0968198671828508,1.0968477900574225,373
2023-01-05T04:10:00+00:00,1.0968477900574225,1.0970315687437509,1.0967748930132468,1.0970044524639686,265
2023-01-05T04:15:00+00:00,1.0970044524639686,1.097048640147351,1.0968161395236562,1.0968639555972701,484
2023-01-05T04:20:00+00:00,1.0968639555972701,1.096903787936612,1.0968398909250294,1.0968925973811603,384
2023-01-05T04:25:00+00:00,1.0968925973811603,1.0969619985001922,1.0968544721548596,1.096951862507132,380
2023-01-05T04:30:00+00:00,1.096951862507132,1.0970157107099505,1.0967980703512938,1.0968209243471843,432
2023-01-05T04:35:00+00:00,1.0968209243471843,1.0969318096910985,1.0965695592416886,1.0966369550470236,261
2023-01-05T04:40:00+00:00,1.0966369550470236,1.0968016152728481,1.0966111065399415,1.0967164386890256,178
2023-01-05T04:45:00+00:00,1.0967164386890256,1.0968316471720323,1.0966880476755598,1.09675935994382,90
2023-01-05T04:50:00+00:00,1.09675935994382,1.0968293946411867,1.096662406574012,1.0967806353317398,292
2023-01-05T04:55:00+00:00,1.0967806353317398,1.096899419351147,1.0967771719811792,1.0968883921709773,253
2023-01-05T05:00:00+00:00,1.0968883921709773,1.0969133428268452,1.0965719159427472,1.0966270186818623,93
2023-01-05T05:05:00+00:00,1.0966270186818623,1.09675460055474,1.0965409897333496,1.096696003029826,208
2023-01-05T05:10:00+00:00,1.096696003029826,1.0967955734489379,1.096671648416818,1.0967144723951914,319
2023-01-05T05:15:00+00:00,1.0967144723951914,1.0967369112018044,1.096704247914898,1.096730555339203,389
2023-01-05T05:20:00+00:00,1.096730555339203,1.0968175421495752,1.0965846345467358,1.096621537616508,495
2023-01-05T05:25:00+00:00,1.096621537616508,1.0966601244583907,1.096545401435592,1.0965554599613994,277
2023-01-05T05:30:00+00:00,1.0965554599613994,1.096777152952539,1.0964906421253318,1.0966857489163464,283
2023-01-05T05:35:00+00:00,1.0966857489163464,1.0967340577252351,1.096609031283649,1.0966611582596708,338
2023-01-05T05:40:00+00:00,1.0966611582596708,1.0966895443261158,1.0964507903179808,1.0965577879564585,296
2023-01-05T05:45:00+00:00,1.0965577879564585,1.0966453630998478,1.0965001439294195,1.0965224348535465,276
2023-01-05T05:50:00+00:00,1.0965224348535465,1.0965706099286725,1.0964905805175174,1.096494647644569,317
2023-01-05T05:55:00+00:00,1.096494647644569,1.09654461277011,1.0964056769289803,1.096505859375194,226
2023-01-05T06:00:00+00:00,1.096505859375194,1.0965661000180469,1.0964625584055996,1.0964847342890458,436
2023-01-05T06:05:00+00:00,1.0964847342890458,1.0964914370443415,1.0963992322655693,1.0964002048181496,270
2023-01-05T06:10:00+00:00,1.0964002048181496,1.0964981348259835,1.0963819491183004,1.0964337627501026,146
2023-01-05T06:15:00+00:00,1.0964337627501026,1.0964882714413902,1.0963050171583515,1.0963387811752365,252
2023-01-05T06:20:00+00:00,1.0963387811752365,1.096419623211954,1.0962817034838415,1.096340406800014,162
2023-01-05T06:25:00+00:00,1.096340406800014,1.0963446735126379,1.0961704900518068,1.096222689414149,172
2023-01-05T06:30:00+00:00,1.096222689414149,1.0962320339332883,1.0960232130605743,1.0960814925233502,189
2023-01-05T06:35:00+00:00,1.0960814925233502,1.0960993071188043,1.095922201323656,1.096002666310013,464
2023-01-05T06:40:00+00:00,1.096002666310013,1.09603470976535,1.0959734845666629,1.0959981175293954,106
2023-01-05T06:45:00+00:00,1.0959981175293954,1.096062978174755,1.0959455626635919,1.0960177441280294,189
2023-01-05T06:50:00+00:00,1.0960177441280294,1.096073141334082,1.0959784418063108,1.095990778297592,323
2023-01-05T06:55:00+00:00,1.095990778297592,1.0961664690081883,1.0959722148259967,1.0960338307757842,194
2023-01-05T07:00:00+00:00,1.0960338307757842,1.0961125001225087,1.0960149007208355,1.0960201187693548,127
2023-01-05T07:05:00+00:00,1.0960201187693548,1.0960549593226399,1.0959607872814041,1.0959640199213205,265
2023-01-05T07:10:00+00:00,1.0959640199213205,1.0960470260209234,1.0958556426535004,1.0959114517298905,455
2023-01-05T07:15:00+00:00,1.0959114517298905,1.0959318947400178,1.0959074011597807,1.0959118519468374,434
2023-01-05T07:20:00+00:00,1.0959118519468374,1.095944400024494,1.0959087636901574,1.095939319759541,290
2023-01-05T07:25:00+00:00,1.095939319759541,1.0959836138722987,1.095813826741961,1.0959104724981121,178
2023-01-05T07:30:00+00:00,1.0959104724981121,1.0960591963450246,1.0958488802641744,1.0959735968085769,177
2023-01-05T07:35:00+00:00,1.0959735968085769,1.0961717378100724,1.0958836681976474,1.0960699945640175,176
2023-01-05T07:40:00+00:00,1.0960699945640175,1.0960830097047856,1.0959866513561505,1.0960699142254282,316
2023-01-05T07:45:00+00:00,1.0960699142254282,1.0961221348755998,1.096040377891199,1.0961049186624086,249
2023-01-05T07:50:00+00:00,1.0961049186624086,1.096144218384563,1.096046358506938,1.0960775657659896,71
2023-01-05T07:55:00+00:00,1.0960775657659896,1.0961822182117376,1.0960144508425935,1.0961801254096049,112
2023-01-05T08:00:00+00:00,1.0961801254096049,1.0962514383751896,1.0961461977254552,1.0961792930056549,492
2023-01-05T08:05:00+00:00,1.0961792930056549,1.0964067339357904,1.0960627351954375,1.096339466705976,170
2023-01-05T08:10:00+00:00,1.096339466705976,1.0963723015062112,1.0962735072051437,1.096293452005133,111
2023-01-05T08:15:00+00:00,1.096293452005133,1.0963804300516224,1.09627073026613,1.0963508281464969,71
2023-01-05T08:20:00+00:00,1.0963508281464969,1.096388185431203,1.0962344166151794,1.0962453684483202,444
2023-01-05T08:25:00+00:00,1.0962453684483202,1.096270152595342,1.0961883010648052,1.0962039161876196,96
2023-01-05T08:30:00+00:00,1.0962039161876196,1.09624573387949,1.0960940874899732,1.096176975563862,80
2023-01-05T08:35:00+00:00,1.096176975563862,1.0962438806002814,1.096126538461675,1.0961529187528047,409
2023-01-05T08:40:00+00:00,1.0961529187528047,1.0961583154651906,1.0960738063360274,1.096117318470166,335
2023-01-05T08:45:00+00:00,1.096117318470166,1.0961443596051361,1.0960357070626978,1.096124189641894,462
2023-01-05T08:50:00+00:00,1.096124189641894,1.096277960859037,1.0960759219024545,1.0962268624486087,420
2023-01-05T08:55:00+00:00,1.0962268624486087,1.0963097168737175,1.096146728431774,1.0962388292165146,298
2023-01-05T09:00:00+00:00,1.0962388292165146,1.0963004509125485,1.0961568649207083,1.0962128168014316,340
2023-01-05T09:05:00+00:00,1.0962128168014316,1.0962307371812368,1.0961471264255358,1.096189727396816,424
2023-01-05T09:10:00+00:00,1.096189727396816,1.0962095654625812,1.0959527626458467,1.0960335389752676,132
2023-01-05T09:15:00+00:00,1.0960335389752676,1.0960598849266174,1.095930638929924,1.0959428099966686,201
2023-01-05T09:20:00+00:00,1.0959428099966686,1.0960431710117657,1.095859905234099,1.0959865668686104,309
2023-01-05T09:25:00+00:00,1.0959865668686104,1.0960507001625481,1.095964498823531,1.0960274812878263,59
2023-01-05T09:30:00+00:00,1.0960274812878263,1.0960599906986046,1.0959414324623236,1.095973448350368,82
2023-01-05T09:35:00+00:00,1.095973448350368,1.0960073501282797,1.0958745950879374,1.0959267677253095,248
2023-01-05T09:40:00+00:00,1.0959267677253095,1.0960435250908356,1.095923912334513,1.0959730576739437,194
2023-01-05T09:45:00+00:00,1.0959730576739437,1.096004580086848,1.0958642952411162,1.095928538249225,106
2023-01-05T09:50:00+00:00,1.095928538249225,1.0960682984370234,1.0958151251526351,1.096026601558245,141
2023-01-05T09:55:00+00:00,1.096026601558245,1.096102885609461,1.0960026212976435,1.0960793552949522,298
2023-01-05T10:00:00+00:00,1.0960793552949522,1.0961000638610712,1.0960481625478091,1.0960881948059917,300
2023-01-05T10:05:00+00:00,1.0960881948059917,1.096164903154041,1.096015483069208,1.0960280386187315,181
2023-01-05T10:10:00+00:00,1.0960280386187315,1.0960941338759,1.0960264101249013,1.096083414970276,156
2023-01-05T10:15:00+00:00,1.096083414970276,1.0961475053627725,1.0959769691165675,1.0960722370668907,476
2023-01-05T10:20:00+00:00,1.0960722370668907,1.0962430379801653,1.096012933917507,1.096199774504912,262
2023-01-05T10:25:00+00:00,1.096199774504912,1.0962782472048838,1.0961198124890508,1.0962393687668952,79
2023-01-05T10:30:00+00:00,1.0962393687668952,1.0963041571923842,1.0962208851694852,1.0962689842554154,205
2023-01-05T10:35:00+00:00,1.0962689842554154,1.0963090243045293,1.096252582108791,1.0962782499065988,315
2023-01-05T10:40:00+00:00,1.0962782499065988,1.0964312175236466,1.0962464810974846,1.096385166385474,319
2023-01-05T10:45:00+00:00,1.096385166385474,1.0964210449042948,1.0963223057107365,1.0963764620029026,141
2023-01-05T10:50:00+00:00,1.0963764620029026,1.0963993972393604,1.0962804847663936,1.0962825691698186,345
2023-01-05T10:55:00+00:00,1.0962825691698186,1.0963173329942273,1.0961046121922557,1.0961477465736087,390
2023-01-05T11:00:00+00:00,1.0961477465736087,1.0961581169242833,1.096098989812613,1.0961156475301261,308
2023-01-05T11:05:00+00:00,1.0961156475301261,1.096130980450631,1.0959946568981977,1.0960196734091492,357
2023-01-05T11:10:00+00:00,1.0960196734091492,1.09603600596433,1.0958899524834025,1.0959513809008024,216
2023-01-05T11:15:00+00:00,1.0959513809008024,1.096208382485326,1.0959087130466283,1.096179442618793,374
2023-01-05T11:20:00+00:00,1.096179442618793,1.0962134234729775,1.0960143397817832,1.096064327810156,159
2023-01-05T11:25:00+00:00,1.096064327810156,1.0961090399905242,1.0959563601165203,1.09600103687106,431
2023-01-05T11:30:00+00:00,1.09600103687106,1.0961286866821387,1.095949744459549,1.095997331133921,421
2023-01-05T11:35:00+00:00,1.095997331133921,1.0960648871870047,1.0959884911708446,1.0960249422391344,58
2023-01-05T11:40:00+00:00,1.0960249422391344,1.0960424399900424,1.0957609618664945,1.0957744845597042,163
2023-01-05T11:45:00+00:00,1.0957744845597042,1.0958496186823248,1.095732056943853,1.0958400853795065,445
2023-01-05T11:50:00+00:00,1.0958400853795065,1.0959638977962658,1.0958297733150588,1.0958950857471061,334
2023-01-05T11:55:00+00:00,1.0958950857471061,1.0960556863935786,1.0958671184151771,1.09599689476047,98
2023-01-05T12:00:00+00:00,1.09599689476047,1.096082356327563,1.0959660439535626,1.0960713450503612,348
2023-01-05T12:05:00+00:00,1.0960713450503612,1.0961313894974696,1.0960328715660885,1.0961313549064569,203
2023-01-05T12:10:00+00:00,1.0961313549064569,1.0962282050996175,1.096060549956859,1.0962006255311123,420
2023-01-05T12:15:00+00:00,1.0962006255311123,1.0962265827798818,1.0960867212595227,1.0961379098376283,299
2023-01-05T12:20:00+00:00,1.0961379098376283,1.0962634809861083,1.0960410535609724,1.0961954901799895,354
2023-01-05T12:25:00+00:00,1.0961954901799895,1.0962041351019511,1.096105797670603,1.0961165542685796,463
2023-01-05T12:30:00+00:00,1.0961165542685796,1.096125876590823,1.096008805449083,1.0960893980448412,228
2023-01-05T12:35:00+00:00,1.0960893980448412,1.096177069728947,1.0960528121829423,1.0961382113906504,494
2023-01-05T12:40:00+00:00,1.0961382113906504,1.0962984021247921,1.0961367922080893,1.0962394750166888,55
2023-01-05T12:45:00+00:00,1.0962394750166888,1.0962866112515721,1.0960326288780182,1.096085346697292,77
2023-01-05T12:50:00+00:00,1.096085346697292,1.0960989968329184,1.0960514885859938,1.0960790601918522,307
2023-01-05T12:55:00+00:00,1.0960790601918522,1.0960883541854312,1.0960420013542063,1.0960692971509123,394
2023-01-05T13:00:00+00:00,1.0960692971509123,1.0961189145642862,1.095998259198509,1.0960616100252807,308
2023-01-05T13:05:00+00:00,1.0960616100252807,1.096144084983801,1.0960330939255873,1.0960992025250027,452
2023-01-05T13:10:00+00:00,1.0960992025250027,1.0961156107835834,1.0960106663408553,1.0960671958985282,75
2023-01-05T13:15:00+00:00,1.0960671958985282,1.0961576141096194,1.0960555685989442,1.0961203630031224,254
2023-01-05T13:20:00+00:00,1.0961203630031224,1.0961213505194236,1.09596560046265,1.0959839782980303,336
2023-01-05T13:25:00+00:00,1.0959839782980303,1.0960330458547893,1.095936468020492,1.0960169821358008,342
2023-01-05T13:30:00+00:00,1.0960169821358008,1.096120545738737,1.0960136011258548,1.0960552976862934,86
2023-01-05T13:35:00+00:00,1.0960552976862934,1.0960607041196488,1.0959441869068065,1.0959969310220354,400
2023-01-05T13:40:00+00:00,1.0959969310220354,1.0960392122136415,1.0959721546106589,1.0960292725955976,228
2023-01-05T13:45:00+00:00,1.0960292725955976,1.0960460586485137,1.095914011808038,1.0959567926836005,385
2023-01-05T13:50:00+00:00,1.0959567926836005,1.0960322271852714,1.095887802279482,1.0960257672414373,461
2023-01-05T13:55:00+00:00,1.0960257672414373,1.0960520092511863,1.09600875799608,1.0960187286867085,72
2023-01-05T14:00:00+00:00,1.0960187286867085,1.096088835913256,1.0960072241752308,1.096072121746525,422
2023-01-05T14:05:00+00:00,1.096072121746525,1.0960868123922063,1.0960113646586311,1.096030863278652,77
2023-01-05T14:10:00+00:00,1.096030863278652,1.096106855797128,1.0959742014632026,1.0960372721903469,197
2023-01-05T14:15:00+00:00,1.0960372721903469,1.0962364807450125,1.0960306426285635,1.0961598416236777,106
2023-01-05T14:20:00+00:00,1.0961598416236777,1.096212932069521,1.0960903481483777,1.096130731349445,158
2023-01-05T14:25:00+00:00,1.096130731349445,1.0962640101954524,1.096072417077637,1.0962465910267443,182
2023-01-05T14:30:00+00:00,1.0962465910267443,1.0962676724205414,1.0960646256899376,1.0961415964806336,392
2023-01-05T14:35:00+00:00,1.0961415964806336,1.0962072872922686,1.096129554387254,1.096137178154401,389
2023-01-05T14:40:00+00:00,1.096137178154401,1.0961436143583476,1.0960470339093467,1.0960781426282,406
2023-01-05T14:45:00+00:00,1.0960781426282,1.0961116144286465,1.0960669924925905,1.0960994322480686,385
2023-01-05T14:50:00+00:00,1.0960994322480686,1.0961352003337845,1.096060064520293,1.0961289316177967,387
2023-01-05T14:55:00+00:00,1.0961289316177967,1.096144186412579,1.0960123166374414,1.0960307049066977,199
2023-01-05T15:00:00+00:00,1.0960307049066977,1.0961637248221627,1.096024926916051,1.0961101535104814,413
2023-01-05T15:05:00+00:00,1.0961101535104814,1.0962247460147412,1.0960846539714535,1.0961894645030912,493
2023-01-05T15:10:00+00:00,1.0961894645030912,1.0962017627695633,1.0961216656700952,1.096162861839048,337
2023-01-05T15:15:00+00:00,1.096162861839048,1.096371817924735,1.096158209383497,1.0963624922536337,176
2023-01-05T15:20:00+00:00,1.0963624922536337,1.0964443015509662,1.0962800709371796,1.0964242917190845,59
2023-01-05T15:25:00+00:00,1.0964242917190845,1.0964607919371554,1.0963860707122808,1.0964341872959154,370
2023-01-05T15:30:00+00:00,1.0964341872959154,1.0965914223891386,1.0963100918944044,1.0963499032183759,81
2023-01-05T15:35:00+00:00,1.0963499032183759,1.0964221579565785,1.0962698465063596,1.096342824300583,467
2023-01-05T15:40:00+00:00,1.096342824300583,1.0965434453077765,1.0963088837677881,1.0965361764466632,224
2023-01-05T15:45:00+00:00,1.0965361764466632,1.0965945738705032,1.096475708101687,1.0965197407075533,94
2023-01-05T15:50:00+00:00,1.0965197407075533,1.0965798982364119,1.0964646778726936,1.0965090563436817,401
2023-01-05T15:55:00+00:00,1.0965090563436817,1.0965142968720665,1.0963278080041696,1.096364510802324,128
2023-01-05T16:00:00+00:00,1.096364510802324,1.0963838009192257,1.0962610072765273,1.0963040755120173,117
2023-01-05T16:05:00+00:00,1.0963040755120173,1.0963114047812212,1.0962256023884762,1.0962519106969795,327
2023-01-05T16:10:00+00:00,1.0962519106969795,1.0962826835170265,1.0961824215193288,1.0962317967109192,318
2023-01-05T16:15:00+00:00,1.0962317967109192,1.0963712461172959,1.0962032640904482,1.0963265577719385,444
2023-01-05T16:20:00+00:00,1.0963265577719385,1.0965339108439196,1.0962886490133879,1.0964419752861285,335
2023-01-05T16:25:00+00:00,1.0964419752861285,1.096519989073037,1.0963923335943202,1.0964087255567379,144
2023-01-05T16:30:00+00:00,1.0964087255567379,1.0965024734616675,1.0963302115509364,1.0963424316146337,500
2023-01-05T16:35:00+00:00,1.0963424316146337,1.0964680483020044,1.0961875470205038,1.0962091486802226,205
2023-01-05T16:40:00+00:00,1.0962091486802226,1.0962499839766462,1.0959445798496394,1.0960361120290685,190
2023-01-05T16:45:00+00:00,1.0960361120290685,1.0960547530468958,1.0958964358581178,1.0959227679357408,117
2023-01-05T16:50:00+00:00,1.0959227679357408,1.096056127400576,1.0958927271645942,1.0959783783038795,340
2023-01-05T16:55:00+00:00,1.0959783783038795,1.0960296303689325,1.0958954430119694,1.0959391396233302,168
2023-01-05T17:00:00+00:00,1.0959391396233302,1.0959827116101803,1.0958901819697617,1.0959117428589518,307
2023-01-05T17:05:00+00:00,1.0959117428589518,1.0959436852818372,1.0957827568243574,1.0958290431231772,382
2023-01-05T17:10:00+00:00,1.0958290431231772,1.0958986206334334,1.0956935506213208,1.0957207083013136,148
2023-01-05T17:15:00+00:00,1.0957207083013136,1.0957322005868437,1.0956700300527726,1.0957245889616525,57
2023-01-05T17:20:00+00:00,1.0957245889616525,1.0959562675719117,1.0957117898279822,1.0959009665992578,153
2023-01-05T17:25:00+00:00,1.0959009665992578,1.0960209865227515,1.0958824920794334,1.0960200831062281,274
2023-01-05T17:30:00+00:00,1.0960200831062281,1.096126944717353,1.0959950090935626,1.0960839414203372,176
2023-01-05T17:35:00+00:00,1.0960839414203372,1.0962420577058054,1.0960459060073566,1.0961643489634956,361
2023-01-05T17:40:00+00:00,1.0961643489634956,1.096213061661724,1.0961322179196717,1.0961586882272407,430
2023-01-05T17:45:00+00:00,1.0961586882272407,1.0963175141615207,1.0961316203351286,1.0962617611287941,378
2023-01-05T17:50:00+00:00,1.0962617611287941,1.0964251298482304,1.0962074144770295,1.0963632655800786,473
2023-01-05T17:55:00+00:00,1.0963632655800786,1.0964370050381462,1.0962822440231532,1.0963534630704317,175
2023-01-05T18:00:00+00:00,1.0963534630704317,1.0963593458695748,1.0962693347821084,1.096275277137363,314
2023-01-05T18:05:00+00:00,1.096275277137363,1.0962874678551389,1.096047481811112,1.0961750779768602,147
2023-01-05T18:10:00+00:00,1.0961750779768602,1.096223777908244,1.0961244861287278,1.0961559977984903,286
2023-01-05T18:15:00+00:00,1.0961559977984903,1.0963197440920522,1.096119858544723,1.0962988245321241,77
2023-01-05T18:20:00+00:00,1.0962988245321241,1.0963993841950594,1.0961664206722546,1.0962366093915914,96
2023-01-05T18:25:00+00:00,1.0962366093915914,1.0962685006302677,1.0962124649339304,1.0962643096913312,448
2023-01-05T18:30:00+00:00,1.0962643096913312,1.096318527131533,1.0960722495048039,1.0961201071949132,215
2023-01-05T18:35:00+00:00,1.0961201071949132,1.0961500157422783,1.0960891335847174,1.0960986677457358,352
2023-01-05T18:40:00+00:00,1.0960986677457358,1.096300012061369,1.0960825851923148,1.0962356963133937,215
2023-01-05T18:45:00+00:00,1.0962356963133937,1.096274731745109,1.0961120513277556,1.0962138391276548,457
2023-01-05T18:50:00+00:00,1.0962138391276548,1.0963519966771884,1.0961480771629246,1.0962822931539302,374
2023-01-05T18:55:00+00:00,1.0962822931539302,1.0963914055316977,1.0962360888272966,1.0963517201611142,246
2023-01-05T19:00:00+00:00,1.0963517201611142,1.0964862390269092,1.0962992716135715,1.0963217668441236,331
2023-01-05T19:05:00+00:00,1.0963217668441236,1.0963843183723296,1.0962344437095533,1.0962927361570238,221
2023-01-05T19:10:00+00:00,1.0962927361570238,1.096322093608911,1.096127457792786,1.0961866466554464,141
2023-01-05T19:15:00+00:00,1.0961866466554464,1.0963206392453744,1.0961705354393503,1.0963186905877709,207
2023-01-05T19:20:00+00:00,1.0963186905877709,1.0963983273314182,1.096204024767862,1.0962702303791507,110
2023-01-05T19:25:00+00:00,1.0962702303791507,1.0964110866679107,1.0961945968660631,1.0963089667283825,51
2023-01-05T19:30:00+00:00,1.0963089667283825,1.0963355605683358,1.0961716032806563,1.0962666345725685,328
2023-01-05T19:35:00+00:00,1.0962666345725685,1.0963327715616147,1.0962026179873288,1.0963086025928115,302
2023-01-05T19:40:00+00:00,1.0963086025928115,1.096384732453989,1.096257824120177,1.096318261360191,90
2023-01-05T19:45:00+00:00,1.096318261360191,1.0963369196291213,1.0963148507301768,1.0963322999747704,330
2023-01-05T19:50:00+00:00,1.0963322999747704,1.0964015814319676,1.0962995081269107,1.0963140561823979,144
2023-01-05T19:55:00+00:00,1.0963140561823979,1.0963574745361528,1.096207827261619,1.0962662309451034,68
2023-01-05T20:00:00+00:00,1.0962662309451034,1.0962904900669395,1.0962062622844713,1.0962803265231271,219
2023-01-05T20:05:00+00:00,1.0962803265231271,1.0962942385094627,1.0962230037265361,1.0962306081735658,263
2023-01-05T20:10:00+00:00,1.0962306081735658,1.0962807376650683,1.096214846057307,1.0962795704557307,408
2023-01-05T20:15:00+00:00,1.0962795704557307,1.096468809453338,1.0962301355408808,1.0963960376857689,140
2023-01-05T20:20:00+00:00,1.0963960376857689,1.0965451721956316,1.0963874144582846,1.096527688178332,443
2023-01-05T20:25:00+00:00,1.096527688178332,1.0965604826903523,1.096482023418698,1.0965458687883816,244
2023-01-05T20:30:00+00:00,1.0965458687883816,1.096681230112437,1.096535732551466,1.0966050304970263,291
2023-01-05T20:35:00+00:00,1.0966050304970263,1.0966561246806346,1.0965245328568034,1.0965821554833401,190
2023-01-05T20:40:00+00:00,1.0965821554833401,1.0966275602267372,1.0965356810106517,1.0965442292127285,79
2023-01-05T20:45:00+00:00,1.0965442292127285,1.0966613717972273,1.0964929478100323,1.0965988269377152,372
2023-01-05T20:50:00+00:00,1.0965988269377152,1.0966027010879102,1.096555615998486,1.0965666649649084,453
2023-01-05T20:55:00+00:00,1.0965666649649084,1.0966076543820322,1.0964571020998808,1.0964606447881473,361
2023-01-05T21:00:00+00:00,1.0964606447881473,1.0965296318400446,1.0963984251739631,1.0964979527449847,116
2023-01-05T21:05:00+00:00,1.0964979527449847,1.096542055182547,1.0964101259793153,1.0964486592034144,423
2023-01-05T21:10:00+00:00,1.0964486592034144,1.0964915732126945,1.0963579881876302,1.0963872156343382,412
2023-01-05T21:15:00+00:00,1.0963872156343382,1.0964962402332714,1.096355474802334,1.096487986737551,110
2023-01-05T21:20:00+00:00,1.096487986737551,1.096610897350853,1.0964163692305453,1.0966003762672363,459
2023-01-05T21:25:00+00:00,1.0966003762672363,1.0967454963049272,1.096566081452428,1.0967067478944303,73
2023-01-05T21:30:00+00:00,1.0967067478944303,1.0967621729830486,1.096651854945967,1.096656749771425,153
2023-01-05T21:35:00+00:00,1.096656749771425,1.0966708502044888,1.0966134977013189,1.0966491224872232,84
2023-01-05T21:40:00+00:00,1.0966491224872232,1.0967046889838283,1.0966144122937924,1.0966168963542648,401
2023-01-05T21:45:00+00:00,1.0966168963542648,1.0966514643444218,1.0965734029382628,1.0966263717854652,341
2023-01-05T21:50:00+00:00,1.0966263717854652,1.0966344669038164,1.0965932300847425,1.0966134068552917,223
2023-01-05T21:55:00+00:00,1.0966134068552917,1.096729363398638,1.0965866155667046,1.0966789323343848,292
2023-01-05T22:00:00+00:00,1.0966789323343848,1.0967830618473844,1.096609167154517,1.0967141897047288,492
2023-01-05T22:05:00+00:00,1.0967141897047288,1.0967727302353696,1.0967037911196347,1.0967287696262082,451
2023-01-05T22:10:00+00:00,1.0967287696262082,1.0969077150978916,1.0966718181100006,1.0968022725565088,339
2023-01-05T22:15:00+00:00,1.0968022725565088,1.096844104410894,1.0967592744250378,1.0968372842483678,324
2023-01-05T22:20:00+00:00,1.0968372842483678,1.0969508019484597,1.0967825967015115,1.096943101504121,457
2023-01-05T22:25:00+00:00,1.096943101504121,1.0971798948640443,1.0968379564167812,1.0970998120275868,193
2023-01-05T22:30:00+00:00,1.0970998120275868,1.0971789684972217,1.0970560379446184,1.0971406567977922,134
2023-01-05T22:35:00+00:00,1.0971406567977922,1.097256845532304,1.097119227989698,1.0972120266308893,354
2023-01-05T22:40:00+00:00,1.0972120266308893,1.0973757859445643,1.0971766647395829,1.0973172871836536,413
2023-01-05T22:45:00+00:00,1.0973172871836536,1.0975170324837182,1.0973070840291048,1.0974663673052825,304
2023-01-05T22:50:00+00:00,1.0974663673052825,1.0975567715536663,1.0974460427482169,1.0975231340151137,318
2023-01-05T22:55:00+00:00,1.0975231340151137,1.0975310103144233,1.0974419531469297,1.0974650439236047,451
2023-01-05T23:00:00+00:00,1.0974650439236047,1.0975266889810673,1.097415434593667,1.0975188671465799,459
2023-01-05T23:05:00+00:00,1.0975188671465799,1.0976311501475513,1.0975124665335532,1.0975726239895578,147
2023-01-05T23:10:00+00:00,1.0975726239895578,1.0976211274811618,1.097494574148741,1.0975248375686208,217
2023-01-05T23:15:00+00:00,1.0975248375686208,1.0975878068025,1.0973978639398403,1.0974772720923678,470
2023-01-05T23:20:00+00:00,1.0974772720923678,1.0975813116295159,1.0974434218014602,1.097574615088258,68
2023-01-05T23:25:00+00:00,1.097574615088258,1.0976511291473539,1.0975537095286836,1.0975736789866668,317
2023-01-05T23:30:00+00:00,1.0975736789866668,1.0976554852766334,1.0974802956381704,1.0976267761034204,496
2023-01-05T23:35:00+00:00,1.0976267761034204,1.0977186360669107,1.0975976017254458,1.0976707417985943,73
2023-01-05T23:40:00+00:00,1.0976707417985943,1.0978324773975896,1.0976704440349756,1.0977810391736782,438
2023-01-05T23:45:00+00:00,1.0977810391736782,1.0978212009665553,1.097667951270254,1.097765529093823,214
2023-01-05T23:50:00+00:00,1.097765529093823,1.09782629172552,1.0976812155201754,1.0977871693312795,393
2023-01-05T23:55:00+00:00,1.0977871693312795,1.0978081832610826,1.0977418159043753,1.0977609735464335,190
2023-01-06T00:00:00+00:00,1.0977609735464335,1.0979972685270236,1.0977393471159573,1.0979142379195026,327
2023-01-06T00:05:00+00:00,1.0979142379195026,1.0979400452444918,1.097866803000234,1.0979021748311066,122
2023-01-06T00:10:00+00:00,1.0979021748311066,1.098070564710909,1.0978747870419663,1.0980390703699499,209
2023-01-06T00:15:00+00:00,1.0980390703699499,1.0980735083432336,1.0979889032752672,1.0980186027447478,277
2023-01-06T00:20:00+00:00,1.0980186027447478,1.0980423748583519,1.0980053933513834,1.0980385742781924,246
2023-01-06T00:25:00+00:00,1.0980385742781924,1.0980883133546495,1.0980079352529841,1.098025419884732,141
2023-01-06T00:30:00+00:00,1.098025419884732,1.0981265092485393,1.0979270380624704,1.0979796165863733,278
2023-01-06T00:35:00+00:00,1.0979796165863733,1.0980118426880712,1.0978632817672245,1.0978921697233168,468
2023-01-06T00:40:00+00:00,1.0978921697233168,1.0980167134324335,1.0978848075702448,1.0979368709863364,436
2023-01-06T00:45:00+00:00,1.0979368709863364,1.0979427340501025,1.0978437789148425,1.0979082756969343,97
2023-01-06T00:50:00+00:00,1.0979082756969343,1.0980825877392808,1.0978542293465459,1.0979789395029869,400
2023-01-06T00:55:00+00:00,1.0979789395029869,1.0980504658145676,1.0979117462461032,1.097997951121827,290
2023-01-06T01:00:00+00:00,1.097997951121827,1.0980413847381878,1.0979534324314952,1.0980060293151588,236
2023-01-06T01:05:00+00:00,1.0980060293151588,1.0980664197865468,1.0978740216177096,1.0979226676466034,390
2023-01-06T01:10:00+00:00,1.0979226676466034,1.0980095792005726,1.0978212197409125,1.097847388921156,83
2023-01-06T01:15:00+00:00,1.097847388921156,1.0979773855269057,1.0978402066419986,1.097931413524724,286
2023-01-06T01:20:00+00:00,1.097931413524724,1.0980034066066415,1.097893445706429,1.0979698374317075,310
2023-01-06T01:25:00+00:00,1.0979698374317075,1.0981301463955138,1.0979142602526593,1.0980565416945027,457
2023-01-06T01:30:00+00:00,1.0980565416945027,1.0981775527633553,1.0980182743201483,1.0981378691960075,286
2023-01-06T01:35:00+00:00,1.0981378691960075,1.0982105976025658,1.0981077265711243,1.0981686590763486,367
2023-01-06T01:40:00+00:00,1.0981686590763486,1.098201471582224,1.0981502867779878,1.0981720678622946,156
2023-01-06T01:45:00+00:00,1.0981720678622946,1.098203012921603,1.0981105302240375,1.0981768795063875,451
2023-01-06T01:50:00+00:00,1.0981768795063875,1.0982891880515764,1.0981347470350973,1.098281160391617,138
2023-01-06T01:55:00+00:00,1.098281160391617,1.0983962589388847,1.0982639838069053,1.098385749771768,414
2023-01-06T02:00:00+00:00,1.098385749771768,1.0984117000216558,1.0982581065055474,1.0983047664771128,334
2023-01-06T02:05:00+00:00,1.0983047664771128,1.098349142170601,1.0982262435477737,1.0982574954608748,207
2023-01-06T02:10:00+00:00,1.0982574954608748,1.0982934651916467,1.0981863680892205,1.0982882675612766,444
2023-01-06T02:15:00+00:00,1.0982882675612766,1.0984013816620386,1.0982479579770086,1.0983824549324879,380
2023-01-06T02:20:00+00:00,1.0983824549324879,1.098400858685869,1.098322642956761,1.098365353556765,436
2023-01-06T02:25:00+00:00,1.098365353556765,1.0983659833385677,1.098213631865508,1.0982143565462108,125
2023-01-06T02:30:00+00:00,1.0982143565462108,1.0982608900038784,1.098151400625902,1.0981692261536289,278
2023-01-06T02:35:00+00:00,1.0981692261536289,1.0983029718857014,1.0980979542410783,1.098277649128035,212
2023-01-06T02:40:00+00:00,1.098277649128035,1.0983622682702394,1.098187497342742,1.098235449724711,272
2023-01-06T02:45:00+00:00,1.098235449724711,1.098257770563264,1.0979663269322857,1.0980751122311307,95
2023-01-06T02:50:00+00:00,1.0980751122311307,1.0981092624193358,1.0978843931322004,1.0979811771300558,486
2023-01-06T02:55:00+00:00,1.0979811771300558,1.0979943324311352,1.0979264010530014,1.0979725632847595,331
2023-01-06T03:00:00+00:00,1.0979725632847595,1.097977737192523,1.0978435906561692,1.0979773257452519,106
2023-01-06T03:05:00+00:00,1.0979773257452519,1.098041791268335,1.0978204279381059,1.0978971210547845,170
2023-01-06T03:10:00+00:00,1.0978971210547845,1.0979249029655522,1.0977458032234029,1.0978014956610214,257
2023-01-06T03:15:00+00:00,1.0978014956610214,1.0978476646748936,1.0976711813416977,1.0977136903641627,389
2023-01-06T03:20:00+00:00,1.0977136903641627,1.0977597524233331,1.0976231980760383,1.0977354976077591,234
2023-01-06T03:25:00+00:00,1.0977354976077591,1.0977510008897557,1.0976600381637052,1.097684480091355,496
2023-01-06T03:30:00+00:00,1.097684480091355,1.0977080148085991,1.0976573335338968,1.0976653420303617,419
2023-01-06T03:35:00+00:00,1.0976653420303617,1.0977279891011815,1.0976168711531378,1.0976730871412752,119
2023-01-06T03:40:00+00:00,1.0976730871412752,1.0978098470963478,1.0976254453200065,1.0977734843128784,453
2023-01-06T03:45:00+00:00,1.0977734843128784,1.0978583822705752,1.0976648053508826,1.0978195564019053,369
2023-01-06T03:50:00+00:00,1.0978195564019053,1.0979158215282554,1.097767777195005,1.097861860811967,231
2023-01-06T03:55:00+00:00,1.097861860811967,1.0978698446977782,1.0977833272912314,1.0978353003640877,53
2023-01-06T04:00:00+00:00,1.0978353003640877,1.0978808556477746,1.0976951856782875,1.0977000933456782,260
2023-01-06T04:05:00+00:00,1.0977000933456782,1.0978544148860567,1.0976709184227988,1.0977957370382003,67
2023-01-06T04:10:00+00:00,1.0977957370382003,1.0979088177111582,1.0977888830927276,1.0978999837466592,296
2023-01-06T04:15:00+00:00,1.0978999837466592,1.0979198230120149,1.0978590204642669,1.0978638840609094,423
2023-01-06T04:20:00+00:00,1.0978638840609094,1.098006233832054,1.097752127340355,1.0978385324888489,288
2023-01-06T04:25:00+00:00,1.0978385324888489,1.0978990558221935,1.0978193690504892,1.0978258390926026,362
2023-01-06T04:30:00+00:00,1.0978258390926026,1.097934074378417,1.097819204421555,1.0979042424435577,89
2023-01-06T04:35:00+00:00,1.0979042424435577,1.0979292931937288,1.0976457783844082,1.0977027554457315,346
2023-01-06T04:40:00+00:00,1.0977027554457315,1.097717966938021,1.0976460763781264,1.0976942171014317,290
2023-01-06T04:45:00+00:00,1.0976942171014317,1.0979155966562841,1.097663245772089,1.0978113565010508,343
2023-01-06T04:50:00+00:00,1.0978113565010508,1.097863358823657,1.0977176791535708,1.09780440860441,198
2023-01-06T04:55:00+00:00,1.09780440860441,1.0978425846142446,1.0977039242586646,1.097770861905701,355
2023-01-06T05:00:00+00:00,1.097770861905701,1.0978345877129492,1.0977050580674848,1.0977575017549894,136
2023-01-06T05:05:00+00:00,1.0977575017549894,1.0978586404194888,1.0977252040490164,1.097793088318292,199
2023-01-06T05:10:00+00:00,1.097793088318292,1.0979002994535678,1.0977883310932366,1.0978350708692401,308
2023-01-06T05:15:00+00:00,1.0978350708692401,1.0979463795796467,1.097794435483595,1.0978688833695867,179
2023-01-06T05:20:00+00:00,1.0978688833695867,1.0979441432388455,1.0978635807199235,1.0979140992324294,107
2023-01-06T05:25:00+00:00,1.0979140992324294,1.0980013215902371,1.097838426393764,1.097905054455493,428
2023-01-06T05:30:00+00:00,1.097905054455493,1.0980014374966245,1.0978912228296973,1.0979572037415726,408
2023-01-06T05:35:00+00:00,1.0979572037415726,1.0979599392190287,1.0978690507454272,1.09790051037644,320
2023-01-06T05:40:00+00:00,1.09790051037644,1.097984376038386,1.0978763610998847,1.0979494458797519,470
2023-01-06T05:45:00+00:00,1.0979494458797519,1.0980067525658772,1.0979012158514785,1.0979735976821576,261
2023-01-06T05:50:00+00:00,1.0979735976821576,1.098019180288455,1.0979073329261835,1.0979826211874057,157
2023-01-06T05:55:00+00:00,1.0979826211874057,1.0981107424818937,1.0979375517249435,1.0980259529549583,77
2023-01-06T06:00:00+00:00,1.0980259529549583,1.0980913669330246,1.0979207489506935,1.0979433408875745,254
2023-01-06T06:05:00+00:00,1.0979433408875745,1.0980333430731881,1.0979348799474857,1.0979771089947643,435
2023-01-06T06:10:00+00:00,1.0979771089947643,1.098047257032232,1.097956936546185,1.0980301795653007,184
2023-01-06T06:15:00+00:00,1.0980301795653007,1.0980920407339365,1.0978790600098676,1.097958966164404,56
2023-01-06T06:20:00+00:00,1.097958966164404,1.098045658590664,1.0978938480549616,1.0979259684282148,321
2023-01-06T06:25:00+00:00,1.0979259684282148,1.0979804460622102,1.0979127653728,1.0979745221961017,322
2023-01-06T06:30:00+00:00,1.0979745221961017,1.0980695760138983,1.0977442775284323,1.0978459995382455,489
2023-01-06T06:35:00+00:00,1.0978459995382455,1.0979274794461913,1.0978067025561915,1.0979218638336636,460
2023-01-06T06:40:00+00:00,1.0979218638336636,1.0980606323662192,1.0978551078825736,1.0980184352593538,433
2023-01-06T06:45:00+00:00,1.0980184352593538,1.0981108415176555,1.097943888357195,1.0981069958773624,444
2023-01-06T06:50:00+00:00,1.0981069958773624,1.098175786907844,1.0980954541196433,1.0981331111816108,330
2023-01-06T06:55:00+00:00,1.0981331111816108,1.0981396206926712,1.098087293240049,1.098087726522898,84
2023-01-06T07:00:00+00:00,1.098087726522898,1.0981270987418128,1.0980445648022747,1.0981253963897568,162
2023-01-06T07:05:00+00:00,1.0981253963897568,1.0981856047706526,1.0980877631634887,1.098179704994135,67
2023-01-06T07:10:00+00:00,1.098179704994135,1.0982192063638054,1.0981119891619908,1.0982159483102667,477
2023-01-06T07:15:00+00:00,1.0982159483102667,1.0982299436087495,1.0981072008607313,1.0981733665873608,112
2023-01-06T07:20:00+00:00,1.0981733665873608,1.098197773749848,1.0981479763602466,1.0981643313925336,386
2023-01-06T07:25:00+00:00,1.0981643313925336,1.0981706138511254,1.0980607447407842,1.0981327156646685,461
2023-01-06T07:30:00+00:00,1.0981327156646685,1.0983226038886875,1.0981199172036382,1.0983008123049856,289
2023-01-06T07:35:00+00:00,1.0983008123049856,1.0983113933576345,1.098227904666496,1.09824468891305,282
2023-01-06T07:40:00+00:00,1.09824468891305,1.098321866764985,1.098147767705032,1.098303091320809,444
2023-01-06T07:45:00+00:00,1.098303091320809,1.098386045686341,1.0982648301693114,1.0983811829627415,449
2023-01-06T07:50:00+00:00,1.0983811829627415,1.098545422061862,1.098347865464695,1.0985065786651942,80
2023-01-06T07:55:00+00:00,1.0985065786651942,1.098561134958631,1.0984151703374314,1.098556399004266,141
2023-01-06T08:00:00+00:00,1.098556399004266,1.0985776169588988,1.0984093893820457,1.0984712377186647,141
2023-01-06T08:05:00+00:00,1.0984712377186647,1.0984858625952756,1.0984061173824557,1.0984250903168422,326
2023-01-06T08:10:00+00:00,1.0984250903168422,1.0984680300249108,1.0983565219777263,1.0984331727190144,416
2023-01-06T08:15:00+00:00,1.0984331727190144,1.0984339252177935,1.0982829434370056,1.0982962418930258,86
2023-01-06T08:20:00+00:00,1.0982962418930258,1.098312702202964,1.09814257726747,1.098242976219851,126
2023-01-06T08:25:00+00:00,1.098242976219851,1.0983024964385522,1.0982412690323389,1.0983013024520758,69
2023-01-06T08:30:00+00:00,1.0983013024520758,1.0983351314881178,1.0982371476118749,1.0982706075062885,344
2023-01-06T08:35:00+00:00,1.0982706075062885,1.0983489971125795,1.0981053184973364,1.0981071430607126,444
2023-01-06T08:40:00+00:00,1.0981071430607126,1.0981102753416476,1.09797461597357,1.0980231599928696,452
2023-01-06T08:45:00+00:00,1.0980231599928696,1.098055521608498,1.0978936332084088,1.0979088861938775,246
2023-01-06T08:50:00+00:00,1.0979088861938775,1.0980781874679333,1.097844582569898,1.0980519683853578,233
2023-01-06T08:55:00+00:00,1.0980519683853578,1.0980863665564364,1.0980152033516268,1.0980651074765588,78
2023-01-06T09:00:00+00:00,1.0980651074765588,1.0981583948508047,1.0978783210363932,1.097930397590547,224
2023-01-06T09:05:00+00:00,1.097930397590547,1.0980338004522736,1.0979035323829545,1.097985263320965,442
2023-01-06T09:10:00+00:00,1.097985263320965,1.0980179005517827,1.0978500607250012,1.097973366620338,388
2023-01-06T09:15:00+00:00,1.097973366620338,1.0980013137495976,1.0978326609222286,1.0979045682238169,104
2023-01-06T09:20:00+00:00,1.0979045682238169,1.0979390837049312,1.0977936564611552,1.0978546067278245,426
2023-01-06T09:25:00+00:00,1.0978546067278245,1.0979186681051207,1.0978420885628857,1.097913663025676,62
2023-01-06T09:30:00+00:00,1.097913663025676,1.0979794925219073,1.0978768929093272,1.097894888295485,326
2023-01-06T09:35:00+00:00,1.097894888295485,1.0979348648429192,1.0978487558309125,1.0978983357568701,477
2023-01-06T09:40:00+00:00,1.0978983357568701,1.098099428569429,1.0978530567239029,1.0979787722811676,222
2023-01-06T09:45:00+00:00,1.0979787722811676,1.097991247159056,1.097964395468841,1.0979877689699966,110
2023-01-06T09:50:00+00:00,1.0979877689699966,1.0980877840392522,1.0978703823220768,1.0980170537033784,495
2023-01-06T09:55:00+00:00,1.0980170537033784,1.0980370399177095,1.0979708991340493,1.0979910732399674,346
2023-01-06T10:00:00+00:00,1.0979910732399674,1.098015093975851,1.097985788147144,1.0979958704909112,59
2023-01-06T10:05:00+00:00,1.0979958704909112,1.0981058787636604,1.0978849526328531,1.0979050653994686,73
2023-01-06T10:10:00+00:00,1.0979050653994686,1.097984135751052,1.0978345907656342,1.097911880978495,207
2023-01-06T10:15:00+00:00,1.097911880978495,1.0979333100430382,1.097891456396798,1.0979235828380933,362
2023-01-06T10:20:00+00:00,1.0979235828380933,1.0980349434245882,1.0979137856499368,1.0979762115658542,304
2023-01-06T10:25:00+00:00,1.0979762115658542,1.0980334037626716,1.0979043086816302,1.0979431645912008,82
2023-01-06T10:30:00+00:00,1.0979431645912008,1.0980225989230303,1.097889662402196,1.097972951880025,397
2023-01-06T10:35:00+00:00,1.097972951880025,1.0979936646692816,1.0977494805926569,1.0977641335314232,400
2023-01-06T10:40:00+00:00,1.0977641335314232,1.0977766187196505,1.0976811426335906,1.0977270063399658,441
2023-01-06T10:45:00+00:00,1.0977270063399658,1.0977566109450596,1.0975982028960214,1.0976069222693416,82
2023-01-06T10:50:00+00:00,1.0976069222693416,1.097659440593841,1.0975404423570152,1.0976404586653892,333
2023-01-06T10:55:00+00:00,1.0976404586653892,1.0977237414757475,1.0976082954276793,1.0977047218611347,347
2023-01-06T11:00:00+00:00,1.0977047218611347,1.0977475462531745,1.0976651836093057,1.0977417416946023,448
2023-01-06T11:05:00+00:00,1.0977417416946023,1.0977980920440762,1.0975669823401832,1.0976530662281967,91
2023-01-06T11:10:00+00:00,1.0976530662281967,1.097706086005795,1.097591538616227,1.0977048318932472,195
2023-01-06T11:15:00+00:00,1.0977048318932472,1.0978465273514337,1.0976592363848032,1.097768060447991,445
2023-01-06T11:20:00+00:00,1.097768060447991,1.0977719714602683,1.0977036145016965,1.097728353148014,280
2023-01-06T11:25:00+00:00,1.097728353148014,1.097880011878897,1.097666432710498,1.09777963162305,362
2023-01-06T11:30:00+00:00,1.09777963162305,1.0978425027033598,1.0977284381926495,1.0977425188660541,95
2023-01-06T11:35:00+00:00,1.0977425188660541,1.097803426942043,1.0975736450990887,1.097636254184125,228
2023-01-06T11:40:00+00:00,1.097636254184125,1.0976674482381268,1.0974961605411357,1.0975485820155695,98
2023-01-06T11:45:00+00:00,1.0975485820155695,1.0978426503800869,1.0974808645690899,1.0977695517241173,326
2023-01-06T11:50:00+00:00,1.0977695517241173,1.0977721972865102,1.0976578467434217,1.0976817757028172,77
2023-01-06T11:55:00+00:00,1.0976817757028172,1.0977126784234028,1.0975605596199423,1.0976442748797082,400
2023-01-06T12:00:00+00:00,1.0976442748797082,1.0978352092752874,1.097614777016031,1.0977436733665422,72
2023-01-06T12:05:00+00:00,1.0977436733665422,1.0977907760933818,1.0977278284701457,1.0977459069402196,157
2023-01-06T12:10:00+00:00,1.0977459069402196,1.097763906013062,1.097652604767413,1.0976812289572984,72
2023-01-06T12:15:00+00:00,1.0976812289572984,1.0976942349039225,1.097545886192292,1.0975558990807905,325
2023-01-06T12:20:00+00:00,1.0975558990807905,1.0976988162738759,1.097531171756054,1.0976204248750916,170
2023-01-06T12:25:00+00:00,1.0976204248750916,1.0976376225829132,1.0975544880325308,1.097625645901355,216
2023-01-06T12:30:00+00:00,1.097625645901355,1.0976660121169097,1.097482244698137,1.097511276462758,106
2023-01-06T12:35:00+00:00,1.097511276462758,1.0975217334686496,1.0974581263767251,1.0974782934375893,427
2023-01-06T12:40:00+00:00,1.0974782934375893,1.0974957268816095,1.0974190473773917,1.0974342105766688,349
2023-01-06T12:45:00+00:00,1.0974342105766688,1.0975388664074324,1.0974056986641363,1.0974159846424667,124
2023-01-06T12:50:00+00:00,1.0974159846424667,1.0975076458092785,1.0973948658372359,1.097440627033515,284
2023-01-06T12:55:00+00:00,1.097440627033515,1.0975250433982786,1.097371193148736,1.0975117173234168,188
2023-01-06T13:00:00+00:00,1.0975117173234168,1.0975504731060661,1.0975054888265605,1.0975255573361287,119
2023-01-06T13:05:00+00:00,1.0975255573361287,1.0975684318750305,1.097464849913951,1.0975008250788023,264
2023-01-06T13:10:00+00:00,1.0975008250788023,1.0975775661294367,1.0974494041345724,1.0975371977214279,454
2023-01-06T13:15:00+00:00,1.0975371977214279,1.097571340710387,1.0973487147662702,1.0974674448921493,137
2023-01-06T13:20:00+00:00,1.0974674448921493,1.0974973439140112,1.0973728866150028,1.0973794372192522,317
2023-01-06T13:25:00+00:00,1.0973794372192522,1.0976272282285522,1.097368267260197,1.0974626693145662,352
2023-01-06T13:30:00+00:00,1.0974626693145662,1.0974719106993953,1.0973235821081717,1.097376221509489,496
2023-01-06T13:35:00+00:00,1.097376221509489,1.0973863505614192,1.097331708892888,1.097385414660378,346
2023-01-06T13:40:00+00:00,1.097385414660378,1.0975313485741949,1.0972809745244174,1.0974185255940103,52
2023-01-06T13:45:00+00:00,1.0974185255940103,1.0974316013053187,1.0973539134167332,1.0973613420984099,290
2023-01-06T13:50:00+00:00,1.0973613420984099,1.0974202522030607,1.097308305493151,1.0973530175250348,464
2023-01-06T13:55:00+00:00,1.0973530175250348,1.0974181432747003,1.0972644186398284,1.097390571024408,281
2023-01-06T14:00:00+00:00,1.097390571024408,1.0973911879145413,1.0973572733432366,1.09735875998963,258
2023-01-06T14:05:00+00:00,1.09735875998963,1.0973841325062057,1.097229051175476,1.0972373068583716,201
2023-01-06T14:10:00+00:00,1.0972373068583716,1.0974439252602368,1.0971633236307574,1.0972591524770676,132
2023-01-06T14:15:00+00:00,1.0972591524770676,1.0973011038193068,1.0971645964877057,1.0972725369823753,432
2023-01-06T14:20:00+00:00,1.0972725369823753,1.0973412217174103,1.0970579780114218,1.0970845881681826,410
2023-01-06T14:25:00+00:00,1.0970845881681826,1.0971691077774446,1.0970351122256239,1.0970959503649755,239
2023-01-06T14:30:00+00:00,1.0970959503649755,1.0971517347613604,1.0969399535093611,1.097010200306341,247
2023-01-06T14:35:00+00:00,1.097010200306341,1.0970479361981265,1.096982277116829,1.097012659887492,66
2023-01-06T14:40:00+00:00,1.097012659887492,1.0970927069136274,1.0969534813856023,1.096975555569612,344
2023-01-06T14:45:00+00:00,1.096975555569612,1.0969998370725746,1.0967880979464575,1.096872708767784,91
2023-01-06T14:50:00+00:00,1.096872708767784,1.0969037598040499,1.0967668416313328,1.0968216020447947,395
2023-01-06T14:55:00+00:00,1.0968216020447947,1.0968322836502622,1.0967710959382924,1.0967833678836947,246
2023-01-06T15:00:00+00:00,1.0967833678836947,1.0968353096076258,1.0966904353006537,1.096711045830303,336
2023-01-06T15:05:00+00:00,1.096711045830303,1.0967676202489731,1.09664946991181,1.0967496777725432,446
2023-01-06T15:10:00+00:00,1.0967496777725432,1.0969498471783867,1.0967479258420445,1.0968145094022625,294
2023-01-06T15:15:00+00:00,1.0968145094022625,1.0968618020211873,1.0967312420841357,1.0968551856004145,496
2023-01-06T15:20:00+00:00,1.0968551856004145,1.0969184987875864,1.0968540667598505,1.0969097787418076,230
2023-01-06T15:25:00+00:00,1.0969097787418076,1.0969571955133517,1.0968187205844588,1.0968541207704765,266
2023-01-06T15:30:00+00:00,1.0968541207704765,1.096871950525922,1.0968182010017093,1.0968507039402846,319
2023-01-06T15:35:00+00:00,1.0968507039402846,1.0969555019979336,1.0968012443801836,1.0969284892367133,322
2023-01-06T15:40:00+00:00,1.0969284892367133,1.0969840251421847,1.096868735164154,1.0968870131699588,459
2023-01-06T15:45:00+00:00,1.0968870131699588,1.0970316585694284,1.0968189014635945,1.0969960359953823,83
2023-01-06T15:50:00+00:00,1.0969960359953823,1.0971563418114378,1.0969535686522645,1.0970602516194823,141
2023-01-06T15:55:00+00:00,1.0970602516194823,1.097133182693176,1.096938616611117,1.097103274376319,105
2023-01-06T16:00:00+00:00,1.097103274376319,1.0971456322622597,1.0970861931530453,1.0971246714153442,154
2023-01-06T16:05:00+00:00,1.0971246714153442,1.0972324391701525,1.0971155661501406,1.097162785152396,200
2023-01-06T16:10:00+00:00,1.097162785152396,1.0972007031608701,1.0970078646397274,1.0970593981891232,265
2023-01-06T16:15:00+00:00,1.0970593981891232,1.0971268983169913,1.0969983297404997,1.0970231788385567,199
2023-01-06T16:20:00+00:00,1.0970231788385567,1.0970407760533183,1.0969927249946576,1.0970309850481783,316
2023-01-06T16:25:00+00:00,1.0970309850481783,1.09706263516674,1.096848029361546,1.0968886592888178,225
2023-01-06T16:30:00+00:00,1.0968886592888178,1.0969616033474618,1.0967378991596688,1.096811652094644,321
2023-01-06T16:35:00+00:00,1.096811652094644,1.0968530764641813,1.0967661744754222,1.0968234448669982,205
2023-01-06T16:40:00+00:00,1.0968234448669982,1.0968672839449183,1.0966382765411775,1.0966689444016173,166
2023-01-06T16:45:00+00:00,1.0966689444016173,1.0969350404885212,1.096655811104339,1.0968028192314516,444
2023-01-06T16:50:00+00:00,1.0968028192314516,1.0968533017924655,1.0967760104572322,1.0968299186126629,366
2023-01-06T16:55:00+00:00,1.0968299186126629,1.0970969524855851,1.0967937288089515,1.097026873870675,196
2023-01-06T17:00:00+00:00,1.097026873870675,1.0970771566655009,1.096998667363798,1.0970488761912702,456
2023-01-06T17:05:00+00:00,1.0970488761912702,1.0970698820446956,1.0968525944493208,1.0968828793720682,71
2023-01-06T17:10:00+00:00,1.0968828793720682,1.096991438707361,1.0968381174408868,1.0969888818948434,155
2023-01-06T17:15:00+00:00,1.0969888818948434,1.0970305482256346,1.0969837984399677,1.097018272896939,212
2023-01-06T17:20:00+00:00,1.097018272896939,1.0970685025467395,1.0968892025903532,1.0970646079640198,323
2023-01-06T17:25:00+00:00,1.0970646079640198,1.0971712760639967,1.0969579616661338,1.0971354653435257,257
2023-01-06T17:30:00+00:00,1.0971354653435257,1.0972970802476243,1.0970269387375402,1.097261181747894,129
2023-01-06T17:35:00+00:00,1.097261181747894,1.0973430452178077,1.0972013699055474,1.0972035792752635,309
2023-01-06T17:40:00+00:00,1.0972035792752635,1.0972717805493535,1.0971031244177514,1.0971439369440816,436
2023-01-06T17:45:00+00:00,1.0971439369440816,1.0972210492452257,1.0971360341940009,1.097156234664746,125
2023-01-06T17:50:00+00:00,1.097156234664746,1.0972741857868888,1.0971160766997108,1.0971973264544952,107
2023-01-06T17:55:00+00:00,1.0971973264544952,1.0972096812071694,1.0970580698037544,1.0971646953945982,121
2023-01-06T18:00:00+00:00,1.0971646953945982,1.0971871171270844,1.0970802773842097,1.0971487589380888,162
2023-01-06T18:05:00+00:00,1.0971487589380888,1.0971882358600888,1.0971414242380213,1.097167465525945,78
2023-01-06T18:10:00+00:00,1.097167465525945,1.097188170339818,1.0970419792160993,1.0971279569188037,442
2023-01-06T18:15:00+00:00,1.0971279569188037,1.0971298211190605,1.0970958784710299,1.0971063931526552,325
2023-01-06T18:20:00+00:00,1.0971063931526552,1.0972392249777203,1.096974763439534,1.0971782540114658,251
2023-01-06T18:25:00+00:00,1.0971782540114658,1.0971932073087576,1.0970812224204392,1.097122310761247,359
2023-01-06T18:30:00+00:00,1.097122310761247,1.0971235427189288,1.0970715660476393,1.0970967072582756,416
2023-01-06T18:35:00+00:00,1.0970967072582756,1.0971258614589288,1.0969902552612025,1.0970284295192227,240
2023-01-06T18:40:00+00:00,1.0970284295192227,1.0971068119504392,1.0970090470546472,1.0971032927720534,337
2023-01-06T18:45:00+00:00,1.0971032927720534,1.097254709282828,1.0970611020683003,1.09718595598718,277
2023-01-06T18:50:00+00:00,1.09718595598718,1.0972377085475449,1.0971550645984636,1.0971830404452048,422
2023-01-06T18:55:00+00:00,1.0971830404452048,1.0972530467187294,1.0971733188807269,1.0972014495010045,262
2023-01-06T19:00:00+00:00,1.0972014495010045,1.0973221339954349,1.0971721938897805,1.0972710017042662,293
2023-01-06T19:05:00+00:00,1.0972710017042662,1.0973614839554848,1.0972665503276555,1.0973006106646515,221
2023-01-06T19:10:00+00:00,1.0973006106646515,1.0975391113618156,1.0972997842289725,1.0974878937706143,259
2023-01-06T19:15:00+00:00,1.0974878937706143,1.0975135923207806,1.0974243925709708,1.0974549865375356,139
2023-01-06T19:20:00+00:00,1.0974549865375356,1.0974820233796234,1.0973373337435526,1.0973382275935875,145
2023-01-06T19:25:00+00:00,1.0973382275935875,1.097358659106829,1.0972603989029486,1.0972963325323595,301
2023-01-06T19:30:00+00:00,1.0972963325323595,1.0974667946884575,1.0972747629246924,1.0974422621747815,336
2023-01-06T19:35:00+00:00,1.0974422621747815,1.0974445332393563,1.0973494706986082,1.0973850545309867,455
2023-01-06T19:40:00+00:00,1.0973850545309867,1.09744959800289,1.0972938544288096,1.0974489979616306,291
2023-01-06T19:45:00+00:00,1.0974489979616306,1.0975016214997144,1.0973570375204282,1.0974091195648958,197
2023-01-06T19:50:00+00:00,1.0974091195648958,1.0974380557215928,1.097315590447498,1.097329852544207,111
2023-01-06T19:55:00+00:00,1.097329852544207,1.0973352346177057,1.097217888227298,1.0972759205458997,84
2023-01-06T20:00:00+00:00,1.0972759205458997,1.0973035041869208,1.0971626579801865,1.097215773614381,182
2023-01-06T20:05:00+00:00,1.097215773614381,1.0972671766574393,1.0971748263942052,1.0972277427680304,405
2023-01-06T20:10:00+00:00,1.0972277427680304,1.0973053541323916,1.0972267372950464,1.0972614053576413,182
2023-01-06T20:15:00+00:00,1.0972614053576413,1.097270444970882,1.0972331120611907,1.097247935867932,213
2023-01-06T20:20:00+00:00,1.097247935867932,1.0972665641092432,1.0971198081748914,1.0971301048287336,234
2023-01-06T20:25:00+00:00,1.0971301048287336,1.0972486574430398,1.0970766901762323,1.097152195454966,232
2023-01-06T20:30:00+00:00,1.097152195454966,1.0972295534415264,1.0971393502095463,1.0972170413223108,149
2023-01-06T20:35:00+00:00,1.0972170413223108,1.0972203221548702,1.0971623826349322,1.0971940264646602,98
2023-01-06T20:40:00+00:00,1.0971940264646602,1.0972116100077298,1.0971369548773635,1.097156160313525,482
2023-01-06T20:45:00+00:00,1.097156160313525,1.097237091072392,1.09711732378366,1.0972202754876572,400
2023-01-06T20:50:00+00:00,1.0972202754876572,1.0972652090029322,1.0971519320464835,1.0971973930540686,123
2023-01-06T20:55:00+00:00,1.0971973930540686,1.0972576168367665,1.0971780176095156,1.0971829087610125,240
2023-01-06T21:00:00+00:00,1.0971829087610125,1.09724993259212,1.097156687009223,1.097199246771787,161
2023-01-06T21:05:00+00:00,1.097199246771787,1.0972191967257765,1.0971488093905428,1.0971779889906703,146
2023-01-06T21:10:00+00:00,1.0971779889906703,1.097269497065736,1.0971323016610015,1.0972080979492083,483
2023-01-06T21:15:00+00:00,1.0972080979492083,1.0972700999065375,1.0970134600774595,1.097026135874975,437
2023-01-06T21:20:00+00:00,1.097026135874975,1.097103765060051,1.0970046272539582,1.0970546061382962,117
2023-01-06T21:25:00+00:00,1.0970546061382962,1.097105256690384,1.0970096017239006,1.0970360502333059,209
2023-01-06T21:30:00+00:00,1.0970360502333059,1.0970615517115867,1.0968833198539303,1.097021702771358,317
2023-01-06T21:35:00+00:00,1.097021702771358,1.097111660697031,1.0969761190945564,1.0971077590192388,413
2023-01-06T21:40:00+00:00,1.0971077590192388,1.0971855261433536,1.0970454463819421,1.0970647375938127,405
2023-01-06T21:45:00+00:00,1.0970647375938127,1.097117145796646,1.0970367854393892,1.09709471130846,114
2023-01-06T21:50:00+00:00,1.09709471130846,1.0972888934193568,1.0970191595113559,1.0971524802512418,107
2023-01-06T21:55:00+00:00,1.0971524802512418,1.0972919846906535,1.097111974997482,1.0972157563109406,437
2023-01-06T22:00:00+00:00,1.0972157563109406,1.0972295976767388,1.0970973460611397,1.0971692160791693,353
2023-01-06T22:05:00+00:00,1.0971692160791693,1.0972181830610768,1.097160062008296,1.0971947469814214,179
2023-01-06T22:10:00+00:00,1.0971947469814214,1.0972729234744016,1.0971722679939386,1.0972615428639731,113
2023-01-06T22:15:00+00:00,1.0972615428639731,1.0972950857983246,1.0972452270284414,1.097265364036007,152
2023-01-06T22:20:00+00:00,1.097265364036007,1.0973392102825734,1.0971839781816692,1.0972965257806062,192
2023-01-06T22:25:00+00:00,1.0972965257806062,1.0974254165012416,1.097281906216164,1.0973815579950668,132
2023-01-06T22:30:00+00:00,1.0973815579950668,1.097537366279088,1.0973365856310024,1.097468578822778,84
2023-01-06T22:35:00+00:00,1.097468578822778,1.0975219402493064,1.0973699484887045,1.097408261568703,57
2023-01-06T22:40:00+00:00,1.097408261568703,1.0974225545458265,1.097255007515459,1.0972849345246043,436
2023-01-06T22:45:00+00:00,1.0972849345246043,1.0974160730566962,1.0972443368487705,1.0972754951078625,100
2023-01-06T22:50:00+00:00,1.0972754951078625,1.0974885529320086,1.0972417730965025,1.0974369912630761,407
2023-01-06T22:55:00+00:00,1.0974369912630761,1.0974825410896583,1.0973368244936692,1.0973654832270077,104
2023-01-06T23:00:00+00:00,1.0973654832270077,1.0974409673226029,1.0973402283006761,1.0973985069836005,166
2023-01-06T23:05:00+00:00,1.0973985069836005,1.0975089043351913,1.0973520687827474,1.0974381333997127,210
2023-01-06T23:10:00+00:00,1.0974381333997127,1.0974841632640275,1.0973824501921379,1.097467218100793,410
2023-01-06T23:15:00+00:00,1.097467218100793,1.0975900034973802,1.0973895009379544,1.097570946468053,92
2023-01-06T23:20:00+00:00,1.097570946468053,1.0975928167281557,1.0975395458829007,1.0975537418951782,209
2023-01-06T23:25:00+00:00,1.0975537418951782,1.0976981391253162,1.0974652454099127,1.0976611869399677,165
2023-01-06T23:30:00+00:00,1.0976611869399677,1.0976749556412344,1.0975802776905483,1.0976001599972374,85
2023-01-06T23:35:00+00:00,1.0976001599972374,1.0976712259695842,1.0975055390533068,1.097560839154399,397
2023-01-06T23:40:00+00:00,1.097560839154399,1.0975667739530877,1.0975194524647836,1.0975537016934875,252
2023-01-06T23:45:00+00:00,1.0975537016934875,1.097621519137163,1.0974212277030246,1.097449040272482,93
2023-01-06T23:50:00+00:00,1.097449040272482,1.0975433755400315,1.0974023947211056,1.0975092523800605,429
2023-01-06T23:55:00+00:00,1.0975092523800605,1.0976323458434871,1.0972408596568188,1.0973032963427778,83
2023-01-07T00:00:00+00:00,1.0973032963427778,1.0973284654238797,1.0972402322567507,1.0972698656501005,256
2023-01-07T00:05:00+00:00,1.0972698656501005,1.0974865230654762,1.0972033518329878,1.097418111982762,421
2023-01-07T00:10:00+00:00,1.097418111982762,1.097418587636445,1.0972767753599253,1.0972834981722956,437
2023-01-07T00:15:00+00:00,1.0972834981722956,1.097301143494835,1.0971085266632996,1.0971781714391367,254
2023-01-07T00:20:00+00:00,1.0971781714391367,1.0972364201701141,1.0969654957493133,1.0971063415088471,311
2023-01-07T00:25:00+00:00,1.0971063415088471,1.097121771358295,1.0969507681599788,1.097034833608913,105
2023-01-07T00:30:00+00:00,1.097034833608913,1.0971433203068193,1.097020473094183,1.0971030608923278,65
2023-01-07T00:35:00+00:00,1.0971030608923278,1.0973076668361283,1.0970934090206905,1.0972943123174175,84
2023-01-07T00:40:00+00:00,1.0972943123174175,1.0972944487584582,1.0972478310388123,1.0972771809153268,217
2023-01-07T00:45:00+00:00,1.0972771809153268,1.0974170346463943,1.0972200624265918,1.097377017849691,99
2023-01-07T00:50:00+00:00,1.097377017849691,1.0974594326601133,1.0973192661247806,1.0973860303534009,288
2023-01-07T00:55:00+00:00,1.0973860303534009,1.0974079388387732,1.0973055635544924,1.0973758838543162,301
2023-01-07T01:00:00+00:00,1.0973758838543162,1.0973777671803195,1.0972546216673034,1.0972773878461564,59
2023-01-07T01:05:00+00:00,1.0972773878461564,1.0972895001448242,1.0971822807976988,1.0971860003226117,270
2023-01-07T01:10:00+00:00,1.0971860003226117,1.0972341177044969,1.0970928800162325,1.0972168923599563,276
2023-01-07T01:15:00+00:00,1.0972168923599563,1.0972791920675087,1.0972136509778305,1.0972666799745754,335
2023-01-07T01:20:00+00:00,1.0972666799745754,1.0973399035503266,1.097170794223195,1.0971932163726614,270
2023-01-07T01:25:00+00:00,1.0971932163726614,1.0972458516776589,1.0971036467367596,1.0971629641778997,299
2023-01-07T01:30:00+00:00,1.0971629641778997,1.0972381913326017,1.0970995562699974,1.0971735845245945,326
2023-01-07T01:35:00+00:00,1.0971735845245945,1.0972321964836285,1.0971486725764017,1.0971811096538886,487
2023-01-07T01:40:00+00:00,1.0971811096538886,1.0972117337744218,1.097175490510172,1.0971976502361547,243
2023-01-07T01:45:00+00:00,1.0971976502361547,1.097340356365506,1.0971663830779355,1.097305750231729,195
2023-01-07T01:50:00+00:00,1.097305750231729,1.0973165455797471,1.0972076296435025,1.0972990548467147,228
2023-01-07T01:55:00+00:00,1.0972990548467147,1.0973673718268424,1.0972374178404667,1.0973431678463383,441
2023-01-07T02:00:00+00:00,1.0973431678463383,1.0974301993470137,1.0973055018966547,1.0974013767725879,232
2023-01-07T02:05:00+00:00,1.0974013767725879,1.097459644950406,1.0973924188547575,1.0974451438703012,175
2023-01-07T02:10:00+00:00,1.0974451438703012,1.0975206276160379,1.0973533638720416,1.0974483737333474,83
2023-01-07T02:15:00+00:00,1.0974483737333474,1.0974651309286831,1.0973352828690175,1.0973533673496794,136
2023-01-07T02:20:00+00:00,1.0973533673496794,1.0974308858874429,1.097256599944234,1.0974253978483217,340
2023-01-07T02:25:00+00:00,1.0974253978483217,1.0975177664684412,1.0974205559227623,1.0974657058236943,60
2023-01-07T02:30:00+00:00,1.0974657058236943,1.0975284888292922,1.0973832108726183,1.0974317190358112,249
2023-01-07T02:35:00+00:00,1.0974317190358112,1.0974416848637911,1.0974058868581884,1.0974262551089546,300
2023-01-07T02:40:00+00:00,1.0974262551089546,1.0975688684305387,1.0973958591006263,1.0975247771905685,441
2023-01-07T02:45:00+00:00,1.0975247771905685,1.0976223552806104,1.0974985647144038,1.097607379393641,203
2023-01-07T02:50:00+00:00,1.097607379393641,1.09764788673829,1.097456008241199,1.097552931251418,453
2023-01-07T02:55:00+00:00,1.097552931251418,1.0976441386307767,1.0975085141516967,1.0975573983466893,159
2023-01-07T03:00:00+00:00,1.0975573983466893,1.0975725746833511,1.097502397281773,1.0975530885749911,165
2023-01-07T03:05:00+00:00,1.0975530885749911,1.097642331421047,1.0974638979108502,1.097552662382299,417
2023-01-07T03:10:00+00:00,1.097552662382299,1.0975925838699754,1.0975429788049604,1.0975740698474385,460
2023-01-07T03:15:00+00:00,1.0975740698474385,1.0976528611362417,1.0975638344349006,1.0976010875114321,227
2023-01-07T03:20:00+00:00,1.0976010875114321,1.0977050854211174,1.0975721932269364,1.0976354492936506,271
2023-01-07T03:25:00+00:00,1.0976354492936506,1.0977962352643431,1.0975983473966189,1.097773804844673,262
2023-01-07T03:30:00+00:00,1.097773804844673,1.0978141418803833,1.0976024558574204,1.0976837150122476,142
2023-01-07T03:35:00+00:00,1.0976837150122476,1.0977760760707662,1.0976358802194934,1.0977245586704176,314
2023-01-07T03:40:00+00:00,1.0977245586704176,1.097844107626938,1.0976950478667633,1.0977943002892452,430
2023-01-07T03:45:00+00:00,1.0977943002892452,1.0980315063049215,1.0977793265703197,1.097994965586399,376
2023-01-07T03:50:00+00:00,1.097994965586399,1.098009057019712,1.0978819505022053,1.0978883407931612,339
2023-01-07T03:55:00+00:00,1.0978883407931612,1.0978909132848196,1.0977877530735,1.097805134957272,152
2023-01-07T04:00:00+00:00,1.097805134957272,1.097826427535181,1.0977323639526648,1.0977768712534914,203
2023-01-07T04:05:00+00:00,1.0977768712534914,1.097905644408548,1.0977342134209123,1.0978769969107356,490
2023-01-07T04:10:00+00:00,1.0978769969107356,1.0979085722887854,1.0978621629162724,1.0978925934482144,471
2023-01-07T04:15:00+00:00,1.0978925934482144,1.0979799291477548,1.0978638066681043,1.09797310511132,401
2023-01-07T04:20:00+00:00,1.09797310511132,1.0980034138245882,1.0978842518067942,1.0979089308062795,175
2023-01-07T04:25:00+00:00,1.0979089308062795,1.097957169494976,1.0978676819929465,1.0979446087426545,298
2023-01-07T04:30:00+00:00,1.0979446087426545,1.0979642570497394,1.0978581640527065,1.0978664479868139,131
2023-01-07T04:35:00+00:00,1.0978664479868139,1.0978681774302692,1.0978383875812938,1.0978504243439529,454
2023-01-07T04:40:00+00:00,1.0978504243439529,1.0979598411510874,1.097806551721736,1.09789063883631,419
2023-01-07T04:45:00+00:00,1.09789063883631,1.0980420251542047,1.0978897480028802,1.0980320374432748,490
2023-01-07T04:50:00+00:00,1.0980320374432748,1.0981150799890924,1.0980266562439984,1.0980888044530681,258
2023-01-07T04:55:00+00:00,1.0980888044530681,1.0981774613601698,1.098043726781789,1.0981179910690853,96
2023-01-07T05:00:00+00:00,1.0981179910690853,1.098175737024052,1.097977208028579,1.0979974002520672,342
2023-01-07T05:05:00+00:00,1.0979974002520672,1.0980087166287904,1.09783419889979,1.0979498813871282,317
2023-01-07T05:10:00+00:00,1.0979498813871282,1.0980064365892253,1.0978876693235593,1.097897260759351,304
2023-01-07T05:15:00+00:00,1.097897260759351,1.0979248521207259,1.097777859584004,1.097802319034506,112
2023-01-07T05:20:00+00:00,1.097802319034506,1.0978567893478484,1.0977618909977802,1.0978138888175994,462
2023-01-07T05:25:00+00:00,1.0978138888175994,1.0978142635132675,1.0976650260898448,1.0977017056730984,266
2023-01-07T05:30:00+00:00,1.0977017056730984,1.097734081277927,1.0976927480543612,1.0977107942156665,259
2023-01-07T05:35:00+00:00,1.0977107942156665,1.0977765686200804,1.0976440978366422,1.097774763716067,301
2023-01-07T05:40:00+00:00,1.097774763716067,1.0977909517042044,1.0976072740159306,1.0976549190070048,293
2023-01-07T05:45:00+00:00,1.0976549190070048,1.0977746345218804,1.0975376723212873,1.097721906942206,500
2023-01-07T05:50:00+00:00,1.097721906942206,1.0977603004330052,1.0976746083763658,1.0977329689423654,207
2023-01-07T05:55:00+00:00,1.0977329689423654,1.0978756881256477,1.097715741218221,1.0977463435872805,360
2023-01-07T06:00:00+00:00,1.0977463435872805,1.0978937151531691,1.097741268611553,1.097875922185945,453
2023-01-07T06:05:00+00:00,1.097875922185945,1.097893982426247,1.0978182029647345,1.097851850605181,246
2023-01-07T06:10:00+00:00,1.097851850605181,1.0979693338487169,1.0977203734062695,1.0977799208809371,112
2023-01-07T06:15:00+00:00,1.0977799208809371,1.0979283097717578,1.0977719305369547,1.0978924685693734,276
2023-01-07T06:20:00+00:00,1.0978924685693734,1.0979631849411777,1.097651775275742,1.0977598394978632,180
2023-01-07T06:25:00+00:00,1.0977598394978632,1.0979358945449549,1.0976484428193605,1.097899011045747,437
2023-01-07T06:30:00+00:00,1.097899011045747,1.0979397471055565,1.097813175951727,1.09790552388134,373
2023-01-07T06:35:00+00:00,1.09790552388134,1.0979429916263663,1.0977103416507836,1.0977937642396935,379
2023-01-07T06:40:00+00:00,1.0977937642396935,1.0978010551130875,1.0977156079366752,1.0977777930695158,301
2023-01-07T06:45:00+00:00,1.0977777930695158,1.0978285514661354,1.0976591548771846,1.0976684773229426,480
2023-01-07T06:50:00+00:00,1.0976684773229426,1.0977139433571497,1.0976082927516566,1.097628345764853,132
2023-01-07T06:55:00+00:00,1.097628345764853,1.0976472422995032,1.0975554958217884,1.097611819943641,230
2023-01-07T07:00:00+00:00,1.097611819943641,1.0976503690380977,1.097457161995393,1.0974996553917833,405
2023-01-07T07:05:00+00:00,1.0974996553917833,1.0975157706599243,1.0974773321139286,1.0974801291232932,378
2023-01-07T07:10:00+00:00,1.0974801291232932,1.0975661497071192,1.0974776484071105,1.0975166474203595,152
2023-01-07T07:15:00+00:00,1.0975166474203595,1.0975466841625954,1.0974819706575951,1.0975132780865169,92
2023-01-07T07:20:00+00:00,1.0975132780865169,1.0975855909640209,1.09749389279764,1.097561286392698,382
2023-01-07T07:25:00+00:00,1.097561286392698,1.0975692894088787,1.097333129758888,1.0974296763566709,401
2023-01-07T07:30:00+00:00,1.0974296763566709,1.0974929200633368,1.0971740321576973,1.0972710206676608,118
2023-01-07T07:35:00+00:00,1.0972710206676608,1.0973264508628109,1.097194934677342,1.0973213375369562,473
2023-01-07T07:40:00+00:00,1.0973213375369562,1.0973572811809265,1.0972510549002976,1.097292346977814,251
2023-01-07T07:45:00+00:00,1.097292346977814,1.0974184079311518,1.0972080049199486,1.0973325796170186,342
2023-01-07T07:50:00+00:00,1.0973325796170186,1.097485205377431,1.0972686722355385,1.0973651379732365,370
2023-01-07T07:55:00+00:00,1.0973651379732365,1.097368017209205,1.097291605063838,1.0973129976632967,286
2023-01-07T08:00:00+00:00,1.0973129976632967,1.0974278622144673,1.097288263497222,1.0973542088903199,269
2023-01-07T08:05:00+00:00,1.0973542088903199,1.0974493353069654,1.097337442208178,1.0974263772962505,238
2023-01-07T08:10:00+00:00,1.0974263772962505,1.0975344189658398,1.0973655352119034,1.097477685658057,445
2023-01-07T08:15:00+00:00,1.097477685658057,1.0975360174827269,1.0974511946207406,1.0974878383176725,394
2023-01-07T08:20:00+00:00,1.0974878383176725,1.097489148722237,1.0973972698098802,1.0974323286894214,466
2023-01-07T08:25:00+00:00,1.0974323286894214,1.0976270889046496,1.0973919568956538,1.0976188282709947,303
2023-01-07T08:30:00+00:00,1.0976188282709947,1.0976546860877112,1.0975482291707759,1.0975576116880088,471
2023-01-07T08:35:00+00:00,1.0975576116880088,1.097628259729697,1.0974840296576294,1.0976127962005344,264
2023-01-07T08:40:00+00:00,1.0976127962005344,1.097754717816957,1.0974783658473481,1.097674399932817,170
2023-01-07T08:45:00+00:00,1.097674399932817,1.0977957897854245,1.0976009118197285,1.0977152109146164,239
2023-01-07T08:50:00+00:00,1.0977152109146164,1.0977511311801462,1.0975682561883635,1.0976165379024065,496
2023-01-07T08:55:00+00:00,1.0976165379024065,1.0976983352230465,1.0975476895455518,1.09766420568877,401
2023-01-07T09:00:00+00:00,1.09766420568877,1.0977320049272488,1.09760445914042,1.0976842064346999,87
2023-01-07T09:05:00+00:00,1.0976842064346999,1.0977500846376687,1.0976744011792559,1.0977357109897214,220
2023-01-07T09:10:00+00:00,1.0977357109897214,1.0978428234674733,1.0976941005255154,1.0978191430944313,393
2023-01-07T09:15:00+00:00,1.0978191430944313,1.0979733472447186,1.0978053296949135,1.0979072519107567,433
2023-01-07T09:20:00+00:00,1.0979072519107567,1.0979166168957544,1.097858305058342,1.097911794888191,252
2023-01-07T09:25:00+00:00,1.097911794888191,1.0979244388426481,1.0978876182688582,1.0979110558637626,336
2023-01-07T09:30:00+00:00,1.0979110558637626,1.0979692189437156,1.0978829443641105,1.0979611852628868,223
2023-01-07T09:35:00+00:00,1.0979611852628868,1.0980634803678804,1.0979427243427755,1.0980443349048126,212
2023-01-07T09:40:00+00:00,1.0980443349048126,1.0980959404091337,1.0980219404511529,1.098024772663804,115
2023-01-07T09:45:00+00:00,1.098024772663804,1.0982301199743365,1.0980241048569235,1.098095478160166,193
2023-01-07T09:50:00+00:00,1.098095478160166,1.0982096361875924,1.0980734536589558,1.0980944765621958,363
2023-01-07T09:55:00+00:00,1.0980944765621958,1.0983110505914302,1.0979941627919387,1.0982562393473383,314
2023-01-07T10:00:00+00:00,1.0982562393473383,1.0983537057158288,1.0981279192101163,1.0981925542727862,441
2023-01-07T10:05:00+00:00,1.0981925542727862,1.098491388049187,1.098172893305032,1.0984308121622683,386
2023-01-07T10:10:00+00:00,1.0984308121622683,1.0984715673618708,1.0983697404278003,1.0983760120529038,143
2023-01-07T10:15:00+00:00,1.0983760120529038,1.0984401983150414,1.0983673384748462,1.098402359076094,411
2023-01-07T10:20:00+00:00,1.098402359076094,1.098407450767689,1.0983187534898464,1.0983649686564354,276
2023-01-07T10:25:00+00:00,1.0983649686564354,1.098413713212388,1.0982476216405321,1.0983092384326862,298
2023-01-07T10:30:00+00:00,1.0983092384326862,1.0983156456265797,1.098267675076187,1.098273020086009,228
2023-01-07T10:35:00+00:00,1.098273020086009,1.0983567716713984,1.0981742137363675,1.098230043837682,142
2023-01-07T10:40:00+00:00,1.098230043837682,1.0983709768338514,1.0982017042135226,1.0982993095727098,389
2023-01-07T10:45:00+00:00,1.0982993095727098,1.0983561303612663,1.0981744232862076,1.0982083542606471,52
2023-01-07T10:50:00+00:00,1.0982083542606471,1.0982189369149078,1.0980898890358446,1.0981071883140656,443
2023-01-07T10:55:00+00:00,1.0981071883140656,1.0981469757109086,1.0981069241512293,1.0981247227375122,218
2023-01-07T11:00:00+00:00,1.0981247227375122,1.098257878294349,1.0981035913268156,1.0982455981225119,352
2023-01-07T11:05:00+00:00,1.0982455981225119,1.098266968196247,1.0981642924881525,1.098174488494294,215
2023-01-07T11:10:00+00:00,1.098174488494294,1.0982115984846823,1.0981388464636903,1.0981946836004814,282
2023-01-07T11:15:00+00:00,1.0981946836004814,1.0982220946238892,1.0980649265697235,1.0980935189367391,386
2023-01-07T11:20:00+00:00,1.0980935189367391,1.0983113262316757,1.0980252697488209,1.0983065026919114,216
2023-01-07T11:25:00+00:00,1.0983065026919114,1.098502980109224,1.098077361594362,1.0981447434174967,458
2023-01-07T11:30:00+00:00,1.0981447434174967,1.0981592493425554,1.0980277396349376,1.0980962326527752,215
2023-01-07T11:35:00+00:00,1.0980962326527752,1.0981569198916792,1.0980174631739095,1.0981323362894386,330
2023-01-07T11:40:00+00:00,1.0981323362894386,1.098223271591892,1.0981071408748806,1.0982086859732403,444
2023-01-07T11:45:00+00:00,1.0982086859732403,1.0982542604350436,1.098192520657083,1.0982399154676052,486
2023-01-07T11:50:00+00:00,1.0982399154676052,1.0983098931367152,1.0981808949294694,1.0982620012477466,384
2023-01-07T11:55:00+00:00,1.0982620012477466,1.0983538150267365,1.0982273045137214,1.098329958347719,460
2023-01-07T12:00:00+00:00,1.098329958347719,1.098367315528044,1.0981713683294518,1.098199389093138,117
2023-01-07T12:05:00+00:00,1.098199389093138,1.098328134742356,1.0981819840120564,1.0983139111888844,238
2023-01-07T12:10:00+00:00,1.0983139111888844,1.0983185168161613,1.0981801492362637,1.0982229142245699,338
2023-01-07T12:15:00+00:00,1.0982229142245699,1.098240477597892,1.098151583716148,1.0981644017957388,266
2023-01-07T12:20:00+00:00,1.0981644017957388,1.0982711399133174,1.0981161675972575,1.098207166274268,70
2023-01-07T12:25:00+00:00,1.098207166274268,1.0983766768138796,1.0981958985600804,1.0982425752951779,396
2023-01-07T12:30:00+00:00,1.0982425752951779,1.0983388411055657,1.0982097293724595,1.098263708153998,372
2023-01-07T12:35:00+00:00,1.098263708153998,1.098355210052918,1.0982469835644566,1.0983426076928462,289
2023-01-07T12:40:00+00:00,1.0983426076928462,1.0983844220696144,1.0981549180566603,1.0981829999229427,115
2023-01-07T12:45:00+00:00,1.0981829999229427,1.0982078113632165,1.0981442841271516,1.0981908590277898,177
2023-01-07T12:50:00+00:00,1.0981908590277898,1.0981969094554453,1.0981070413418437,1.0981261032769047,73
2023-01-07T12:55:00+00:00,1.0981261032769047,1.0981965962173121,1.0981210708024298,1.0981370304815024,261
2023-01-07T13:00:00+00:00,1.0981370304815024,1.0982771776343951,1.09810229125873,1.0982360449663013,180
2023-01-07T13:05:00+00:00,1.0982360449663013,1.098309526824591,1.0981682208230823,1.0982120325176126,58
2023-01-07T13:10:00+00:00,1.0982120325176126,1.098350687719576,1.0981984489423797,1.0983023839387864,251
2023-01-07T13:15:00+00:00,1.0983023839387864,1.0983995271251612,1.098287829207604,1.0983497316883626,410
2023-01-07T13:20:00+00:00,1.0983497316883626,1.0984132867890444,1.098248319361975,1.098319841675639,369
2023-01-07T13:25:00+00:00,1.098319841675639,1.098370826726215,1.0982771340012178,1.098354586315589,496
2023-01-07T13:30:00+00:00,1.098354586315589,1.0984083747396765,1.0982294716226628,1.0983763636459383,182
2023-01-07T13:35:00+00:00,1.0983763636459383,1.0985014193141336,1.0983592464851906,1.0984850150466732,323
2023-01-07T13:40:00+00:00,1.0984850150466732,1.0985718271587126,1.0984122448798403,1.0985661972437772,285
2023-01-07T13:45:00+00:00,1.0985661972437772,1.0986134796387304,1.0984720895154847,1.098577449717794,431
2023-01-07T13:50:00+00:00,1.098577449717794,1.0986119440735234,1.0984055462174651,1.0985048465297982,234
2023-01-07T13:55:00+00:00,1.0985048465297982,1.0985516403479139,1.0982402988964162,1.0983599387671656,395
2023-01-07T14:00:00+00:00,1.0983599387671656,1.098385960029104,1.0983018559216857,1.0983077629884033,107
2023-01-07T14:05:00+00:00,1.0983077629884033,1.0983497969615377,1.0982371337732353,1.098318721481404,146
2023-01-07T14:10:00+00:00,1.098318721481404,1.0983814287771254,1.0982756458113094,1.098354896056492,273
2023-01-07T14:15:00+00:00,1.098354896056492,1.0984089399360488,1.098180498327836,1.098263236300769,325
2023-01-07T14:20:00+00:00,1.098263236300769,1.0983287154518466,1.0982080502733005,1.098289289979755,61
2023-01-07T14:25:00+00:00,1.098289289979755,1.098391697182483,1.0982172179717689,1.0983114425855665,428
2023-01-07T14:30:00+00:00,1.0983114425855665,1.0984346213418152,1.098154914007587,1.0982524405233642,349
2023-01-07T14:35:00+00:00,1.0982524405233642,1.0982841278826012,1.0982106930821067,1.0982821932053424,474
2023-01-07T14:40:00+00:00,1.0982821932053424,1.098310667149638,1.0982117330682408,1.0982966931694536,415
2023-01-07T14:45:00+00:00,1.0982966931694536,1.098350916155373,1.0982751523162841,1.098303771964995,303
2023-01-07T14:50:00+00:00,1.098303771964995,1.0983708534349086,1.0982574769471585,1.0982965352374778,299
2023-01-07T14:55:00+00:00,1.0982965352374778,1.0983450128001244,1.0982404708496445,1.0982758408256827,421
2023-01-07T15:00:00+00:00,1.0982758408256827,1.0983244088377642,1.098161644614425,1.09818518030761,415
2023-01-07T15:05:00+00:00,1.09818518030761,1.0981942748374118,1.098098482436638,1.098102129877479,345
2023-01-07T15:10:00+00:00,1.098102129877479,1.0981187146169975,1.0980513529189577,1.0980919747782099,292
2023-01-07T15:15:00+00:00,1.0980919747782099,1.0981437736966735,1.09799485123832,1.0980416529630679,380
2023-01-07T15:20:00+00:00,1.0980416529630679,1.0981051183909107,1.0979316211531183,1.0979724818750127,148
2023-01-07T15:25:00+00:00,1.0979724818750127,1.098035261517587,1.0979621704434395,1.0979825744566034,309
2023-01-07T15:30:00+00:00,1.0979825744566034,1.0981247326738883,1.0979465077460178,1.0980172193684836,481
2023-01-07T15:35:00+00:00,1.0980172193684836,1.0981229198192775,1.0979623444125353,1.0981107258933807,200
2023-01-07T15:40:00+00:00,1.0981107258933807,1.0981597561277872,1.0979956278724061,1.098098782298178,384
2023-01-07T15:45:00+00:00,1.098098782298178,1.0982039214479196,1.0980100513531081,1.0981953002037914,459
2023-01-07T15:50:00+00:00,1.0981953002037914,1.09824897109731,1.0981749529418685,1.0982435732308724,94
2023-01-07T15:55:00+00:00,1.0982435732308724,1.0983763114749643,1.0982207740119476,1.0983632226847657,152
2023-01-07T16:00:00+00:00,1.0983632226847657,1.0984648414499851,1.0983309247135735,1.0984164300593129,302
2023-01-07T16:05:00+00:00,1.0984164300593129,1.0984277679271286,1.0982011592783965,1.098233508570965,74
2023-01-07T16:10:00+00:00,1.098233508570965,1.0983106434916243,1.0982284083053768,1.0983104246850184,139
2023-01-07T16:15:00+00:00,1.0983104246850184,1.0984817844642212,1.098216855742136,1.0984319040135875,66
2023-01-07T16:20:00+00:00,1.0984319040135875,1.0985013105242805,1.0984048579242829,1.0984587801156056,337
2023-01-07T16:25:00+00:00,1.0984587801156056,1.0985041890932878,1.0984206791305906,1.0984979323566921,224
2023-01-07T16:30:00+00:00,1.0984979323566921,1.0986128191727837,1.0984898976282262,1.098529224985106,127
2023-01-07T16:35:00+00:00,1.098529224985106,1.0985907579703547,1.0983484572784494,1.098429444911912,359
2023-01-07T16:40:00+00:00,1.098429444911912,1.0984979200803888,1.0983221870422841,1.0983702485061158,284
2023-01-07T16:45:00+00:00,1.0983702485061158,1.0984518999710933,1.0983140285905715,1.0983335515690906,104
2023-01-07T16:50:00+00:00,1.0983335515690906,1.0984239591648934,1.098318959446317,1.0983567279791322,337
2023-01-07T16:55:00+00:00,1.0983567279791322,1.0983795120629551,1.0983232614630494,1.0983294129191967,372
2023-01-07T17:00:00+00:00,1.0983294129191967,1.0983938094360657,1.098277320623669,1.0983709034870353,412
2023-01-07T17:05:00+00:00,1.0983709034870353,1.0985264729534256,1.0983495746124163,1.0984710641848379,425
2023-01-07T17:10:00+00:00,1.0984710641848379,1.0985254100167228,1.098410464956601,1.098504370021585,112
2023-01-07T17:15:00+00:00,1.098504370021585,1.0986488398160832,1.0984605924498123,1.0986176202253546,262
2023-01-07T17:20:00+00:00,1.0986176202253546,1.0986259315678386,1.098588840906601,1.0986202247938395,196
2023-01-07T17:25:00+00:00,1.0986202247938395,1.0986413195960467,1.0985429855325366,1.0985436514788491,240
2023-01-07T17:30:00+00:00,1.0985436514788491,1.0985941950249194,1.098501393928855,1.0985271780519448,435
2023-01-07T17:35:00+00:00,1.0985271780519448,1.0985283311291945,1.0984327332920552,1.0984850513100646,166
2023-01-07T17:40:00+00:00,1.0984850513100646,1.0985816807248072,1.0983920647688707,1.0985413352661786,486
2023-01-07T17:45:00+00:00,1.0985413352661786,1.098616653189931,1.098450941560136,1.098458613200905,65
2023-01-07T17:50:00+00:00,1.098458613200905,1.0984888811643334,1.0983195630915004,1.0983317549178233,85
2023-01-07T17:55:00+00:00,1.0983317549178233,1.0983692082667458,1.0982166004560667,1.098238679916633,445
2023-01-07T18:00:00+00:00,1.098238679916633,1.098270077137361,1.0982344393069454,1.0982547859937535,378
2023-01-07T18:05:00+00:00,1.0982547859937535,1.0982928919567525,1.098085825968175,1.0981389396212293,373
2023-01-07T18:10:00+00:00,1.0981389396212293,1.0982938349693998,1.09804359505706,1.0982826342994116,264
2023-01-07T18:15:00+00:00,1.0982826342994116,1.09834432566239,1.0980894848456606,1.0981331308043805,333
2023-01-07T18:20:00+00:00,1.0981331308043805,1.0982813045945665,1.0981152376463892,1.098224254751029,473
2023-01-07T18:25:00+00:00,1.098224254751029,1.0983048203300234,1.0981640729944644,1.0982934259480845,125
2023-01-07T18:30:00+00:00,1.0982934259480845,1.0983451533696076,1.0982507589114656,1.0982682004232553,453
2023-01-07T18:35:00+00:00,1.0982682004232553,1.0984058514779425,1.0982316713550944,1.0983660532666772,226
2023-01-07T18:40:00+00:00,1.0983660532666772,1.0985303263583555,1.0983386945155083,1.0984737582761717,204
2023-01-07T18:45:00+00:00,1.0984737582761717,1.098558786110343,1.0984423950760618,1.0985052027701865,249
2023-01-07T18:50:00+00:00,1.0985052027701865,1.098586275639188,1.098377172939666,1.098486236671225,195
2023-01-07T18:55:00+00:00,1.098486236671225,1.0986779777830036,1.0984279189537245,1.0986644544831565,209
2023-01-07T19:00:00+00:00,1.0986644544831565,1.0986756962359754,1.0985262123992505,1.0985325831364499,457
2023-01-07T19:05:00+00:00,1.0985325831364499,1.0985876233043608,1.0985229779328958,1.098550147669369,476
2023-01-07T19:10:00+00:00,1.098550147669369,1.0986507106635717,1.0985260389612355,1.0985711227979182,80
2023-01-07T19:15:00+00:00,1.0985711227979182,1.0985922268317985,1.0985369159015042,1.0985694504974692,309
2023-01-07T19:20:00+00:00,1.0985694504974692,1.0985818386253907,1.0985406320860716,1.0985556770858589,202
2023-01-07T19:25:00+00:00,1.0985556770858589,1.098560268948255,1.0985213692890572,1.098523616504292,223
2023-01-07T19:30:00+00:00,1.098523616504292,1.0986786980622538,1.0984592035152407,1.0986690256565408,371
2023-01-07T19:35:00+00:00,1.0986690256565408,1.0987178582832235,1.098580196582493,1.0986633878458971,169
2023-01-07T19:40:00+00:00,1.0986633878458971,1.0986964385409757,1.0986091164655127,1.098626292609718,394
2023-01-07T19:45:00+00:00,1.098626292609718,1.0986573399119972,1.0984665572174483,1.0985040732749987,427
2023-01-07T19:50:00+00:00,1.0985040732749987,1.0985511936915553,1.0984232312303062,1.0985066301755453,234
2023-01-07T19:55:00+00:00,1.0985066301755453,1.0985336270665003,1.098426518854431,1.0984344893339244,267
2023-01-07T20:00:00+00:00,1.0984344893339244,1.0984698533326616,1.0983376513915808,1.0984516378091076,293
2023-01-07T20:05:00+00:00,1.0984516378091076,1.0985213883175706,1.0984319688452704,1.0985169637990992,396
2023-01-07T20:10:00+00:00,1.0985169637990992,1.0985279021968335,1.0983635814704842,1.0984133351394532,185
2023-01-07T20:15:00+00:00,1.0984133351394532,1.0984747167288762,1.0983693713230607,1.0984053108002603,275
2023-01-07T20:20:00+00:00,1.0984053108002603,1.0985180120615723,1.0983281695699019,1.0983341224506804,133
2023-01-07T20:25:00+00:00,1.0983341224506804,1.0983501873618515,1.0982325357492668,1.0982530717509034,414
2023-01-07T20:30:00+00:00,1.0982530717509034,1.0982875242890806,1.0979908478090636,1.0980520049425049,405
2023-01-07T20:35:00+00:00,1.0980520049425049,1.0980651739710972,1.0979903060332177,1.098045376215056,432
2023-01-07T20:40:00+00:00,1.098045376215056,1.0981567639432186,1.0980232154819498,1.0981034324824361,486
2023-01-07T20:45:00+00:00,1.0981034324824361,1.098124741928316,1.0980721418291461,1.0980859258665003,342
2023-01-07T20:50:00+00:00,1.0980859258665003,1.098144872134183,1.0980319666039677,1.098063465138117,241
2023-01-07T20:55:00+00:00,1.098063465138117,1.0981299042479502,1.0980089851659027,1.0981109604248462,455
2023-01-07T21:00:00+00:00,1.0981109604248462,1.0982681651352033,1.098007365881771,1.098199744724723,206
2023-01-07T21:05:00+00:00,1.098199744724723,1.0983167105477973,1.098177376057858,1.0982899952813665,469
2023-01-07T21:10:00+00:00,1.0982899952813665,1.0982943804458976,1.0982721210256927,1.0982911562157633,72
2023-01-07T21:15:00+00:00,1.0982911562157633,1.0983478362696821,1.0982515530187424,1.0982838472876726,339
2023-01-07T21:20:00+00:00,1.0982838472876726,1.0982972308011079,1.098147913480284,1.098215932686356,476
2023-01-07T21:25:00+00:00,1.098215932686356,1.0983898562849364,1.0981637131363584,1.0983231515835938,308
2023-01-07T21:30:00+00:00,1.0983231515835938,1.0983871820096796,1.0982218699327364,1.0982359846898062,422
2023-01-07T21:35:00+00:00,1.0982359846898062,1.0982768070582116,1.0981181989192594,1.0981980488819791,390
2023-01-07T21:40:00+00:00,1.0981980488819791,1.098232729319276,1.0981062153673156,1.0981430643651766,73
2023-01-07T21:45:00+00:00,1.0981430643651766,1.0982445044047626,1.098074509061865,1.09810186331876,426
2023-01-07T21:50:00+00:00,1.09810186331876,1.0981230742822736,1.0980917970183288,1.0980974642620291,372
2023-01-07T21:55:00+00:00,1.0980974642620291,1.0981368464547019,1.0980223497035067,1.0981144293321772,337
2023-01-07T22:00:00+00:00,1.0981144293321772,1.0981712488481152,1.0979383693714877,1.0980455538841007,327
2023-01-07T22:05:00+00:00,1.0980455538841007,1.0981632899636262,1.0980379010498265,1.0981486936668425,341
2023-01-07T22:10:00+00:00,1.0981486936668425,1.0981600470290667,1.0980084129956857,1.0980181174439902,387
2023-01-07T22:15:00+00:00,1.0980181174439902,1.0980483350965624,1.0980058319620298,1.0980193565312784,59
2023-01-07T22:20:00+00:00,1.0980193565312784,1.0980528829443315,1.0979665027888315,1.0980123699295683,346
2023-01-07T22:25:00+00:00,1.0980123699295683,1.0980975414486165,1.0978486280123485,1.0978797582581685,360
2023-01-07T22:30:00+00:00,1.0978797582581685,1.097940003381123,1.0977192147028996,1.0978355767217431,224
2023-01-07T22:35:00+00:00,1.0978355767217431,1.0978948269705833,1.0978156201144709,1.0978470576538057,490
2023-01-07T22:40:00+00:00,1.0978470576538057,1.0978618089534822,1.097759483265175,1.0978214462853149,196
2023-01-07T22:45:00+00:00,1.0978214462853149,1.0978451737846402,1.0977787449055219,1.0978089539126383,95
2023-01-07T22:50:00+00:00,1.0978089539126383,1.0980224207570473,1.097801397504075,1.0979207891632126,216
2023-01-07T22:55:00+00:00,1.0979207891632126,1.097953784372342,1.0978240172379379,1.0978958359094488,202
2023-01-07T23:00:00+00:00,1.0978958359094488,1.0979238418535942,1.0978040904253246,1.0978418796834588,242
2023-01-07T23:05:00+00:00,1.0978418796834588,1.097978972114067,1.0978034129087777,1.097878930273818,76
2023-01-07T23:10:00+00:00,1.097878930273818,1.0979981694028973,1.0978289630694087,1.0979183396158287,435
2023-01-07T23:15:00+00:00,1.0979183396158287,1.0980404185657504,1.0978671336033947,1.0978705257737031,187
2023-01-07T23:20:00+00:00,1.0978705257737031,1.0979745217188746,1.0978225245215265,1.0979537340657355,258
2023-01-07T23:25:00+00:00,1.0979537340657355,1.0980786007134151,1.097871380718698,1.0980046440466813,59
2023-01-07T23:30:00+00:00,1.0980046440466813,1.098132354950307,1.0979630424924625,1.0979800929346262,334
2023-01-07T23:35:00+00:00,1.0979800929346262,1.0979951129312848,1.0979055351507572,1.097926637817524,340
2023-01-07T23:40:00+00:00,1.097926637817524,1.0979382133300237,1.097876723603786,1.0978988990141823,122
2023-01-07T23:45:00+00:00,1.0978988990141823,1.0980005186810327,1.0977546046330213,1.097858411894607,450
2023-01-07T23:50:00+00:00,1.097858411894607,1.097988006314361,1.0977966385264981,1.0978645846394135,71
2023-01-07T23:55:00+00:00,1.0978645846394135,1.0979204780047196,1.0978399164633537,1.097840268028134,474
2023-01-08T00:00:00+00:00,1.097840268028134,1.097890313594391,1.0977472071625638,1.0977559463204603,296
2023-01-08T00:05:00+00:00,1.0977559463204603,1.097786130266758,1.097718348483452,1.0977805856376393,398
2023-01-08T00:10:00+00:00,1.0977805856376393,1.0978124033592955,1.0976817069467648,1.0977264362609453,311
2023-01-08T00:15:00+00:00,1.0977264362609453,1.0977322354523111,1.0976191470820713,1.0976482430236811,323
2023-01-08T00:20:00+00:00,1.0976482430236811,1.0976645670515772,1.0975657313666778,1.0975860009468243,121
2023-01-08T00:25:00+00:00,1.0975860009468243,1.0976398658177942,1.0974046277449883,1.0976112253088999,499
2023-01-08T00:30:00+00:00,1.0976112253088999,1.0976396897554372,1.0974692143903764,1.0975114275371436,399
2023-01-08T00:35:00+00:00,1.0975114275371436,1.0975782956700406,1.0974691996974546,1.0974930800262295,435
2023-01-08T00:40:00+00:00,1.0974930800262295,1.0975316095159042,1.0974534199341663,1.0974764884163648,157
2023-01-08T00:45:00+00:00,1.0974764884163648,1.0975419836143439,1.0973997095013746,1.097416613856872,58
2023-01-08T00:50:00+00:00,1.097416613856872,1.0974673222915141,1.0973561230722018,1.097453542469949,52
2023-01-08T00:55:00+00:00,1.097453542469949,1.0975143961559104,1.0973589018275705,1.0974022759814641,261
2023-01-08T01:00:00+00:00,1.0974022759814641,1.0974287912104335,1.0972365926235563,1.0972864169642076,91
2023-01-08T01:05:00+00:00,1.0972864169642076,1.0973089210719233,1.097216033899857,1.09729211466178,89
2023-01-08T01:10:00+00:00,1.09729211466178,1.0973175111379956,1.097106370653635,1.0971282551469261,113
2023-01-08T01:15:00+00:00,1.0971282551469261,1.09718343770781,1.096975936381385,1.0970489587937062,473
2023-01-08T01:20:00+00:00,1.0970489587937062,1.0970783510013806,1.0969369497631094,1.0969855069459093,54
2023-01-08T01:25:00+00:00,1.0969855069459093,1.097019572029319,1.0968278232640147,1.096861787413632,148
2023-01-08T01:30:00+00:00,1.096861787413632,1.0968738617999907,1.0967684259271318,1.0968087377081754,413
2023-01-08T01:35:00+00:00,1.0968087377081754,1.0968305721612397,1.096791821163947,1.0968169633415918,364
2023-01-08T01:40:00+00:00,1.0968169633415918,1.096881332067963,1.0966892119018539,1.0967144464917704,235
2023-01-08T01:45:00+00:00,1.0967144464917704,1.0969916000690119,1.0967010958894001,1.0969348868942932,410
2023-01-08T01:50:00+00:00,1.0969348868942932,1.0969678893523986,1.09688959268623,1.0969204188964317,252
2023-01-08T01:55:00+00:00,1.0969204188964317,1.097091474048941,1.0968945461403916,1.0970605752639846,306
2023-01-08T02:00:00+00:00,1.0970605752639846,1.0970629581936053,1.0969248072477051,1.096959464633573,399
2023-01-08T02:05:00+00:00,1.096959464633573,1.0969842517506938,1.0968537236919933,1.096872449727478,351
2023-01-08T02:10:00+00:00,1.096872449727478,1.0969061667012587,1.0968685243348408,1.0968929375005891,166
2023-01-08T02:15:00+00:00,1.0968929375005891,1.0970560752598624,1.096838008195294,1.0969968377031627,190
2023-01-08T02:20:00+00:00,1.0969968377031627,1.0971103364856467,1.0969200964521864,1.097040033884493,322
2023-01-08T02:25:00+00:00,1.097040033884493,1.0970968750987773,1.0969842182089333,1.097033986568532,282
2023-01-08T02:30:00+00:00,1.097033986568532,1.0971192380825303,1.0970003248673859,1.09711858982505,487
2023-01-08T02:35:00+00:00,1.09711858982505,1.0971679237784353,1.0969961232390755,1.0970161021812148,258
2023-01-08T02:40:00+00:00,1.0970161021812148,1.0970907404445667,1.0969517763243772,1.0969980962152972,438
2023-01-08T02:45:00+00:00,1.0969980962152972,1.0970910104293878,1.0969765415374866,1.097014055490882,74
2023-01-08T02:50:00+00:00,1.097014055490882,1.0970654472787893,1.0969948160531096,1.096999641368338,149
2023-01-08T02:55:00+00:00,1.096999641368338,1.0970546370120033,1.0969109031447362,1.097002378524734,463
2023-01-08T03:00:00+00:00,1.097002378524734,1.0971447006735446,1.0969503709254054,1.097131720200553,88
2023-01-08T03:05:00+00:00,1.097131720200553,1.0971604279418616,1.0971038668167317,1.0971203623148977,218
2023-01-08T03:10:00+00:00,1.0971203623148977,1.0971854307561675,1.097031759469507,1.0970786988482872,463
2023-01-08T03:15:00+00:00,1.0970786988482872,1.0972194109079665,1.097065267535585,1.0971311058100437,221
2023-01-08T03:20:00+00:00,1.0971311058100437,1.0971954819832612,1.0970065611449016,1.0971637357519526,476
2023-01-08T03:25:00+00:00,1.0971637357519526,1.0972397323233922,1.0971486277274745,1.097197294287201,456
2023-01-08T03:30:00+00:00,1.097197294287201,1.0972194398578285,1.0971538258261055,1.0972000515192477,98
2023-01-08T03:35:00+00:00,1.0972000515192477,1.0972464513036397,1.0971031082103113,1.0971497117940856,93
2023-01-08T03:40:00+00:00,1.0971497117940856,1.0973437316236778,1.0970743048286051,1.0973259644520312,405
2023-01-08T03:45:00+00:00,1.0973259644520312,1.09746717360351,1.0973155873543694,1.0974432052060468,460
2023-01-08T03:50:00+00:00,1.0974432052060468,1.0974583210964937,1.0973671222172885,1.097380068331913,396
2023-01-08T03:55:00+00:00,1.097380068331913,1.0973954456635988,1.0973535885786505,1.0973592111314376,485
2023-01-08T04:00:00+00:00,1.0973592111314376,1.0973744242047438,1.097332529004571,1.0973329783864987,356
2023-01-08T04:05:00+00:00,1.0973329783864987,1.097349293682412,1.097206858306515,1.0972748638229213,282
2023-01-08T04:10:00+00:00,1.0972748638229213,1.0973341974767692,1.0971181796728098,1.0971688116912846,223
2023-01-08T04:15:00+00:00,1.0971688116912846,1.09721256923058,1.097031879003543,1.0970928452443458,63
2023-01-08T04:20:00+00:00,1.0970928452443458,1.0971055357359651,1.0970163767633603,1.0970246067639269,354
2023-01-08T04:25:00+00:00,1.0970246067639269,1.097074930688438,1.0969593488904819,1.0970596099101253,480
2023-01-08T04:30:00+00:00,1.0970596099101253,1.0971571904982047,1.0970345959317127,1.0970959943496572,265
2023-01-08T04:35:00+00:00,1.0970959943496572,1.0971651549991852,1.0970412628295954,1.0970493827507652,145
2023-01-08T04:40:00+00:00,1.0970493827507652,1.0971449062746048,1.0970092530858548,1.097055695140853,273
2023-01-08T04:45:00+00:00,1.097055695140853,1.097153885818502,1.0970497129285892,1.0970815135853154,233
2023-01-08T04:50:00+00:00,1.0970815135853154,1.097177956452179,1.097014745061698,1.097019249275348,208
2023-01-08T04:55:00+00:00,1.097019249275348,1.0970522837900283,1.0969497412738278,1.0969748145778146,54
2023-01-08T05:00:00+00:00,1.0969748145778146,1.0969829310136694,1.0968359303477406,1.0968585648255935,469
2023-01-08T05:05:00+00:00,1.0968585648255935,1.0969556252919157,1.0967734788315813,1.0969051792651723,266
2023-01-08T05:10:00+00:00,1.0969051792651723,1.0970190197370167,1.0967622555386207,1.0967835319839339,85
2023-01-08T05:15:00+00:00,1.0967835319839339,1.096823918954533,1.0966799672610095,1.0967422560100661,405
2023-01-08T05:20:00+00:00,1.0967422560100661,1.096794674628518,1.0966757362459563,1.096710334189515,339
2023-01-08T05:25:00+00:00,1.096710334189515,1.0967776669120934,1.0965483312154694,1.096564243827319,264
2023-01-08T05:30:00+00:00,1.096564243827319,1.0965849636575058,1.0964683357988478,1.0965465587383738,303
2023-01-08T05:35:00+00:00,1.0965465587383738,1.0965473808974326,1.0964190719611806,1.0964232961381521,164
2023-01-08T05:40:00+00:00,1.0964232961381521,1.0964758188007961,1.0963790031389817,1.096392142942574,443
2023-01-08T05:45:00+00:00,1.096392142942574,1.096524352208436,1.0963789718524735,1.0964814543086014,428
2023-01-08T05:50:00+00:00,1.0964814543086014,1.0965170031408606,1.0964214158359948,1.0964240881119682,55
2023-01-08T05:55:00+00:00,1.0964240881119682,1.0964351314722425,1.0964104871540918,1.096416003574623,108
2023-01-08T06:00:00+00:00,1.096416003574623,1.0965121369312936,1.0963410936506,1.096470110390479,234
2023-01-08T06:05:00+00:00,1.096470110390479,1.09648192127843,1.0963371367087573,1.0963404801305878,151
2023-01-08T06:10:00+00:00,1.0963404801305878,1.0963748267401927,1.096326358614871,1.096328689297723,483
2023-01-08T06:15:00+00:00,1.096328689297723,1.0964077640232874,1.0963181587372324,1.096378226315604,61
2023-01-08T06:20:00+00:00,1.096378226315604,1.0964411442903157,1.0963023100138958,1.0964063146756733,120
2023-01-08T06:25:00+00:00,1.0964063146756733,1.0965598598209065,1.0963456493768162,1.0964961278293963,106
2023-01-08T06:30:00+00:00,1.0964961278293963,1.0965253183336265,1.0964210893482023,1.0964673167374341,240
2023-01-08T06:35:00+00:00,1.0964673167374341,1.0965515645354995,1.096366465702969,1.0964883673444525,459
2023-01-08T06:40:00+00:00,1.0964883673444525,1.0966552953471078,1.096475092350672,1.0966537992598195,123
2023-01-08T06:45:00+00:00,1.0966537992598195,1.0966734053087832,1.0966158222582638,1.0966336122103362,147
2023-01-08T06:50:00+00:00,1.0966336122103362,1.0967072251445298,1.0965860044338744,1.0966617202515505,375
2023-01-08T06:55:00+00:00,1.0966617202515505,1.096739302818472,1.0966463513239653,1.0967387762940408,365
2023-01-08T07:00:00+00:00,1.0967387762940408,1.0967899739295142,1.0965971680486386,1.096604939718702,176
2023-01-08T07:05:00+00:00,1.096604939718702,1.096732899545495,1.0965756772674957,1.0966487426524456,496
2023-01-08T07:10:00+00:00,1.0966487426524456,1.096758200241526,1.0965987035524178,1.096715690428119,422
2023-01-08T07:15:00+00:00,1.096715690428119,1.0967648697890897,1.0966415242084047,1.096669130023112,389
2023-01-08T07:20:00+00:00,1.096669130023112,1.0966891310543183,1.0965540180146243,1.0966329464371454,434
2023-01-08T07:25:00+00:00,1.0966329464371454,1.0967987828627053,1.0966295675190512,1.0967401295040395,287
2023-01-08T07:30:00+00:00,1.0967401295040395,1.096866015918459,1.0966834059047967,1.0967947965802145,303
2023-01-08T07:35:00+00:00,1.0967947965802145,1.0968598689509363,1.0967694836011541,1.0967803111865126,376
2023-01-08T07:40:00+00:00,1.0967803111865126,1.0969051720365441,1.0967460348758287,1.0968737031403273,153
2023-01-08T07:45:00+00:00,1.0968737031403273,1.0969216099312658,1.0968628659639166,1.096886711046259,161
2023-01-08T07:50:00+00:00,1.096886711046259,1.096985068138057,1.0967236079494629,1.096829102863105,241
2023-01-08T07:55:00+00:00,1.096829102863105,1.0968297016463124,1.0967270251866812,1.0967480604024362,434
2023-01-08T08:00:00+00:00,1.0967480604024362,1.096850476212368,1.096708609898482,1.0968231629981169,288
2023-01-08T08:05:00+00:00,1.0968231629981169,1.0969535696706956,1.0968196779335373,1.0969084250488204,280
2023-01-08T08:10:00+00:00,1.0969084250488204,1.0969188072190512,1.0968135867687696,1.09682824907896,245
2023-01-08T08:15:00+00:00,1.09682824907896,1.0968815825729206,1.096754262127045,1.0967626125472192,185
2023-01-08T08:20:00+00:00,1.0967626125472192,1.0967999430318383,1.0966331187036735,1.0967166625006353,312
2023-01-08T08:25:00+00:00,1.0967166625006353,1.0968122949584227,1.096710833922159,1.0967929832952035,191
2023-01-08T08:30:00+00:00,1.0967929832952035,1.0968358885627676,1.0967803935268434,1.096825761330372,152
2023-01-08T08:35:00+00:00,1.096825761330372,1.096873277671938,1.0967609309998838,1.0968356169475701,178
2023-01-08T08:40:00+00:00,1.0968356169475701,1.0969225561257043,1.096771704689561,1.096787948258236,411
2023-01-08T08:45:00+00:00,1.096787948258236,1.0968095686445332,1.0967129765952763,1.0967295378955895,487
2023-01-08T08:50:00+00:00,1.0967295378955895,1.096813710242777,1.0967239588837137,1.0967316711198534,203
2023-01-08T08:55:00+00:00,1.0967316711198534,1.0967408400076077,1.0966811486400894,1.0967263593471044,256
2023-01-08T09:00:00+00:00,1.0967263593471044,1.0968976119358933,1.0967259801849363,1.0968665991857602,384
2023-01-08T09:05:00+00:00,1.0968665991857602,1.0969509478865105,1.0968476908113247,1.0968544075787852,126
2023-01-08T09:10:00+00:00,1.0968544075787852,1.0969196044195433,1.0968486847202639,1.096892720972716,169
2023-01-08T09:15:00+00:00,1.096892720972716,1.0969800842518067,1.0968300305907048,1.0968387461796467,437
2023-01-08T09:20:00+00:00,1.0968387461796467,1.0968566551681673,1.0966834861621082,1.0966949134678783,483
2023-01-08T09:25:00+00:00,1.0966949134678783,1.0967562676178042,1.0966156294142397,1.0967236291625384,407
2023-01-08T09:30:00+00:00,1.0967236291625384,1.096750196956443,1.0966416161842716,1.0966490664650823,121
2023-01-08T09:35:00+00:00,1.0966490664650823,1.0966722267392657,1.0966211849496348,1.096633449257739,427
2023-01-08T09:40:00+00:00,1.096633449257739,1.096784781750483,1.0966104274419428,1.0967792386830792,264
2023-01-08T09:45:00+00:00,1.0967792386830792,1.0968538725728945,1.096678886816761,1.096716490749942,440
2023-01-08T09:50:00+00:00,1.096716490749942,1.0967955434306458,1.0967115027134495,1.0967344443793015,452
2023-01-08T09:55:00+00:00,1.0967344443793015,1.0967768267962683,1.0967289432172063,1.09675001591063,219
2023-01-08T10:00:00+00:00,1.09675001591063,1.096787236451083,1.0965638492790828,1.096619800393737,250
2023-01-08T10:05:00+00:00,1.096619800393737,1.0966533329410268,1.0965618736803533,1.0965660729892928,250
2023-01-08T10:10:00+00:00,1.0965660729892928,1.0966583199499744,1.0965219811098685,1.096639061378646,281
2023-01-08T10:15:00+00:00,1.096639061378646,1.0966778770464765,1.09660639105452,1.0966505033889942,137
2023-01-08T10:20:00+00:00,1.0966505033889942,1.096769813106775,1.096575627324642,1.0967311454908657,300
2023-01-08T10:25:00+00:00,1.0967311454908657,1.0967886129114728,1.0967255551988524,1.0967557767667904,247
2023-01-08T10:30:00+00:00,1.0967557767667904,1.0967913801523872,1.0967334058408593,1.0967436545167093,79
2023-01-08T10:35:00+00:00,1.0967436545167093,1.096748710056498,1.096712660898281,1.096718136692566,217
2023-01-08T10:40:00+00:00,1.096718136692566,1.0968103348361118,1.0967047775764243,1.0967706439551388,324
2023-01-08T10:45:00+00:00,1.0967706439551388,1.0968749872176011,1.0967302104321675,1.0968031449996216,249
2023-01-08T10:50:00+00:00,1.0968031449996216,1.0969851751980175,1.0967799069810307,1.0969572811070185,271
2023-01-08T10:55:00+00:00,1.0969572811070185,1.0970275974718708,1.0968899807754413,1.0969970083362175,131
2023-01-08T11:00:00+00:00,1.0969970083362175,1.0970687604748424,1.096796291449916,1.0968466677215483,400
2023-01-08T11:05:00+00:00,1.0968466677215483,1.0968791193553258,1.0967888883884214,1.0967974477469806,123
2023-01-08T11:10:00+00:00,1.0967974477469806,1.0968286446461775,1.0966271754459413,1.0966569453159731,218
2023-01-08T11:15:00+00:00,1.0966569453159731,1.0967438545303458,1.0965653154400286,1.0966202382415957,285
2023-01-08T11:20:00+00:00,1.0966202382415957,1.0966235173889,1.0965378371059742,1.096598433001877,283
2023-01-08T11:25:00+00:00,1.096598433001877,1.0967160103274698,1.0965195138743553,1.0966610753648347,455
2023-01-08T11:30:00+00:00,1.0966610753648347,1.0967269346282669,1.0966174436601892,1.0966288624035974,177
2023-01-08T11:35:00+00:00,1.0966288624035974,1.0966585527369521,1.0965202087140582,1.096582872179552,271
2023-01-08T11:40:00+00:00,1.096582872179552,1.0966116629893674,1.0963869487125693,1.0964132787913141,251
2023-01-08T11:45:00+00:00,1.0964132787913141,1.096512983220098,1.0963991089248815,1.0965082453797848,495
2023-01-08T11:50:00+00:00,1.0965082453797848,1.096685587606374,1.0964362048584408,1.0965989408488483,84
2023-01-08T11:55:00+00:00,1.0965989408488483,1.0966246115013325,1.096495431067988,1.0965712536040126,161
2023-01-08T12:00:00+00:00,1.0965712536040126,1.0966685209278744,1.0965693609853475,1.0966405985959558,238
2023-01-08T12:05:00+00:00,1.0966405985959558,1.0966615024468431,1.096589301255917,1.0966002072868004,442
2023-01-08T12:10:00+00:00,1.0966002072868004,1.0966660183387498,1.096582825316434,1.0966155279183256,72
2023-01-08T12:15:00+00:00,1.0966155279183256,1.0966815601075546,1.0966109372576647,1.0966626131039197,405
2023-01-08T12:20:00+00:00,1.0966626131039197,1.0967123093694506,1.0965946336588657,1.0966226567892594,149
2023-01-08T12:25:00+00:00,1.0966226567892594,1.0966958640777547,1.096618215134539,1.096690011828821,108
2023-01-08T12:30:00+00:00,1.096690011828821,1.0967162091127298,1.0966523439425424,1.0966791639940692,286
2023-01-08T12:35:00+00:00,1.0966791639940692,1.0967365057773975,1.0965747188528105,1.096600930074068,174
2023-01-08T12:40:00+00:00,1.096600930074068,1.0966531860413915,1.096541849606535,1.0965816245563236,132
2023-01-08T12:45:00+00:00,1.0965816245563236,1.0965981743793434,1.096573240967814,1.0965936057901728,101
2023-01-08T12:50:00+00:00,1.0965936057901728,1.0966350574708652,1.0965919743884585,1.0966119564391608,393
2023-01-08T12:55:00+00:00,1.0966119564391608,1.0966183702036505,1.0964886665471822,1.0965636019387632,128
2023-01-08T13:00:00+00:00,1.0965636019387632,1.096575003944734,1.0964937043565457,1.0965171298262744,322
2023-01-08T13:05:00+00:00,1.0965171298262744,1.096533426067397,1.0962769790144287,1.0963524793142547,478
2023-01-08T13:10:00+00:00,1.0963524793142547,1.0963980530268678,1.0962498291778304,1.0962881900551569,102
2023-01-08T13:15:00+00:00,1.0962881900551569,1.0963213761092305,1.0961609048031944,1.0961881422009094,76
2023-01-08T13:20:00+00:00,1.0961881422009094,1.0961972808848404,1.0961436111365241,1.0961676995282914,177
2023-01-08T13:25:00+00:00,1.0961676995282914,1.096231308564094,1.096141539693073,1.096205265267021,96
2023-01-08T13:30:00+00:00,1.096205265267021,1.0962255803705072,1.096112977885499,1.0962243827828249,398
2023-01-08T13:35:00+00:00,1.0962243827828249,1.0962553050991415,1.0961935638357874,1.0962380963600167,99
2023-01-08T13:40:00+00:00,1.0962380963600167,1.0963721909558388,1.096223181542044,1.0962820585902067,262
2023-01-08T13:45:00+00:00,1.0962820585902067,1.096415960047162,1.0962748446035475,1.0963242983967358,215
2023-01-08T13:50:00+00:00,1.0963242983967358,1.0963366196048965,1.096259867034521,1.0962764924605946,269
2023-01-08T13:55:00+00:00,1.0962764924605946,1.0963981489569625,1.0962526260518506,1.0963729897124084,232
2023-01-08T14:00:00+00:00,1.0963729897124084,1.0963807738742737,1.0963625670475423,1.0963669712116269,158
2023-01-08T14:05:00+00:00,1.0963669712116269,1.096384833993926,1.0963521765112274,1.0963569096272041,467
2023-01-08T14:10:00+00:00,1.0963569096272041,1.0964257206607029,1.0962370328491868,1.0963371785672729,260
2023-01-08T14:15:00+00:00,1.0963371785672729,1.096404244455307,1.0962731084958348,1.0963827418215788,102
2023-01-08T14:20:00+00:00,1.0963827418215788,1.0964688064944907,1.0962925838835844,1.0963498780180883,178
2023-01-08T14:25:00+00:00,1.0963498780180883,1.0964153227989069,1.0962840774173166,1.0963013045445613,373
2023-01-08T14:30:00+00:00,1.0963013045445613,1.0963723260547842,1.0961858578259192,1.0962616188068113,220
2023-01-08T14:35:00+00:00,1.0962616188068113,1.0962999077395101,1.0961649915958038,1.096240525851396,402
2023-01-08T14:40:00+00:00,1.096240525851396,1.0963294161355244,1.0961310844952175,1.096175973416985,361
2023-01-08T14:45:00+00:00,1.096175973416985,1.0962307073454407,1.0961473379705196,1.096184238956965,311
2023-01-08T14:50:00+00:00,1.096184238956965,1.0962123466606726,1.0960202111021675,1.0961474829042073,169
2023-01-08T14:55:00+00:00,1.0961474829042073,1.0962310767938295,1.0960117095637527,1.0960229180460919,113
2023-01-08T15:00:00+00:00,1.0960229180460919,1.0960992133148963,1.0959726077108882,1.0959757722034593,80
2023-01-08T15:05:00+00:00,1.0959757722034593,1.0960139197350176,1.0958201054440078,1.0958648020070636,153
2023-01-08T15:10:00+00:00,1.0958648020070636,1.0959238672782734,1.0957546597223975,1.0958963062962153,356
2023-01-08T15:15:00+00:00,1.0958963062962153,1.0959932710897087,1.095892414272123,1.0959392588182375,499
2023-01-08T15:20:00+00:00,1.0959392588182375,1.0959747919210658,1.0958563820244511,1.0959087777692964,316
2023-01-08T15:25:00+00:00,1.0959087777692964,1.0959222115459921,1.0957528129448653,1.0958028063422605,466
2023-01-08T15:30:00+00:00,1.0958028063422605,1.0958134378250843,1.0957731210205506,1.0957987818019606,174
2023-01-08T15:35:00+00:00,1.0957987818019606,1.095803350843495,1.0957240537933468,1.0957400874593586,390
2023-01-08T15:40:00+00:00,1.0957400874593586,1.095890286258283,1.0957283413743775,1.0958837256841027,496
2023-01-08T15:45:00+00:00,1.0958837256841027,1.0959161165540137,1.095800493294066,1.0958303461860714,276
2023-01-08T15:50:00+00:00,1.0958303461860714,1.0958436513739886,1.095686707637984,1.0958104677372265,76
2023-01-08T15:55:00+00:00,1.0958104677372265,1.0958393928278607,1.0957898202511747,1.095821043147991,154
2023-01-08T16:00:00+00:00,1.095821043147991,1.0958779441319413,1.0957361570618906,1.0958560287851085,154
2023-01-08T16:05:00+00:00,1.0958560287851085,1.0958577618311864,1.0957930532822417,1.0958131515175928,421
2023-01-08T16:10:00+00:00,1.0958131515175928,1.0958193019914777,1.095749430771303,1.0957664316953568,360
2023-01-08T16:15:00+00:00,1.0957664316953568,1.095846372621946,1.0957254468003303,1.0958461072304206,279
2023-01-08T16:20:00+00:00,1.0958461072304206,1.0959055820590784,1.0958089277785983,1.095898828529054,234
2023-01-08T16:25:00+00:00,1.095898828529054,1.0959231453756895,1.095811199078161,1.0958292794359337,275
2023-01-08T16:30:00+00:00,1.0958292794359337,1.0958612849314513,1.0957058407301676,1.0957324397215809,456
2023-01-08T16:35:00+00:00,1.0957324397215809,1.095835693984459,1.095722879937443,1.0957515242247169,268
2023-01-08T16:40:00+00:00,1.0957515242247169,1.0959006936637161,1.095692289647874,1.0958337486201448,128
2023-01-08T16:45:00+00:00,1.0958337486201448,1.0958631326316775,1.095772861950568,1.0957829950358342,244
2023-01-08T16:50:00+00:00,1.0957829950358342,1.0957954412756479,1.0956491885359514,1.095697489365203,86
2023-01-08T16:55:00+00:00,1.095697489365203,1.0958143569115213,1.0956288684085274,1.0957747955873438,150
2023-01-08T17:00:00+00:00,1.0957747955873438,1.0958309823642753,1.095716057140161,1.095804196949918,421
2023-01-08T17:05:00+00:00,1.095804196949918,1.095847792855029,1.0957680278347213,1.0958119595107378,262
2023-01-08T17:10:00+00:00,1.0958119595107378,1.0960583497684384,1.095771438227481,1.0960097119665015,378
2023-01-08T17:15:00+00:00,1.0960097119665015,1.0960954059150447,1.0960082064640269,1.0960762427301145,69
2023-01-08T17:20:00+00:00,1.0960762427301145,1.0961188329079783,1.0960491450260796,1.096117613990707,440
2023-01-08T17:25:00+00:00,1.096117613990707,1.0961529673316972,1.0960831260062058,1.0960980836539624,434
2023-01-08T17:30:00+00:00,1.0960980836539624,1.096156867164514,1.0960055110228988,1.0960816809318519,406
2023-01-08T17:35:00+00:00,1.0960816809318519,1.0961366982573795,1.0960641849732284,1.0960905759653783,267
2023-01-08T17:40:00+00:00,1.0960905759653783,1.0961276766282235,1.095995947616732,1.096085381953222,373
2023-01-08T17:45:00+00:00,1.096085381953222,1.096120297486833,1.0960738537139427,1.0961170703328216,390
2023-01-08T17:50:00+00:00,1.0961170703328216,1.0961478706323566,1.0960065262749414,1.0960791770318656,180
2023-01-08T17:55:00+00:00,1.0960791770318656,1.0961138103979247,1.0960134757224211,1.0961127430994289,389
2023-01-08T18:00:00+00:00,1.0961127430994289,1.0961263775068735,1.096103295989625,1.0961197659863307,246
2023-01-08T18:05:00+00:00,1.0961197659863307,1.0961729214406655,1.0959660665161814,1.0960058896516631,91
2023-01-08T18:10:00+00:00,1.0960058896516631,1.0960096486813908,1.0958713781917886,1.095954652066414,179
2023-01-08T18:15:00+00:00,1.095954652066414,1.0960459475256548,1.0958996178803793,1.0960248893520201,322
2023-01-08T18:20:00+00:00,1.0960248893520201,1.0960661100261608,1.095963968929323,1.0959823162566762,498
2023-01-08T18:25:00+00:00,1.0959823162566762,1.0961491671951218,1.0959361298860752,1.0960594699985562,105
2023-01-08T18:30:00+00:00,1.0960594699985562,1.0961248369877812,1.0959532922352542,1.0959688008931006,433
2023-01-08T18:35:00+00:00,1.0959688008931006,1.0960266756456654,1.0958884214594573,1.09600578210897,407
2023-01-08T18:40:00+00:00,1.09600578210897,1.0961434598067483,1.0959206214086903,1.0959217600824427,85
2023-01-08T18:45:00+00:00,1.0959217600824427,1.095929490487699,1.095866383869918,1.0959178162257017,263
2023-01-08T18:50:00+00:00,1.0959178162257017,1.0959848877722493,1.0958214091358265,1.0958445798675078,410
2023-01-08T18:55:00+00:00,1.0958445798675078,1.0959511803778064,1.0958014398373823,1.0959128243586282,307
2023-01-08T19:00:00+00:00,1.0959128243586282,1.0960134170215237,1.095900214984268,1.09599600978153,80
2023-01-08T19:05:00+00:00,1.09599600978153,1.0959960579647101,1.095858038928156,1.0959490448906002,148
2023-01-08T19:10:00+00:00,1.0959490448906002,1.0960566915353334,1.09588009147124,1.0959390801606337,369
2023-01-08T19:15:00+00:00,1.0959390801606337,1.0960551859052632,1.0958940200960314,1.0960001535713375,90
2023-01-08T19:20:00+00:00,1.0960001535713375,1.0960470786636558,1.0959718055432206,1.095979463833,349
2023-01-08T19:25:00+00:00,1.095979463833,1.0960573149265294,1.0959221091304447,1.096051813357387,439
2023-01-08T19:30:00+00:00,1.096051813357387,1.0960853744164105,1.0960517453009404,1.096074869404366,348
2023-01-08T19:35:00+00:00,1.096074869404366,1.0960784351565052,1.0960512216496223,1.096065402229999,158
2023-01-08T19:40:00+00:00,1.096065402229999,1.096066246600956,1.0959385439487999,1.0960560058013407,439
2023-01-08T19:45:00+00:00,1.0960560058013407,1.09606173541862,1.0958567728883515,1.0959141672545085,437
2023-01-08T19:50:00+00:00,1.0959141672545085,1.0959594130090573,1.095797951517424,1.095870265605456,211
2023-01-08T19:55:00+00:00,1.095870265605456,1.0960409387005199,1.0957616496078468,1.0959924320458723,390
2023-01-08T20:00:00+00:00,1.0959924320458723,1.0960333393719952,1.095803937487362,1.095904308784671,462
2023-01-08T20:05:00+00:00,1.095904308784671,1.0959489701986662,1.0958468315168002,1.0958793560380464,407
2023-01-08T20:10:00+00:00,1.0958793560380464,1.0959343091275922,1.0957454041195693,1.095755567475132,112
2023-01-08T20:15:00+00:00,1.095755567475132,1.0957830945988574,1.095717771064452,1.0957474540807044,408
2023-01-08T20:20:00+00:00,1.0957474540807044,1.0957859647783847,1.095674778290903,1.0957481685632482,495
2023-01-08T20:25:00+00:00,1.0957481685632482,1.0958355702561777,1.0957401571482688,1.09578457468828,146
2023-01-08T20:30:00+00:00,1.09578457468828,1.095900177666107,1.0957433813443906,1.0958987762357868,374
2023-01-08T20:35:00+00:00,1.0958987762357868,1.0959085457215665,1.0958619938502627,1.0958737721153493,463
2023-01-08T20:40:00+00:00,1.0958737721153493,1.0959487389709106,1.0958572832546523,1.0958632191216262,428
2023-01-08T20:45:00+00:00,1.0958632191216262,1.0959706520296846,1.095849831483145,1.095954995523118,269
2023-01-08T20:50:00+00:00,1.095954995523118,1.0961764684761341,1.0958825405803412,1.0961319779149294,408
2023-01-08T20:55:00+00:00,1.0961319779149294,1.0962170551546992,1.096086308211768,1.0961496697221154,200
2023-01-08T21:00:00+00:00,1.0961496697221154,1.0961988661966662,1.0959812706609184,1.0960511718177244,451
2023-01-08T21:05:00+00:00,1.0960511718177244,1.0960880236848536,1.0958856137058728,1.095932027693741,115
2023-01-08T21:10:00+00:00,1.095932027693741,1.0959323059600325,1.0958152687180989,1.0958980467458792,497
2023-01-08T21:15:00+00:00,1.0958980467458792,1.096002212004244,1.0956434705303475,1.0956655182653339,109
2023-01-08T21:20:00+00:00,1.0956655182653339,1.0956724913895575,1.095565245112783,1.095566520719048,387
2023-01-08T21:25:00+00:00,1.095566520719048,1.095622858260565,1.0955440734648474,1.0956155505136074,416
2023-01-08T21:30:00+00:00,1.0956155505136074,1.095817626192813,1.095592812320041,1.0957966294575485,193
2023-01-08T21:35:00+00:00,1.0957966294575485,1.0958737067918471,1.0957587016894341,1.0958665645142296,293
2023-01-08T21:40:00+00:00,1.0958665645142296,1.0960028188316304,1.0958092588579282,1.0959804631986392,374
2023-01-08T21:45:00+00:00,1.0959804631986392,1.09598381294949,1.095803016544112,1.0958245284100945,404
2023-01-08T21:50:00+00:00,1.0958245284100945,1.0958554110176586,1.0956956029770242,1.0957963875791472,83
2023-01-08T21:55:00+00:00,1.0957963875791472,1.09582644526468,1.0956749020081904,1.0957131467749786,417
2023-01-08T22:00:00+00:00,1.0957131467749786,1.095793414059955,1.095657862333429,1.095707635979168,488
2023-01-08T22:05:00+00:00,1.095707635979168,1.0957412657848056,1.0955782507991112,1.0955923140303245,182
2023-01-08T22:10:00+00:00,1.0955923140303245,1.0956323259135037,1.0955227261401324,1.095618090970189,146
2023-01-08T22:15:00+00:00,1.095618090970189,1.09568891558622,1.0955932638383952,1.0956880756705163,238
2023-01-08T22:20:00+00:00,1.0956880756705163,1.0957676650644694,1.09562844347007,1.0957365450313727,209
2023-01-08T22:25:00+00:00,1.0957365450313727,1.095883395142477,1.0957130674928812,1.0958260899676078,483
2023-01-08T22:30:00+00:00,1.0958260899676078,1.0958600199213833,1.0957502566884787,1.0957621698424134,457
2023-01-08T22:35:00+00:00,1.0957621698424134,1.0958139379368559,1.0955680090293165,1.095620634676531,352
2023-01-08T22:40:00+00:00,1.095620634676531,1.09568416179721,1.095566678578109,1.0956347762042984,124
2023-01-08T22:45:00+00:00,1.0956347762042984,1.0956517183129433,1.0955753733938658,1.0956137622215023,162
2023-01-08T22:50:00+00:00,1.0956137622215023,1.0956138202110461,1.095503119519552,1.095525682027331,390
2023-01-08T22:55:00+00:00,1.095525682027331,1.095580385870153,1.095422941931906,1.0954991099627136,67
2023-01-08T23:00:00+00:00,1.0954991099627136,1.0955241278004244,1.0954177382396373,1.0954433597307194,484
2023-01-08T23:05:00+00:00,1.0954433597307194,1.095458747776705,1.095386113282289,1.0954410346400079,474
2023-01-08T23:10:00+00:00,1.0954410346400079,1.0954959515859857,1.0954240101993558,1.0954554026061594,464
2023-01-08T23:15:00+00:00,1.0954554026061594,1.0955022049211651,1.0953684630681235,1.0954497495770563,157
2023-01-08T23:20:00+00:00,1.0954497495770563,1.0956530991865547,1.0954370253674666,1.0955578462373423,493
2023-01-08T23:25:00+00:00,1.0955578462373423,1.095702985137537,1.095460588605243,1.095686929676293,422
2023-01-08T23:30:00+00:00,1.095686929676293,1.0957775900584157,1.095455205066712,1.095507641795914,61
2023-01-08T23:35:00+00:00,1.095507641795914,1.0955509641863372,1.0953635124538088,1.0953769722461064,397
2023-01-08T23:40:00+00:00,1.0953769722461064,1.0953846633219964,1.095289158397661,1.095304137615792,422
2023-01-08T23:45:00+00:00,1.095304137615792,1.095339700326671,1.0952285952098595,1.095323788820444,149
2023-01-08T23:50:00+00:00,1.095323788820444,1.0953838507088085,1.0952572803778113,1.0952934702038744,455
2023-01-08T23:55:00+00:00,1.0952934702038744,1.0954133646886626,1.0952497195670767,1.0953342350393587,485
2023-01-09T00:00:00+00:00,1.0953342350393587,1.0954138586955697,1.0952972359014075,1.0953968462823371,276
2023-01-09T00:05:00+00:00,1.0953968462823371,1.095410660493475,1.0952712295083529,1.0953103350272477,124
2023-01-09T00:10:00+00:00,1.0953103350272477,1.095434093296969,1.0952860330820948,1.095346645795818,235
2023-01-09T00:15:00+00:00,1.095346645795818,1.095466078699864,1.0952819210862412,1.0954562261044276,397
2023-01-09T00:20:00+00:00,1.0954562261044276,1.0955878039081592,1.0953545354726055,1.0954913853440218,397
2023-01-09T00:25:00+00:00,1.0954913853440218,1.0957132436078763,1.0953956954255446,1.0956511074688997,99
2023-01-09T00:30:00+00:00,1.0956511074688997,1.0956957550570867,1.0955719336773753,1.0955954423916237,313
2023-01-09T00:35:00+00:00,1.0955954423916237,1.0956348368240405,1.0955277929037923,1.0955820848185376,126
2023-01-09T00:40:00+00:00,1.0955820848185376,1.095618496732734,1.0954891441663075,1.0955254196706588,300
2023-01-09T00:45:00+00:00,1.0955254196706588,1.0955600615818555,1.0954617436804415,1.0955381756299,138
2023-01-09T00:50:00+00:00,1.0955381756299,1.095577914125248,1.095461984916827,1.0954938341535883,387
2023-01-09T00:55:00+00:00,1.0954938341535883,1.0955410313457679,1.0953311384163307,1.095360929160521,468
2023-01-09T01:00:00+00:00,1.095360929160521,1.095393430850474,1.095296130588102,1.0953234694004264,111
2023-01-09T01:05:00+00:00,1.0953234694004264,1.0953424323320315,1.095243750478396,1.0952608163595465,378
2023-01-09T01:10:00+00:00,1.0952608163595465,1.0953129127909107,1.0951497860297728,1.0952143321601986,343
2023-01-09T01:15:00+00:00,1.0952143321601986,1.0953058271885416,1.0952044513082924,1.0952295465086943,98
2023-01-09T01:20:00+00:00,1.0952295465086943,1.0952740093098383,1.0951579808384448,1.095243622066445,272
2023-01-09T01:25:00+00:00,1.095243622066445,1.0952629399771314,1.0952189419151075,1.0952552005749012,216
2023-01-09T01:30:00+00:00,1.0952552005749012,1.0954592405968948,1.0952462375223357,1.0954167249118605,466
2023-01-09T01:35:00+00:00,1.0954167249118605,1.095431962139959,1.0953201396603036,1.0953677896860543,468
2023-01-09T01:40:00+00:00,1.0953677896860543,1.0953885309333087,1.0951651332273777,1.0952254619408317,349
2023-01-09T01:45:00+00:00,1.0952254619408317,1.095322239644498,1.0952030510828321,1.095232577586409,383
2023-01-09T01:50:00+00:00,1.095232577586409,1.095386671173475,1.0951283048462268,1.095327885177044,142
2023-01-09T01:55:00+00:00,1.095327885177044,1.0953777591356517,1.0952327439308367,1.0952915091092388,52
2023-01-09T02:00:00+00:00,1.0952915091092388,1.0953217724957425,1.0951376453089356,1.0951564395281987,155
2023-01-09T02:05:00+00:00,1.0951564395281987,1.0951982595409888,1.0951388890266114,1.0951859479738224,181
2023-01-09T02:10:00+00:00,1.0951859479738224,1.095209551939319,1.0951270260596737,1.0951988252890825,236
2023-01-09T02:15:00+00:00,1.0951988252890825,1.0952288199552505,1.0951805873960165,1.0951870399191073,386
2023-01-09T02:20:00+00:00,1.0951870399191073,1.0952548792562191,1.095129932286699,1.095254856525391,450
2023-01-09T02:25:00+00:00,1.095254856525391,1.095271498877473,1.0951633989487086,1.095222913477678,121
2023-01-09T02:30:00+00:00,1.095222913477678,1.095258790576036,1.0949693166315202,1.095113955311285,230
2023-01-09T02:35:00+00:00,1.095113955311285,1.0951609139324698,1.0950439578694477,1.0950809398232715,402
2023-01-09T02:40:00+00:00,1.0950809398232715,1.0952553978731319,1.0950783267040656,1.0952014595133392,203
2023-01-09T02:45:00+00:00,1.0952014595133392,1.0952746208425712,1.0951741005729754,1.095253098698549,118
2023-01-09T02:50:00+00:00,1.095253098698549,1.095273982170391,1.0951919594437867,1.0952085557187596,368
2023-01-09T02:55:00+00:00,1.0952085557187596,1.095296948063073,1.0951788250896115,1.0952412080742886,183
2023-01-09T03:00:00+00:00,1.0952412080742886,1.0953143635138223,1.0950970295191418,1.0951139001942354,180
2023-01-09T03:05:00+00:00,1.0951139001942354,1.095186524953747,1.0950076486297384,1.0951336638436602,123
2023-01-09T03:10:00+00:00,1.0951336638436602,1.0951379423369074,1.0950861961664697,1.0951040029837877,406
2023-01-09T03:15:00+00:00,1.0951040029837877,1.0951522970438747,1.0947807528616897,1.0948434767512214,338
2023-01-09T03:20:00+00:00,1.0948434767512214,1.0949208746077088,1.0947208683057779,1.0947620959301387,128
2023-01-09T03:25:00+00:00,1.0947620959301387,1.0947977494967087,1.0946306371426138,1.0947111329686596,244
2023-01-09T03:30:00+00:00,1.0947111329686596,1.094829718322566,1.0946883361991586,1.0948186937205364,106
2023-01-09T03:35:00+00:00,1.0948186937205364,1.0948587744109133,1.0947719298166105,1.0948381807780683,218
2023-01-09T03:40:00+00:00,1.0948381807780683,1.0948747916607466,1.0947699844221925,1.0947899986699494,494
2023-01-09T03:45:00+00:00,1.0947899986699494,1.094857383184111,1.0947518281426296,1.0948454833875056,100
2023-01-09T03:50:00+00:00,1.0948454833875056,1.0949373063439733,1.0946776696309426,1.094694698761504,113
2023-01-09T03:55:00+00:00,1.094694698761504,1.094757212056533,1.0946226086862925,1.0947208966410455,206
2023-01-09T04:00:00+00:00,1.0947208966410455,1.094768911767414,1.0945597922596035,1.0945980132650237,342
2023-01-09T04:05:00+00:00,1.0945980132650237,1.0946820394513312,1.0945506195248067,1.0946400449610818,361
2023-01-09T04:10:00+00:00,1.0946400449610818,1.094669730801999,1.0946054542121328,1.0946605908532587,142
2023-01-09T04:15:00+00:00,1.0946605908532587,1.0948286111401702,1.0945926372881907,1.0947823219553112,453
2023-01-09T04:20:00+00:00,1.0947823219553112,1.0947956091289222,1.094643759117687,1.0946771069761152,115
2023-01-09T04:25:00+00:00,1.0946771069761152,1.0946814413179369,1.0945274257425344,1.09460347519497,415
2023-01-09T04:30:00+00:00,1.09460347519497,1.0946484508915224,1.0945444603689545,1.094626910041145,77
2023-01-09T04:35:00+00:00,1.094626910041145,1.0947793188632047,1.0945919049191444,1.0947170958074157,239
2023-01-09T04:40:00+00:00,1.0947170958074157,1.0947536027865918,1.094640531999763,1.0947012846838717,143
2023-01-09T04:45:00+00:00,1.0947012846838717,1.0947446306863777,1.0946048726917514,1.0946223630863863,289
2023-01-09T04:50:00+00:00,1.0946223630863863,1.0946229257141238,1.094451132771552,1.0945582654362098,466
2023-01-09T04:55:00+00:00,1.0945582654362098,1.0946515050537156,1.0944878476814754,1.094642053119657,94
2023-01-09T05:00:00+00:00,1.094642053119657,1.0947360859964994,1.094633706357952,1.0947195279577397,90
2023-01-09T05:05:00+00:00,1.0947195279577397,1.0947846291648011,1.0947023590931761,1.0947518014929725,97
2023-01-09T05:10:00+00:00,1.0947518014929725,1.0947807615161371,1.094749170543985,1.0947659558554022,302
2023-01-09T05:15:00+00:00,1.0947659558554022,1.0947685840713006,1.094657680779736,1.0946645257697678,267
2023-01-09T05:20:00+00:00,1.0946645257697678,1.094768615579355,1.0945440855750974,1.0945824975115859,400
2023-01-09T05:25:00+00:00,1.0945824975115859,1.0947582838561654,1.0945811526183686,1.094653650831482,407
2023-01-09T05:30:00+00:00,1.094653650831482,1.0946692056765726,1.094619021412166,1.0946633015412945,53
2023-01-09T05:35:00+00:00,1.0946633015412945,1.09482127224847,1.0945874006741916,1.0948038853197988,433
2023-01-09T05:40:00+00:00,1.0948038853197988,1.0949366184770706,1.0946000249825085,1.0946596058615774,500
2023-01-09T05:45:00+00:00,1.0946596058615774,1.094731012282496,1.0944813422638333,1.094507079869017,71
2023-01-09T05:50:00+00:00,1.094507079869017,1.094587827658832,1.0942985220867412,1.0943457208896823,318
2023-01-09T05:55:00+00:00,1.0943457208896823,1.0943712245917823,1.0941811541393274,1.094198769322503,237
2023-01-09T06:00:00+00:00,1.094198769322503,1.094300916964304,1.0941486745995506,1.0942501065979626,244
2023-01-09T06:05:00+00:00,1.0942501065979626,1.094313461589594,1.0941095301206183,1.0942256071301197,223
2023-01-09T06:10:00+00:00,1.0942256071301197,1.0942972826781787,1.0941428997223424,1.0942777916920452,110
2023-01-09T06:15:00+00:00,1.0942777916920452,1.0942920999672674,1.0941891281241634,1.0942447612191673,185
2023-01-09T06:20:00+00:00,1.0942447612191673,1.0943546881586173,1.0942129707827741,1.0942750434027155,206
2023-01-09T06:25:00+00:00,1.0942750434027155,1.0943891477205936,1.0941972505067763,1.0942517262268525,313
2023-01-09T06:30:00+00:00,1.0942517262268525,1.0942736743075279,1.0941842434087303,1.094261736247886,299
2023-01-09T06:35:00+00:00,1.094261736247886,1.094292510727533,1.0942598151060157,1.0942874262570845,285
2023-01-09T06:40:00+00:00,1.0942874262570845,1.094328581627957,1.0941471279687753,1.0942521694999099,145
2023-01-09T06:45:00+00:00,1.0942521694999099,1.094263230138687,1.094248318236611,1.0942577818344839,270
2023-01-09T06:50:00+00:00,1.0942577818344839,1.0942588329742111,1.094195554079065,1.0942243244443806,113
2023-01-09T06:55:00+00:00,1.0942243244443806,1.094229356792243,1.0942172818621652,1.0942203392586571,443
2023-01-09T07:00:00+00:00,1.0942203392586571,1.0942501524500168,1.0941554211182651,1.0941887997761506,269
2023-01-09T07:05:00+00:00,1.0941887997761506,1.0942785121652114,1.09414994178198,1.0942302004949473,187
2023-01-09T07:10:00+00:00,1.0942302004949473,1.0943309530158036,1.0942143823646113,1.0942970480844034,231
2023-01-09T07:15:00+00:00,1.0942970480844034,1.09429714673504,1.094251579858001,1.0942569767169694,495
2023-01-09T07:20:00+00:00,1.0942569767169694,1.094280402016947,1.0942414978004145,1.0942473245885107,265
2023-01-09T07:25:00+00:00,1.0942473245885107,1.0942934280269825,1.0941398712404269,1.094289323816925,132
2023-01-09T07:30:00+00:00,1.094289323816925,1.0943945702765416,1.0940535056872904,1.094191616071807,110
2023-01-09T07:35:00+00:00,1.094191616071807,1.0942472046025056,1.0941045366929047,1.09413460042634,459
2023-01-09T07:40:00+00:00,1.09413460042634,1.0941583427821422,1.094116799685787,1.0941173958309331,254
2023-01-09T07:45:00+00:00,1.0941173958309331,1.0942307738466757,1.0939769568111497,1.0939782808792302,481
2023-01-09T07:50:00+00:00,1.0939782808792302,1.0940214799310395,1.0938926953592505,1.093997879652061,114
2023-01-09T07:55:00+00:00,1.093997879652061,1.09403080382297,1.0939119473800554,1.093960750496626,442
2023-01-09T08:00:00+00:00,1.093960750496626,1.093975729707554,1.0939249669696585,1.0939504458810771,355
2023-01-09T08:05:00+00:00,1.0939504458810771,1.0939546563835927,1.0938230711791719,1.0938762781391527,198
2023-01-09T08:10:00+00:00,1.0938762781391527,1.0938966179146954,1.0938072293804182,1.0938697650550502,423
2023-01-09T08:15:00+00:00,1.0938697650550502,1.0939556081425024,1.0938670921529625,1.093917823059965,442
2023-01-09T08:20:00+00:00,1.093917823059965,1.0939907881671944,1.0938953542299579,1.0939649218713068,269
2023-01-09T08:25:00+00:00,1.0939649218713068,1.0939898550782623,1.0937779331900244,1.0938521427400687,464
2023-01-09T08:30:00+00:00,1.0938521427400687,1.0940044679828012,1.0938273731528034,1.093955626204114,487
2023-01-09T08:35:00+00:00,1.093955626204114,1.0940152333690645,1.0938840841837343,1.0939225434983577,167
2023-01-09T08:40:00+00:00,1.0939225434983577,1.0940163939076109,1.0939176643151882,1.093981618750432,124
2023-01-09T08:45:00+00:00,1.093981618750432,1.0940953976107717,1.0939506987147907,1.0940334653564372,96
2023-01-09T08:50:00+00:00,1.0940334653564372,1.0941219793895003,1.0939568137560727,1.0940851532570002,168
2023-01-09T08:55:00+00:00,1.0940851532570002,1.0940944485653208,1.094014054632296,1.0940659187574238,81
2023-01-09T09:00:00+00:00,1.0940659187574238,1.0940703688056417,1.0939380991202157,1.0939513477749585,193
2023-01-09T09:05:00+00:00,1.0939513477749585,1.0940850725195677,1.0939237087579516,1.0940112289724704,176
2023-01-09T09:10:00+00:00,1.0940112289724704,1.0940253585048159,1.0939849614858896,1.0940007858111407,431
2023-01-09T09:15:00+00:00,1.0940007858111407,1.094025435670838,1.0939638852953146,1.094007605004052,193
2023-01-09T09:20:00+00:00,1.094007605004052,1.0940512462951713,1.0939591544124023,1.0940387135692164,236
2023-01-09T09:25:00+00:00,1.0940387135692164,1.0942298116581357,1.0940177282153125,1.0942175283726692,392
2023-01-09T09:30:00+00:00,1.0942175283726692,1.0943241005326523,1.0941885140450265,1.0943186700298817,429
2023-01-09T09:35:00+00:00,1.0943186700298817,1.0943490256294977,1.0941874982848168,1.094264118198342,351
2023-01-09T09:40:00+00:00,1.094264118198342,1.094272810464262,1.0941682992752955,1.094188436917551,246
2023-01-09T09:45:00+00:00,1.094188436917551,1.0942086762180894,1.0941317554714505,1.09414411115571,372
2023-01-09T09:50:00+00:00,1.09414411115571,1.0941694052412976,1.0940480231634642,1.0941423923068008,385
2023-01-09T09:55:00+00:00,1.0941423923068008,1.0941558470048458,1.0940214086472457,1.0940512529100983,278
2023-01-09T10:00:00+00:00,1.0940512529100983,1.0940884889246463,1.0940073801215935,1.094079588360687,421
2023-01-09T10:05:00+00:00,1.094079588360687,1.0941630735352834,1.0940449503172267,1.094058604382546,323
2023-01-09T10:10:00+00:00,1.094058604382546,1.094073319265597,1.0940317536400639,1.0940543984321351,179
2023-01-09T10:15:00+00:00,1.0940543984321351,1.0942145825322231,1.0940012552785916,1.0941490236214166,483
2023-01-09T10:20:00+00:00,1.0941490236214166,1.0944055199951004,1.094105941088849,1.0943304177107314,417
2023-01-09T10:25:00+00:00,1.0943304177107314,1.0943700204345765,1.0942410521870551,1.0942770555820112,297
2023-01-09T10:30:00+00:00,1.0942770555820112,1.094333440188192,1.0941050137059198,1.0941155267051217,356
2023-01-09T10:35:00+00:00,1.0941155267051217,1.0941353096415594,1.0939859050113416,1.0941152850822358,198
2023-01-09T10:40:00+00:00,1.0941152850822358,1.0942328575372782,1.0940941064715775,1.0942146559955264,429
2023-01-09T10:45:00+00:00,1.0942146559955264,1.094237711413285,1.094042788676078,1.094096497971447,322
2023-01-09T10:50:00+00:00,1.094096497971447,1.094340125498639,1.0940543067581319,1.0942430267324925,246
2023-01-09T10:55:00+00:00,1.0942430267324925,1.0944041421355595,1.0942239946268708,1.0943581934168352,360
2023-01-09T11:00:00+00:00,1.0943581934168352,1.09438979519715,1.0943327119839006,1.0943514903940565,406
2023-01-09T11:05:00+00:00,1.0943514903940565,1.0945137136176255,1.094345097052431,1.0943990038770468,312
2023-01-09T11:10:00+00:00,1.0943990038770468,1.0944206755565142,1.0942365823834614,1.0942785739953924,162
2023-01-09T11:15:00+00:00,1.0942785739953924,1.094289930156325,1.0942301945736856,1.0942680684176176,110
2023-01-09T11:20:00+00:00,1.0942680684176176,1.0942933023582846,1.0942670239768402,1.0942798628896173,125
2023-01-09T11:25:00+00:00,1.0942798628896173,1.0943402514293445,1.0942654976777741,1.0943025605098249,118
2023-01-09T11:30:00+00:00,1.0943025605098249,1.0943902524473044,1.0942609386283466,1.0942846134001951,471
2023-01-09T11:35:00+00:00,1.0942846134001951,1.0942907975908571,1.0942134836582982,1.0942375521530872,382
2023-01-09T11:40:00+00:00,1.0942375521530872,1.0942933301111122,1.0941608439234776,1.0941750292274277,411
2023-01-09T11:45:00+00:00,1.0941750292274277,1.09422884127753,1.09414895098128,1.0941996383621657,118
2023-01-09T11:50:00+00:00,1.0941996383621657,1.0942370808832937,1.0940997830124444,1.0941075433721186,467
2023-01-09T11:55:00+00:00,1.0941075433721186,1.0941789826336283,1.0941044807842066,1.0941322184149724,424
2023-01-09T12:00:00+00:00,1.0941322184149724,1.0941878516291959,1.0940711205543605,1.0941810927423115,494
2023-01-09T12:05:00+00:00,1.0941810927423115,1.0941964333153624,1.0940779171348787,1.0941636316752938,104
2023-01-09T12:10:00+00:00,1.0941636316752938,1.0942388292288503,1.0941065371383005,1.0941428801672026,370
2023-01-09T12:15:00+00:00,1.0941428801672026,1.094184923898259,1.0940751113410039,1.0941223831725595,468
2023-01-09T12:20:00+00:00,1.0941223831725595,1.0941381131598569,1.0940362171989848,1.0940563421966882,489
2023-01-09T12:25:00+00:00,1.0940563421966882,1.0941651256241827,1.0940272628216585,1.0941645961241426,168
2023-01-09T12:30:00+00:00,1.0941645961241426,1.0942175057113008,1.094119924882563,1.0941539674175231,303
2023-01-09T12:35:00+00:00,1.0941539674175231,1.0942408194547508,1.0941248987855174,1.094227476951873,491
2023-01-09T12:40:00+00:00,1.094227476951873,1.0943322184465971,1.0941979141237579,1.0942741613198816,194
2023-01-09T12:45:00+00:00,1.0942741613198816,1.09430371991052,1.094252813275069,1.0942567451723693,140
2023-01-09T12:50:00+00:00,1.0942567451723693,1.0943766069168366,1.0942461504755325,1.0943071148819101,268
2023-01-09T12:55:00+00:00,1.0943071148819101,1.094351726438574,1.094197657018344,1.0943484613236243,256
2023-01-09T13:00:00+00:00,1.0943484613236243,1.0944637392757415,1.0943352470920975,1.0944277156922453,358
2023-01-09T13:05:00+00:00,1.0944277156922453,1.0944675833605177,1.0942552298684407,1.0942840921949113,106
2023-01-09T13:10:00+00:00,1.0942840921949113,1.0944223780566154,1.0942748882736337,1.0943471142161854,177
2023-01-09T13:15:00+00:00,1.0943471142161854,1.09435208949476,1.0942892729931966,1.0943284236573765,371
2023-01-09T13:20:00+00:00,1.0943284236573765,1.094380373463007,1.0941252303921833,1.0942136364537607,327
2023-01-09T13:25:00+00:00,1.0942136364537607,1.0942261196028196,1.094168362273257,1.094222164472496,412
2023-01-09T13:30:00+00:00,1.094222164472496,1.0942739757145312,1.0942157526495015,1.0942600435391021,467
2023-01-09T13:35:00+00:00,1.0942600435391021,1.0942833456379155,1.0940532282064375,1.0940916016881186,129
2023-01-09T13:40:00+00:00,1.0940916016881186,1.094158237017835,1.0940847463788976,1.0940956655230034,60
2023-01-09T13:45:00+00:00,1.0940956655230034,1.094205997157296,1.094074908159766,1.0941954330868446,201
2023-01-09T13:50:00+00:00,1.0941954330868446,1.0943916630582955,1.0941933126950096,1.094329006406328,164
2023-01-09T13:55:00+00:00,1.094329006406328,1.0943833511640313,1.094321077497262,1.0943311720289084,125
2023-01-09T14:00:00+00:00,1.0943311720289084,1.094363923538751,1.0942246455516742,1.0942915759942244,401
2023-01-09T14:05:00+00:00,1.0942915759942244,1.0943610474554943,1.0941724919465523,1.09423434395037,107
2023-01-09T14:10:00+00:00,1.09423434395037,1.0942422063515558,1.0939699947644508,1.0939899488122964,194
2023-01-09T14:15:00+00:00,1.0939899488122964,1.094231020198066,1.0939359305014966,1.094187850313254,110
2023-01-09T14:20:00+00:00,1.094187850313254,1.094275245471242,1.0940587845047038,1.0940716062062683,127
2023-01-09T14:25:00+00:00,1.0940716062062683,1.0941107238525047,1.0940162961252375,1.0940838719685424,357
2023-01-09T14:30:00+00:00,1.0940838719685424,1.0941670369855105,1.0940241987826296,1.0941192328894422,369
2023-01-09T14:35:00+00:00,1.0941192328894422,1.094138292896578,1.0940013460480638,1.0940435150921854,103
2023-01-09T14:40:00+00:00,1.0940435150921854,1.094101806258238,1.0940045265304483,1.09403124881525,414
2023-01-09T14:45:00+00:00,1.09403124881525,1.0941040133360753,1.0939471601558828,1.0940774582061037,491
2023-01-09T14:50:00+00:00,1.0940774582061037,1.0941306356395641,1.0940529590035466,1.094119059430483,249
2023-01-09T14:55:00+00:00,1.094119059430483,1.0942033688816253,1.0940315339275215,1.094060876523301,294
2023-01-09T15:00:00+00:00,1.094060876523301,1.094099046429667,1.093988563293398,1.0940765358427598,124
2023-01-09T15:05:00+00:00,1.0940765358427598,1.09427002695086,1.093989307664321,1.09413342690025,143
2023-01-09T15:10:00+00:00,1.09413342690025,1.0941881409314165,1.094076175781978,1.0941417972377172,261
2023-01-09T15:15:00+00:00,1.0941417972377172,1.094202394977789,1.094099352637259,1.0941453005902604,120
2023-01-09T15:20:00+00:00,1.0941453005902604,1.0942519382521774,1.0941439618166882,1.0941829706788833,304
2023-01-09T15:25:00+00:00,1.0941829706788833,1.0943229608133753,1.0941689306312627,1.0942664349867333,324
2023-01-09T15:30:00+00:00,1.0942664349867333,1.0943451911131692,1.0942207222006906,1.0943007961654931,345
2023-01-09T15:35:00+00:00,1.0943007961654931,1.0943159821312767,1.0941701356958957,1.0942601754700312,162
2023-01-09T15:40:00+00:00,1.0942601754700312,1.0942952117373186,1.0940836590868848,1.0942433256752733,58
2023-01-09T15:45:00+00:00,1.0942433256752733,1.0942848712765847,1.0942002094466696,1.09424809409456,118
2023-01-09T15:50:00+00:00,1.09424809409456,1.0942812650554385,1.0941912953008472,1.0942729096430492,493
2023-01-09T15:55:00+00:00,1.0942729096430492,1.0944041483022768,1.0942459599689742,1.0943992444598496,285
2023-01-09T16:00:00+00:00,1.0943992444598496,1.0945732320024968,1.0942904884063982,1.0944961495375098,174
2023-01-09T16:05:00+00:00,1.0944961495375098,1.0945048582595691,1.094430597647097,1.0944651802563024,432
2023-01-09T16:10:00+00:00,1.0944651802563024,1.094695363824541,1.094451294626639,1.0945979529604803,63
2023-01-09T16:15:00+00:00,1.0945979529604803,1.0946154136049426,1.0944738746468092,1.0945234681952423,77
2023-01-09T16:20:00+00:00,1.0945234681952423,1.0945401741609944,1.0944555676754963,1.0945083537998255,65
2023-01-09T16:25:00+00:00,1.0945083537998255,1.0945250080038327,1.0943496132511314,1.0943716174494182,175
2023-01-09T16:30:00+00:00,1.0943716174494182,1.0944949164242206,1.0943605199167576,1.0944647104651124,143
2023-01-09T16:35:00+00:00,1.0944647104651124,1.0944916892436485,1.094418770272032,1.0944239580921769,320
2023-01-09T16:40:00+00:00,1.0944239580921769,1.09446396236138,1.0943652003573958,1.0944037290137256,450
2023-01-09T16:45:00+00:00,1.0944037290137256,1.0944482406404754,1.0943972909173023,1.094443236830496,106
2023-01-09T16:50:00+00:00,1.094443236830496,1.0946221664428883,1.0943615375015774,1.0945364915565892,307
2023-01-09T16:55:00+00:00,1.0945364915565892,1.0945912718144295,1.0944940129297314,1.0945644444608147,266
2023-01-09T17:00:00+00:00,1.0945644444608147,1.0946568541336634,1.0944073091696913,1.094495967884321,342
2023-01-09T17:05:00+00:00,1.094495967884321,1.0945745641358475,1.0944460292395168,1.0944469539569996,266
2023-01-09T17:10:00+00:00,1.0944469539569996,1.0945226917076833,1.0944061656035486,1.0945060638015465,114
2023-01-09T17:15:00+00:00,1.0945060638015465,1.094551991697666,1.0944555392822926,1.0945498109339333,78
2023-01-09T17:20:00+00:00,1.0945498109339333,1.0945921643582988,1.094548200719431,1.0945609140026527,480
2023-01-09T17:25:00+00:00,1.0945609140026527,1.094628835276013,1.0944239399586808,1.0944597437037191,294
2023-01-09T17:30:00+00:00,1.0944597437037191,1.0945258257996922,1.0944026177693056,1.0944166190151048,461
2023-01-09T17:35:00+00:00,1.0944166190151048,1.0944529373836251,1.094337396254425,1.0943753586133593,188
2023-01-09T17:40:00+00:00,1.0943753586133593,1.0944142540759771,1.0942981871061814,1.0944015824183397,64
2023-01-09T17:45:00+00:00,1.0944015824183397,1.0944035416156386,1.0942795049559912,1.0943092435926576,104
2023-01-09T17:50:00+00:00,1.0943092435926576,1.0944362658177293,1.0943074821681713,1.094409366043471,332
2023-01-09T17:55:00+00:00,1.094409366043471,1.0944437338528417,1.0942320221336783,1.0943418331980754,173
2023-01-09T18:00:00+00:00,1.0943418331980754,1.0944779118377093,1.094257554474402,1.0943166920209255,454
2023-01-09T18:05:00+00:00,1.0943166920209255,1.094332301894458,1.0942755042994639,1.0942770980084773,97
2023-01-09T18:10:00+00:00,1.0942770980084773,1.0942903631587848,1.0942517999086763,1.0942880955159142,253
2023-01-09T18:15:00+00:00,1.0942880955159142,1.094383833851097,1.0942880365253576,1.094340384692058,250
2023-01-09T18:20:00+00:00,1.094340384692058,1.0944737931772697,1.0943020969865318,1.0943087307785178,258
2023-01-09T18:25:00+00:00,1.0943087307785178,1.0943558302460337,1.0942394932611479,1.094275316281051,307
2023-01-09T18:30:00+00:00,1.094275316281051,1.094319340114057,1.0942334304936716,1.0942926559331776,350
2023-01-09T18:35:00+00:00,1.0942926559331776,1.0943020320180052,1.094242848804756,1.0942529838276447,132
2023-01-09T18:40:00+00:00,1.0942529838276447,1.0943513669430085,1.0942363663081638,1.0943059372192012,417
2023-01-09T18:45:00+00:00,1.0943059372192012,1.0943099637201823,1.0942491495661173,1.0942837655894138,398
2023-01-09T18:50:00+00:00,1.0942837655894138,1.0943543056834963,1.0941391922027996,1.094207460448268,314
2023-01-09T18:55:00+00:00,1.094207460448268,1.0944517324501808,1.0942041387155363,1.094383315586294,317
2023-01-09T19:00:00+00:00,1.094383315586294,1.0944701247147473,1.0943732921332259,1.0944507264845413,234
2023-01-09T19:05:00+00:00,1.0944507264845413,1.0945354299783903,1.094297833718368,1.0943809249152523,70
2023-01-09T19:10:00+00:00,1.0943809249152523,1.0945435422782737,1.0943548834759305,1.0944888455192507,362
2023-01-09T19:15:00+00:00,1.0944888455192507,1.0946241477206249,1.094410508998143,1.0945255795644957,340
2023-01-09T19:20:00+00:00,1.0945255795644957,1.0945677792579527,1.0944522439024902,1.0944615948725331,495
2023-01-09T19:25:00+00:00,1.0944615948725331,1.0944983350341781,1.0943274403632137,1.0944210207812917,458
2023-01-09T19:30:00+00:00,1.0944210207812917,1.0944498751112008,1.094385001925021,1.0944289360491042,201
2023-01-09T19:35:00+00:00,1.0944289360491042,1.0944902464384565,1.0943945091281069,1.0944688426478975,236
2023-01-09T19:40:00+00:00,1.0944688426478975,1.094484139959764,1.0944378669146215,1.09445146447203,292
2023-01-09T19:45:00+00:00,1.09445146447203,1.0945355521957576,1.094355029482911,1.0943664671107458,276
2023-01-09T19:50:00+00:00,1.0943664671107458,1.094388751558649,1.094295719720515,1.0943418704050498,70
2023-01-09T19:55:00+00:00,1.0943418704050498,1.0944428458037472,1.0943107856558236,1.0944159668325604,259
2023-01-09T20:00:00+00:00,1.0944159668325604,1.094615683202715,1.0943830275838966,1.0945283742011076,482
2023-01-09T20:05:00+00:00,1.0945283742011076,1.0946157374246437,1.0944977710957173,1.0945849924349422,92
2023-01-09T20:10:00+00:00,1.0945849924349422,1.0946390619528439,1.0945387258192278,1.094546943633909,399
2023-01-09T20:15:00+00:00,1.094546943633909,1.0948436982179934,1.0945104668744567,1.0947109372402684,79
2023-01-09T20:20:00+00:00,1.0947109372402684,1.094748347558984,1.0947060404380453,1.094708773289934,486
2023-01-09T20:25:00+00:00,1.094708773289934,1.0947470754151503,1.0946710484534423,1.0947008736639652,341
2023-01-09T20:30:00+00:00,1.0947008736639652,1.0947123860966126,1.0946344531806405,1.0946769688294768,97
2023-01-09T20:35:00+00:00,1.0946769688294768,1.094768482016697,1.0946312702608945,1.094735743737647,323
2023-01-09T20:40:00+00:00,1.094735743737647,1.094842194825998,1.0946661386597287,1.0948093669790901,253
2023-01-09T20:45:00+00:00,1.0948093669790901,1.094881026776119,1.0947762323647419,1.094877217585882,218
2023-01-09T20:50:00+00:00,1.094877217585882,1.0949637910465717,1.0948498155217077,1.0949457485244745,429
2023-01-09T20:55:00+00:00,1.0949457485244745,1.0949856872324748,1.0949072136077895,1.0949132259589163,69
2023-01-09T21:00:00+00:00,1.0949132259589163,1.0949472654975039,1.0947061783189338,1.0947273270546753,340
2023-01-09T21:05:00+00:00,1.0947273270546753,1.0948389285360127,1.0947140720665547,1.0947724511354406,244
2023-01-09T21:10:00+00:00,1.0947724511354406,1.0949428213312822,1.0947383523080967,1.094908082991427,159
2023-01-09T21:15:00+00:00,1.094908082991427,1.0950029558254228,1.0946607948207043,1.094694331257329,438
2023-01-09T21:20:00+00:00,1.094694331257329,1.094730592021449,1.0946561081382602,1.0946698562798942,85
2023-01-09T21:25:00+00:00,1.0946698562798942,1.0946729455053947,1.094625483383598,1.094645895684262,497
2023-01-09T21:30:00+00:00,1.094645895684262,1.094744301394547,1.094535479659424,1.0946089968873676,182
2023-01-09T21:35:00+00:00,1.0946089968873676,1.0946156854327969,1.094576529146504,1.0945917431188141,269
2023-01-09T21:40:00+00:00,1.0945917431188141,1.0946617872145699,1.0944961075597062,1.0945198186743375,264
2023-01-09T21:45:00+00:00,1.0945198186743375,1.0946462565371498,1.0945126858081746,1.0945847491510823,451
2023-01-09T21:50:00+00:00,1.0945847491510823,1.0947171080449243,1.0945377765958517,1.0946517191285379,249
2023-01-09T21:55:00+00:00,1.0946517191285379,1.094778614513339,1.0945942023088382,1.0947502058510155,355
2023-01-09T22:00:00+00:00,1.0947502058510155,1.0948680506580055,1.0947255890791956,1.0947921117551898,390
2023-01-09T22:05:00+00:00,1.0947921117551898,1.0949099232390358,1.0947620357669843,1.0947721513899034,430
2023-01-09T22:10:00+00:00,1.0947721513899034,1.0949049225258616,1.0946660801896244,1.0948325644637968,125
2023-01-09T22:15:00+00:00,1.0948325644637968,1.094892552359894,1.094832412566381,1.0948489410552387,455
2023-01-09T22:20:00+00:00,1.0948489410552387,1.0949399801372492,1.0948446856150214,1.094930403983675,280
2023-01-09T22:25:00+00:00,1.094930403983675,1.0950231928398464,1.094896008110107,1.094930722174823,374
2023-01-09T22:30:00+00:00,1.094930722174823,1.094972064344085,1.0947024930520792,1.0947312341497848,146
2023-01-09T22:35:00+00:00,1.0947312341497848,1.0948198418002073,1.0947010202678025,1.0947647386108734,135
2023-01-09T22:40:00+00:00,1.0947647386108734,1.094785415888117,1.0947128276669809,1.0947209742938997,397
2023-01-09T22:45:00+00:00,1.0947209742938997,1.0947801723127184,1.0947170247946516,1.0947726372041513,466
2023-01-09T22:50:00+00:00,1.0947726372041513,1.094804649143414,1.094696985421824,1.094729374856836,113
2023-01-09T22:55:00+00:00,1.094729374856836,1.0948917851336872,1.0946606686137015,1.0948691347599162,283
2023-01-09T23:00:00+00:00,1.0948691347599162,1.0948930702640451,1.0947816097311964,1.0948064567958347,441
2023-01-09T23:05:00+00:00,1.0948064567958347,1.094865100054825,1.0946353614942899,1.0947333566287998,284
2023-01-09T23:10:00+00:00,1.0947333566287998,1.0947469263960772,1.0946378566271546,1.0946896161464075,245
2023-01-09T23:15:00+00:00,1.0946896161464075,1.0947056414617073,1.0945629915655226,1.0946346256426944,398
2023-01-09T23:20:00+00:00,1.0946346256426944,1.094650242920957,1.0944927114357006,1.0945755153250314,488
2023-01-09T23:25:00+00:00,1.0945755153250314,1.0945928994658738,1.094439218355027,1.0944517198026136,478
2023-01-09T23:30:00+00:00,1.0944517198026136,1.0945889592190678,1.0944133833622298,1.0945450046422898,304
2023-01-09T23:35:00+00:00,1.0945450046422898,1.0945450293844141,1.0944213487809782,1.0944912666804416,328
2023-01-09T23:40:00+00:00,1.0944912666804416,1.0945944733242756,1.0944800281008014,1.094562707105488,198
2023-01-09T23:45:00+00:00,1.094562707105488,1.0945832854654214,1.094526152947607,1.0945538477014323,447
2023-01-09T23:50:00+00:00,1.0945538477014323,1.0945676216129874,1.0944609667382428,1.0944798531457283,113
2023-01-09T23:55:00+00:00,1.0944798531457283,1.0946184304666557,1.094408178258501,1.0945659321685153,287
2023-01-10T00:00:00+00:00,1.0945659321685153,1.0946141301675931,1.0944170107636935,1.0944405223477458,53
2023-01-10T00:05:00+00:00,1.0944405223477458,1.0945216116160865,1.094283366334342,1.0943156979027615,309
2023-01-10T00:10:00+00:00,1.0943156979027615,1.0944162963878805,1.0942737211583162,1.0942824070738777,457
2023-01-10T00:15:00+00:00,1.0942824070738777,1.0944987245677185,1.094242070041924,1.094435744403526,52
2023-01-10T00:20:00+00:00,1.094435744403526,1.0945343446328242,1.0944070287679193,1.0945039824505527,241
2023-01-10T00:25:00+00:00,1.0945039824505527,1.0945423472183256,1.0944530662616645,1.0945096883801357,429
2023-01-10T00:30:00+00:00,1.0945096883801357,1.094536227391046,1.0943004287455358,1.094452410315261,173
2023-01-10T00:35:00+00:00,1.094452410315261,1.0944992119959251,1.09437271848893,1.0943898142176283,365
2023-01-10T00:40:00+00:00,1.0943898142176283,1.094463805204398,1.0942777038843199,1.0942985175942597,115
2023-01-10T00:45:00+00:00,1.0942985175942597,1.0943447017259817,1.0941815878312442,1.0942000779175693,422
2023-01-10T00:50:00+00:00,1.0942000779175693,1.0943772702784564,1.094146765740774,1.0942811856372379,100
2023-01-10T00:55:00+00:00,1.0942811856372379,1.094287644123296,1.0942479273451848,1.0942730978104163,110
2023-01-10T01:00:00+00:00,1.0942730978104163,1.0943374754066661,1.0941405544374272,1.094179319230581,183
2023-01-10T01:05:00+00:00,1.094179319230581,1.0941946708768693,1.0940616793432616,1.094086788329023,215
2023-01-10T01:10:00+00:00,1.094086788329023,1.094119335271331,1.0940217594070678,1.0940981371512597,353
2023-01-10T01:15:00+00:00,1.0940981371512597,1.0941821988908011,1.0940412403315787,1.094142503429414,328
2023-01-10T01:20:00+00:00,1.094142503429414,1.094181859758582,1.0940816322532787,1.0941721684749888,116
2023-01-10T01:25:00+00:00,1.0941721684749888,1.094332656331858,1.0941647894680075,1.0942621049945884,448
2023-01-10T01:30:00+00:00,1.0942621049945884,1.0942909046236469,1.0941924734801582,1.0942261005481992,324
2023-01-10T01:35:00+00:00,1.0942261005481992,1.094269424803276,1.094119291254551,1.0941871282120361,463
2023-01-10T01:40:00+00:00,1.0941871282120361,1.0943027367520353,1.0941654861300558,1.0942191550998004,123
2023-01-10T01:45:00+00:00,1.0942191550998004,1.094268804398222,1.0941151637935815,1.0941663579799397,346
2023-01-10T01:50:00+00:00,1.0941663579799397,1.094211565541955,1.0941434059052646,1.0941935744849831,122
2023-01-10T01:55:00+00:00,1.0941935744849831,1.0942150593863484,1.0940728379986808,1.0941767061333272,97
2023-01-10T02:00:00+00:00,1.0941767061333272,1.0943594868409057,1.0941475692670934,1.0943144017635136,101
2023-01-10T02:05:00+00:00,1.0943144017635136,1.094324921096043,1.0942865371997672,1.0942871302383885,87
2023-01-10T02:10:00+00:00,1.0942871302383885,1.094293061158976,1.0941637065953984,1.094176589419214,210
2023-01-10T02:15:00+00:00,1.094176589419214,1.094295279273637,1.094135854603971,1.0942587026028419,132
2023-01-10T02:20:00+00:00,1.0942587026028419,1.0942712422985246,1.0942306610159032,1.0942647867595034,360
2023-01-10T02:25:00+00:00,1.0942647867595034,1.09437459833059,1.094245041039812,1.0943593199139838,225
2023-01-10T02:30:00+00:00,1.0943593199139838,1.0944547344580742,1.094311895588372,1.094452472869748,131
2023-01-10T02:35:00+00:00,1.094452472869748,1.0944904367471426,1.0943824031878113,1.0943876234934085,112
2023-01-10T02:40:00+00:00,1.0943876234934085,1.0944071851979231,1.0943283782560331,1.0943957188778317,128
2023-01-10T02:45:00+00:00,1.0943957188778317,1.09442075624828,1.0943491401927985,1.0944107454291863,161
2023-01-10T02:50:00+00:00,1.0944107454291863,1.0944599323217514,1.0943443537244866,1.0944548998363723,114
2023-01-10T02:55:00+00:00,1.0944548998363723,1.0945238573208178,1.094397936379761,1.094517535697085,97
2023-01-10T03:00:00+00:00,1.094517535697085,1.094569097401337,1.0944372150098773,1.0944599434770454,303
2023-01-10T03:05:00+00:00,1.0944599434770454,1.0946996555472588,1.0944126549338207,1.094588346249942,148
2023-01-10T03:10:00+00:00,1.094588346249942,1.094622726922174,1.094543239734954,1.094589523567891,251
2023-01-10T03:15:00+00:00,1.094589523567891,1.0946603736888314,1.0944325380008493,1.0944860089782114,350
2023-01-10T03:20:00+00:00,1.0944860089782114,1.0945683287883152,1.0943781289715377,1.094433545540053,278
2023-01-10T03:25:00+00:00,1.094433545540053,1.0945071143463057,1.0943700209929528,1.0944082443699163,467
2023-01-10T03:30:00+00:00,1.0944082443699163,1.094429906570095,1.0943687118760461,1.0943934748693929,230
2023-01-10T03:35:00+00:00,1.0943934748693929,1.094480199194398,1.0943431098213183,1.0944304878003135,82
2023-01-10T03:40:00+00:00,1.0944304878003135,1.0944632884836232,1.0942353336629151,1.094272212741986,259
2023-01-10T03:45:00+00:00,1.094272212741986,1.0942974663692722,1.0941673749729424,1.09425751662752,380
2023-01-10T03:50:00+00:00,1.09425751662752,1.0943712192246275,1.0942377094857763,1.0943523582550194,464
2023-01-10T03:55:00+00:00,1.0943523582550194,1.0944161170948548,1.0942729658501291,1.094377111035507,233
2023-01-10T04:00:00+00:00,1.094377111035507,1.0944147494724403,1.0943577380029694,1.0943799574782387,210
2023-01-10T04:05:00+00:00,1.0943799574782387,1.0944449791901014,1.0943495192290202,1.0944134916977692,55
2023-01-10T04:10:00+00:00,1.0944134916977692,1.0944474177829904,1.0943630659879633,1.0944032106244699,169
2023-01-10T04:15:00+00:00,1.0944032106244699,1.0944489058508449,1.0943567932339653,1.094375432375048,358
2023-01-10T04:20:00+00:00,1.094375432375048,1.094423861705095,1.0943018192732574,1.0943898306098243,463
2023-01-10T04:25:00+00:00,1.0943898306098243,1.0944023919311665,1.0943283825630177,1.094343583573227,380
2023-01-10T04:30:00+00:00,1.094343583573227,1.0943832419832895,1.0942081565506099,1.0942263026067125,150
2023-01-10T04:35:00+00:00,1.0942263026067125,1.0943470479835458,1.0942083882506777,1.094291509534172,73
2023-01-10T04:40:00+00:00,1.094291509534172,1.0943794245607728,1.0942697240005625,1.0943762263693242,217
2023-01-10T04:45:00+00:00,1.0943762263693242,1.0944427584625815,1.0943563206951348,1.094411896453815,60
2023-01-10T04:50:00+00:00,1.094411896453815,1.0944819921956488,1.0942960907341572,1.0943880083431998,286
2023-01-10T04:55:00+00:00,1.0943880083431998,1.0944085749523107,1.0941085438603377,1.0942023070023223,256
2023-01-10T05:00:00+00:00,1.0942023070023223,1.0943138725573203,1.0941576197164442,1.094299644651114,58
2023-01-10T05:05:00+00:00,1.094299644651114,1.0943199049458305,1.094278919010123,1.0942883680394333,460
2023-01-10T05:10:00+00:00,1.0942883680394333,1.0943098897814338,1.0942124103722977,1.094231284496297,90
2023-01-10T05:15:00+00:00,1.094231284496297,1.0943403671535683,1.0942162325642184,1.0942997246189043,363
2023-01-10T05:20:00+00:00,1.0942997246189043,1.0943776362222302,1.0942417146297705,1.0943653656642292,378
2023-01-10T05:25:00+00:00,1.0943653656642292,1.0943902659204148,1.094351978780984,1.0943571920963495,241
2023-01-10T05:30:00+00:00,1.0943571920963495,1.0944017171050315,1.0943420063160438,1.0943928348780458,121
2023-01-10T05:35:00+00:00,1.0943928348780458,1.0945763962243384,1.0943657442105208,1.0945415325640184,402
2023-01-10T05:40:00+00:00,1.0945415325640184,1.0945768855671174,1.0944652289669317,1.0945335097673017,465
2023-01-10T05:45:00+00:00,1.0945335097673017,1.094675514581262,1.094454279378551,1.0946021550877827,52
2023-01-10T05:50:00+00:00,1.0946021550877827,1.094791240301462,1.0945968225534375,1.094750761830268,106
2023-01-10T05:55:00+00:00,1.094750761830268,1.0949326362776397,1.094738109250136,1.094891966574511,185
2023-01-10T06:00:00+00:00,1.094891966574511,1.094952459430146,1.0948253211393058,1.0948404952046569,137
2023-01-10T06:05:00+00:00,1.0948404952046569,1.094899428466677,1.0947529809717271,1.0947830750404393,111
2023-01-10T06:10:00+00:00,1.0947830750404393,1.0949668498854597,1.0947810809614138,1.0948959309259434,261
2023-01-10T06:15:00+00:00,1.0948959309259434,1.0949443793974738,1.0946735420047824,1.0947298393523681,317
2023-01-10T06:20:00+00:00,1.0947298393523681,1.0947411658650965,1.0945551598901369,1.0946275524425946,214
2023-01-10T06:25:00+00:00,1.0946275524425946,1.094635692765616,1.0943861590758093,1.0944429873930601,97
2023-01-10T06:30:00+00:00,1.0944429873930601,1.094484740861103,1.0943829037485662,1.0944383835811533,496
2023-01-10T06:35:00+00:00,1.0944383835811533,1.0944938976348528,1.0943662975441626,1.094490441970438,488
2023-01-10T06:40:00+00:00,1.094490441970438,1.0945198567548855,1.0944730892262418,1.0945004728325056,56
2023-01-10T06:45:00+00:00,1.0945004728325056,1.0945273866071594,1.0944473817746687,1.0944967033858497,247
2023-01-10T06:50:00+00:00,1.0944967033858497,1.0945339379881172,1.0944795432353451,1.0945122070630697,320
2023-01-10T06:55:00+00:00,1.0945122070630697,1.0946599249602262,1.0945084179345559,1.0946167351334888,209
2023-01-10T07:00:00+00:00,1.0946167351334888,1.094687244101528,1.0945742267044754,1.0945878510019094,116
2023-01-10T07:05:00+00:00,1.0945878510019094,1.0945971152527163,1.0945115417072735,1.0945581695698965,281
2023-01-10T07:10:00+00:00,1.0945581695698965,1.0946684674624876,1.0945521196402306,1.0946241670734214,192
2023-01-10T07:15:00+00:00,1.0946241670734214,1.094691582214688,1.0945392952116644,1.0945746681908335,495
2023-01-10T07:20:00+00:00,1.0945746681908335,1.0945854913934634,1.0945199468083684,1.0945430417849085,106
2023-01-10T07:25:00+00:00,1.0945430417849085,1.094559781225586,1.0944372742067527,1.094553502079142,145
2023-01-10T07:30:00+00:00,1.094553502079142,1.0946100520598843,1.0944994506946502,1.094545148926956,110
2023-01-10T07:35:00+00:00,1.094545148926956,1.0945639326907317,1.094522701501731,1.0945319874721888,270
2023-01-10T07:40:00+00:00,1.0945319874721888,1.09460105480898,1.0944911145807694,1.0945521912598914,275
2023-01-10T07:45:00+00:00,1.0945521912598914,1.0945869572975166,1.0945297331305184,1.0945837482375114,382
2023-01-10T07:50:00+00:00,1.0945837482375114,1.0946609329398782,1.094438016352603,1.0944491982391686,140
2023-01-10T07:55:00+00:00,1.0944491982391686,1.0945500647654305,1.0944149880393903,1.0944990733371673,302
2023-01-10T08:00:00+00:00,1.0944990733371673,1.094501879613088,1.0944260838033564,1.0944620750718939,106
2023-01-10T08:05:00+00:00,1.0944620750718939,1.0944850818470566,1.094445853005071,1.0944819429081423,68
2023-01-10T08:10:00+00:00,1.0944819429081423,1.0944987579870582,1.0943912143880674,1.0944305375148617,367
2023-01-10T08:15:00+00:00,1.0944305375148617,1.0944464192193661,1.0943704942414365,1.0944188681979738,251
2023-01-10T08:20:00+00:00,1.0944188681979738,1.0945731255355102,1.0943901409930374,1.094524763983806,155
2023-01-10T08:25:00+00:00,1.094524763983806,1.0945408249062114,1.094452884840254,1.0944825523538426,376
2023-01-10T08:30:00+00:00,1.0944825523538426,1.0945479893203518,1.0944560326741548,1.0944582817705577,307
2023-01-10T08:35:00+00:00,1.0944582817705577,1.0945166520506957,1.0943858837226481,1.0944240777213128,428
2023-01-10T08:40:00+00:00,1.0944240777213128,1.0945264588402928,1.0943628257185247,1.0943659337825047,85
2023-01-10T08:45:00+00:00,1.0943659337825047,1.0944590380176662,1.0943270282475694,1.0944365689820588,283
2023-01-10T08:50:00+00:00,1.0944365689820588,1.0944520539532814,1.0943920560414142,1.0944458274704436,140
2023-01-10T08:55:00+00:00,1.0944458274704436,1.094560382136075,1.0944292777159295,1.094458499376255,137
2023-01-10T09:00:00+00:00,1.094458499376255,1.0945468963000324,1.0942825463693326,1.0943922862816544,348
2023-01-10T09:05:00+00:00,1.0943922862816544,1.094493903402651,1.0942751230801924,1.0942757657006885,291
2023-01-10T09:10:00+00:00,1.0942757657006885,1.09444993816947,1.0941367430733362,1.0943912929849111,477
2023-01-10T09:15:00+00:00,1.0943912929849111,1.0943993357386583,1.0942338713085715,1.0942924598240285,436
2023-01-10T09:20:00+00:00,1.0942924598240285,1.0943328440592044,1.0942650025080236,1.0943151637863173,281
2023-01-10T09:25:00+00:00,1.0943151637863173,1.0944857557175316,1.0943124385073733,1.094439360684477,329
2023-01-10T09:30:00+00:00,1.094439360684477,1.0944970267855936,1.0944308748203073,1.0944363111930964,230
2023-01-10T09:35:00+00:00,1.0944363111930964,1.0944617042124045,1.094393557263796,1.0944474750338902,315
2023-01-10T09:40:00+00:00,1.0944474750338902,1.0945703368486956,1.0943924993069898,1.094472899986292,107
2023-01-10T09:45:00+00:00,1.094472899986292,1.0944804615349404,1.0943519671521431,1.0944120127604733,377
2023-01-10T09:50:00+00:00,1.0944120127604733,1.0946512301965623,1.094366577509062,1.0946332211824465,122
2023-01-10T09:55:00+00:00,1.0946332211824465,1.094641035701065,1.0945324405565464,1.094542233144796,345
2023-01-10T10:00:00+00:00,1.094542233144796,1.094676605740644,1.0944788792754367,1.0945312876777202,149
2023-01-10T10:05:00+00:00,1.0945312876777202,1.0946773896473045,1.0945079970598122,1.0946346130078377,105
2023-01-10T10:10:00+00:00,1.0946346130078377,1.0948178522449097,1.094588276070063,1.0947958010977246,280
2023-01-10T10:15:00+00:00,1.0947958010977246,1.0948976593360709,1.0946343621723733,1.09464248699889,139
2023-01-10T10:20:00+00:00,1.09464248699889,1.0947175215685623,1.0945941438372766,1.094632111373502,263
2023-01-10T10:25:00+00:00,1.094632111373502,1.0946699632245238,1.0945682059198831,1.0945817618708047,147
2023-01-10T10:30:00+00:00,1.0945817618708047,1.0946921657761948,1.094543689458257,1.094676693453561,271
2023-01-10T10:35:00+00:00,1.094676693453561,1.0947878312504815,1.094614636687467,1.0947696612470512,455
2023-01-10T10:40:00+00:00,1.0947696612470512,1.0948280152195362,1.094711960000069,1.094788219916349,400
2023-01-10T10:45:00+00:00,1.094788219916349,1.094833736777841,1.09471116705866,1.094771498066591,317
2023-01-10T10:50:00+00:00,1.094771498066591,1.0948966607632753,1.0947496882899366,1.094882126681063,197
2023-01-10T10:55:00+00:00,1.094882126681063,1.0949205134331925,1.0948083990445823,1.0948249007696056,282
2023-01-10T11:00:00+00:00,1.0948249007696056,1.094899598170687,1.0948111160286915,1.0948892186536134,206
2023-01-10T11:05:00+00:00,1.0948892186536134,1.0949357919789149,1.0948743355280797,1.094875825589315,477
2023-01-10T11:10:00+00:00,1.094875825589315,1.094938070577232,1.0948517943161784,1.0949379171511708,489
2023-01-10T11:15:00+00:00,1.0949379171511708,1.0951180329675028,1.0949363373348495,1.0949918951813309,337
2023-01-10T11:20:00+00:00,1.0949918951813309,1.0950297080571532,1.094970419252029,1.095012167227898,150
2023-01-10T11:25:00+00:00,1.095012167227898,1.095378330709793,1.09496583213645,1.0952764773428652,198
2023-01-10T11:30:00+00:00,1.0952764773428652,1.0953508231764595,1.0952206418010186,1.0952952954626616,376
2023-01-10T11:35:00+00:00,1.0952952954626616,1.0954503410589223,1.0952622182989946,1.0954122274370894,100
2023-01-10T11:40:00+00:00,1.0954122274370894,1.0956242060638717,1.0953869381271708,1.0955542038359944,273
2023-01-10T11:45:00+00:00,1.0955542038359944,1.0955732589071474,1.095487356242868,1.0955271492645395,346
2023-01-10T11:50:00+00:00,1.0955271492645395,1.0956815666602495,1.0955271425994078,1.095616026693775,152
2023-01-10T11:55:00+00:00,1.095616026693775,1.0957069200288643,1.0955959536300663,1.0957002494508428,340
2023-01-10T12:00:00+00:00,1.0957002494508428,1.095805837147409,1.0956647507356958,1.095781255884959,476
2023-01-10T12:05:00+00:00,1.095781255884959,1.0959353129148797,1.0957707071850462,1.095910118395974,276
2023-01-10T12:10:00+00:00,1.095910118395974,1.0959657037137058,1.0958601235582321,1.0958787595781951,231
2023-01-10T12:15:00+00:00,1.0958787595781951,1.0959256881630086,1.0957879408447588,1.095810869099961,260
2023-01-10T12:20:00+00:00,1.095810869099961,1.0958374562774298,1.095556526032944,1.095640668020188,95
2023-01-10T12:25:00+00:00,1.095640668020188,1.0956669764270268,1.0955716114784981,1.0956644341924935,204
2023-01-10T12:30:00+00:00,1.0956644341924935,1.09575384482226,1.0956157795888863,1.0956896935442826,339
2023-01-10T12:35:00+00:00,1.0956896935442826,1.0957825526989369,1.0956781736544254,1.095770619384484,482
2023-01-10T12:40:00+00:00,1.095770619384484,1.0958023301197226,1.0956176684982393,1.0957083673612231,497
2023-01-10T12:45:00+00:00,1.0957083673612231,1.0958099872727969,1.0956975742060115,1.0957150061356342,93
2023-01-10T12:50:00+00:00,1.0957150061356342,1.0958896942827523,1.0956885057880794,1.0958579866819083,99
2023-01-10T12:55:00+00:00,1.0958579866819083,1.095886182162952,1.0957428579118482,1.0958009282161436,403
2023-01-10T13:00:00+00:00,1.0958009282161436,1.0958163852328793,1.0957837936098485,1.095788274714925,428
2023-01-10T13:05:00+00:00,1.095788274714925,1.0958043052097766,1.0955937646051597,1.0956698511827745,314
2023-01-10T13:10:00+00:00,1.0956698511827745,1.0958167594014177,1.0956342987835568,1.095752141781621,395
2023-01-10T13:15:00+00:00,1.095752141781621,1.0957735581113162,1.0957298386085734,1.095755028851343,371
2023-01-10T13:20:00+00:00,1.095755028851343,1.095894560606532,1.0956088468207756,1.0956663973148832,402
2023-01-10T13:25:00+00:00,1.0956663973148832,1.09567702252329,1.0956486428752032,1.0956713399501028,128
2023-01-10T13:30:00+00:00,1.0956713399501028,1.0956867534982182,1.0956125177358336,1.0956402509340726,292
2023-01-10T13:35:00+00:00,1.0956402509340726,1.0957310343214215,1.0956310909223672,1.0956723809780438,250
2023-01-10T13:40:00+00:00,1.0956723809780438,1.0957206282372614,1.0955548092161915,1.0957118972738042,469
2023-01-10T13:45:00+00:00,1.0957118972738042,1.0958508876775168,1.0956153245024252,1.0958417146928927,183
2023-01-10T13:50:00+00:00,1.0958417146928927,1.09596366845899,1.0957977801325052,1.0958955936512993,271
2023-01-10T13:55:00+00:00,1.0958955936512993,1.0959019417002187,1.0958027623516151,1.0958110798954699,122
2023-01-10T14:00:00+00:00,1.0958110798954699,1.0959276883262348,1.0957718002894226,1.0958611820470394,329
2023-01-10T14:05:00+00:00,1.0958611820470394,1.0959956025174415,1.0958067237986022,1.095978040662018,198
2023-01-10T14:10:00+00:00,1.095978040662018,1.0960878672448628,1.0958049233946394,1.0958790706933337,250
2023-01-10T14:15:00+00:00,1.0958790706933337,1.0959531065322097,1.0958201080389969,1.0958855271258772,287
2023-01-10T14:20:00+00:00,1.0958855271258772,1.0959117552268562,1.0957593954552798,1.0958138071123202,338
2023-01-10T14:25:00+00:00,1.0958138071123202,1.095881107444941,1.0957716137415958,1.095830475122711,67
2023-01-10T14:30:00+00:00,1.095830475122711,1.0959140855054947,1.095717295521747,1.0957280624061532,231
2023-01-10T14:35:00+00:00,1.0957280624061532,1.095782701444178,1.0957001086642426,1.0957131187179785,420
2023-01-10T14:40:00+00:00,1.0957131187179785,1.0957148697840973,1.0956717680456547,1.0957038665923076,490
2023-01-10T14:45:00+00:00,1.0957038665923076,1.095830442688187,1.0957029338284394,1.0957841384339102,411
2023-01-10T14:50:00+00:00,1.0957841384339102,1.0957935425037415,1.0956774737221113,1.0956905614228258,385
2023-01-10T14:55:00+00:00,1.0956905614228258,1.095741300313175,1.0956458891462681,1.095732548331742,416
2023-01-10T15:00:00+00:00,1.095732548331742,1.0957827913806528,1.0957165784757348,1.0957614827766342,251
2023-01-10T15:05:00+00:00,1.0957614827766342,1.095848448489569,1.0956085126169655,1.0956482472119158,297
2023-01-10T15:10:00+00:00,1.0956482472119158,1.0956878066236733,1.095549483145916,1.0955849376595728,309
2023-01-10T15:15:00+00:00,1.0955849376595728,1.0955946383114485,1.0954377502238153,1.0954980218528059,116
2023-01-10T15:20:00+00:00,1.0954980218528059,1.0955611275039434,1.0954069271518259,1.0954648511751426,474
2023-01-10T15:25:00+00:00,1.0954648511751426,1.0954773243230107,1.0954059402787022,1.0954145582397332,486
2023-01-10T15:30:00+00:00,1.0954145582397332,1.0954506512863862,1.0953796697327711,1.0954095297239257,397
2023-01-10T15:35:00+00:00,1.0954095297239257,1.0954930650688595,1.0953171786870226,1.0953296501869574,445
2023-01-10T15:40:00+00:00,1.0953296501869574,1.0954533761631295,1.0953206424771438,1.095377595830248,139
2023-01-10T15:45:00+00:00,1.095377595830248,1.0955565315103626,1.095328832246899,1.0955497986045344,265
2023-01-10T15:50:00+00:00,1.0955497986045344,1.0955846551495698,1.0955497566244434,1.0955762770056483,433
2023-01-10T15:55:00+00:00,1.0955762770056483,1.0956757209433365,1.095538748906083,1.0955995793117974,360
2023-01-10T16:00:00+00:00,1.0955995793117974,1.0956085604994812,1.0955765527061851,1.0955875116979732,280
2023-01-10T16:05:00+00:00,1.0955875116979732,1.095730422135011,1.0954832330781694,1.09562264035024,343
2023-01-10T16:10:00+00:00,1.09562264035024,1.095634104791018,1.0954990938856743,1.0955743367641324,165
2023-01-10T16:15:00+00:00,1.0955743367641324,1.0955912587678966,1.0955459882272078,1.0955822820828538,466
2023-01-10T16:20:00+00:00,1.0955822820828538,1.0955980322496466,1.095434918280878,1.0954444167906692,392
2023-01-10T16:25:00+00:00,1.0954444167906692,1.0954654418158616,1.0954370279801025,1.0954547447918939,121
2023-01-10T16:30:00+00:00,1.0954547447918939,1.0955444565842078,1.0954020698126212,1.0955151274743797,86
2023-01-10T16:35:00+00:00,1.0955151274743797,1.0956121591433716,1.0954513731333926,1.095571298574945,422
2023-01-10T16:40:00+00:00,1.095571298574945,1.0956169280494608,1.0954816482437757,1.0955138153917259,292
2023-01-10T16:45:00+00:00,1.0955138153917259,1.095560762045488,1.0954244129264692,1.0954246637413383,336
2023-01-10T16:50:00+00:00,1.0954246637413383,1.0955845304784357,1.0953596936438694,1.0955129294078145,497
2023-01-10T16:55:00+00:00,1.0955129294078145,1.0955743487446536,1.095504242063729,1.0955561454413585,450
2023-01-10T17:00:00+00:00,1.0955561454413585,1.095558639723212,1.0955044149058706,1.0955206703509475,326
2023-01-10T17:05:00+00:00,1.0955206703509475,1.095539425048119,1.0954895637727537,1.0955220892081647,198
2023-01-10T17:10:00+00:00,1.0955220892081647,1.0955949090097201,1.0955166608040308,1.0955770574622017,496
2023-01-10T17:15:00+00:00,1.0955770574622017,1.0955996081012347,1.0955150361394117,1.0955495374445905,323
2023-01-10T17:20:00+00:00,1.0955495374445905,1.0955941986509508,1.0953577209000724,1.0954112736198418,254
2023-01-10T17:25:00+00:00,1.0954112736198418,1.0954574394782204,1.0953307265693732,1.095373345356329,106
2023-01-10T17:30:00+00:00,1.095373345356329,1.0954317597926027,1.09513890111966,1.0952113454765324,66
2023-01-10T17:35:00+00:00,1.0952113454765324,1.0952317725087262,1.0951684695462287,1.0952015485241366,221
2023-01-10T17:40:00+00:00,1.0952015485241366,1.0952354239823001,1.09517542392098,1.0952241048152207,218
2023-01-10T17:45:00+00:00,1.0952241048152207,1.0954322057671537,1.0951902692062043,1.0953666427985895,499
2023-01-10T17:50:00+00:00,1.0953666427985895,1.0954763663102747,1.0953445720647546,1.0954541047248254,362
2023-01-10T17:55:00+00:00,1.0954541047248254,1.0954788443227983,1.095277000117203,1.0953584926541318,68
2023-01-10T18:00:00+00:00,1.0953584926541318,1.0953742788988043,1.0952714469236804,1.095342338868116,91
2023-01-10T18:05:00+00:00,1.095342338868116,1.0954528467141689,1.0953052751208083,1.0954094403521912,116
2023-01-10T18:10:00+00:00,1.0954094403521912,1.095423920183581,1.0953496117734922,1.095407646778833,382
2023-01-10T18:15:00+00:00,1.095407646778833,1.0954635445296947,1.0953616045731474,1.0954299788794557,450
2023-01-10T18:20:00+00:00,1.0954299788794557,1.0956643874882108,1.0954132576046591,1.0955564200659629,446
2023-01-10T18:25:00+00:00,1.0955564200659629,1.0955678180607826,1.0955240350200692,1.0955612550723284,361
2023-01-10T18:30:00+00:00,1.0955612550723284,1.095698045032395,1.0955564485223517,1.0956398212694995,76
2023-01-10T18:35:00+00:00,1.0956398212694995,1.0956767486179582,1.0955081818413615,1.095539871641104,114
2023-01-10T18:40:00+00:00,1.095539871641104,1.0955624171895726,1.0954299829545455,1.0954647717238823,365
2023-01-10T18:45:00+00:00,1.0954647717238823,1.0955789638013775,1.0954595285151727,1.0955313766823482,149
2023-01-10T18:50:00+00:00,1.0955313766823482,1.0956246156744929,1.0954321177276547,1.0954337489283992,55
2023-01-10T18:55:00+00:00,1.0954337489283992,1.0954818870793466,1.0953516509672734,1.0954700058524145,463
2023-01-10T19:00:00+00:00,1.0954700058524145,1.0955614101310516,1.0954613565591427,1.0954989941259974,418
2023-01-10T19:05:00+00:00,1.0954989941259974,1.0954994221309629,1.0954818819061471,1.0954994137875553,79
2023-01-10T19:10:00+00:00,1.0954994137875553,1.095558492209354,1.0954547700724782,1.0955359384211965,385
2023-01-10T19:15:00+00:00,1.0955359384211965,1.0956938958120668,1.095423530508798,1.095557277348064,116
2023-01-10T19:20:00+00:00,1.095557277348064,1.0955925744578434,1.0954723646073512,1.0954867301721831,178
2023-01-10T19:25:00+00:00,1.0954867301721831,1.0955416125560453,1.09547391040891,1.0955101779051692,411
2023-01-10T19:30:00+00:00,1.0955101779051692,1.0955569618804233,1.095474042337,1.0955044142266894,415
2023-01-10T19:35:00+00:00,1.0955044142266894,1.0955199632737262,1.095431713147837,1.0954769251731806,332
2023-01-10T19:40:00+00:00,1.0954769251731806,1.0955471333559486,1.0954083683880338,1.0954472635392998,407
2023-01-10T19:45:00+00:00,1.0954472635392998,1.0954699503220038,1.0954318336319595,1.0954378747410476,227
2023-01-10T19:50:00+00:00,1.0954378747410476,1.0955862650404609,1.0954086727552388,1.095540480086552,154
2023-01-10T19:55:00+00:00,1.095540480086552,1.095622154113716,1.0954463981824896,1.0954967668476592,316
2023-01-10T20:00:00+00:00,1.0954967668476592,1.0955957166397465,1.0954849908650515,1.0955140378501236,467
2023-01-10T20:05:00+00:00,1.0955140378501236,1.0955933219865646,1.0955009058203031,1.0955901308372702,170
2023-01-10T20:10:00+00:00,1.0955901308372702,1.0956587900272803,1.095530779670397,1.0955543756680948,305
2023-01-10T20:15:00+00:00,1.0955543756680948,1.095587361020656,1.0955203789573513,1.0955668714423774,351
2023-01-10T20:20:00+00:00,1.0955668714423774,1.095629191325396,1.0954212690178635,1.095456151620333,362
2023-01-10T20:25:00+00:00,1.095456151620333,1.0954974012240273,1.095449652380841,1.0954901278645424,245
2023-01-10T20:30:00+00:00,1.0954901278645424,1.0955001189568925,1.095464514607603,1.0954732811591452,270
2023-01-10T20:35:00+00:00,1.0954732811591452,1.0955955674416469,1.0954583830833242,1.0955236089978733,66
2023-01-10T20:40:00+00:00,1.0955236089978733,1.0955355407904923,1.0953857722734455,1.0954533583346922,222
2023-01-10T20:45:00+00:00,1.0954533583346922,1.0955688568897899,1.095402433590839,1.0954723857587818,464
2023-01-10T20:50:00+00:00,1.0954723857587818,1.095509683201022,1.095393138451237,1.0954747593915075,368
2023-01-10T20:55:00+00:00,1.0954747593915075,1.0955463162578967,1.0954535040503806,1.095497970081111,423
2023-01-10T21:00:00+00:00,1.095497970081111,1.0956558616087055,1.095475571256778,1.0956196105763152,419
2023-01-10T21:05:00+00:00,1.0956196105763152,1.0956571227908907,1.095508844497449,1.095525789659815,323
2023-01-10T21:10:00+00:00,1.095525789659815,1.0955406091865645,1.0953704183539943,1.0954254190341348,133
2023-01-10T21:15:00+00:00,1.0954254190341348,1.0954798011408924,1.0953725057338501,1.095386357650521,171
2023-01-10T21:20:00+00:00,1.095386357650521,1.0954034709193234,1.0953487165208846,1.09539702506925,93
2023-01-10T21:25:00+00:00,1.09539702506925,1.0954829154815582,1.0952105911272232,1.095211235450646,201
2023-01-10T21:30:00+00:00,1.095211235450646,1.09525394169422,1.0951351211088043,1.0951705520809885,387
2023-01-10T21:35:00+00:00,1.0951705520809885,1.0951707867009277,1.0950486845547898,1.095121434439534,445
2023-01-10T21:40:00+00:00,1.095121434439534,1.095137605097595,1.0950505649992484,1.0950905547715,185
2023-01-10T21:45:00+00:00,1.0950905547715,1.095121722368196,1.0950181246135453,1.0950624167763232,58
2023-01-10T21:50:00+00:00,1.0950624167763232,1.0950830775957445,1.0949243815780516,1.0949802707976772,482
2023-01-10T21:55:00+00:00,1.0949802707976772,1.095028311598746,1.0949441663929405,1.0949620125927124,346
2023-01-10T22:00:00+00:00,1.0949620125927124,1.0950379641079702,1.0949286204402313,1.0950228834668525,82
2023-01-10T22:05:00+00:00,1.0950228834668525,1.0950588374591532,1.0949655863113765,1.0949797067754794,452
2023-01-10T22:10:00+00:00,1.0949797067754794,1.0950791706718404,1.0949053575623795,1.0949545352193681,125
2023-01-10T22:15:00+00:00,1.0949545352193681,1.095087070973867,1.0949016802304234,1.0950366566833372,169
2023-01-10T22:20:00+00:00,1.0950366566833372,1.0950639615842654,1.0949969194651434,1.0950547324355442,346
2023-01-10T22:25:00+00:00,1.0950547324355442,1.0950807978699773,1.0948525316097013,1.0949104206356974,166
2023-01-10T22:30:00+00:00,1.0949104206356974,1.0950586923899208,1.0949082269918242,1.0950291711087161,397
2023-01-10T22:35:00+00:00,1.0950291711087161,1.0951466567817623,1.0949486784136597,1.0950920050748203,326
2023-01-10T22:40:00+00:00,1.0950920050748203,1.0951584073674892,1.095060005844036,1.0950717812531636,277
2023-01-10T22:45:00+00:00,1.0950717812531636,1.0951142247549348,1.095058677194221,1.0950990144499142,154
2023-01-10T22:50:00+00:00,1.0950990144499142,1.0951418310869794,1.0950420183122571,1.0950648880955178,378
2023-01-10T22:55:00+00:00,1.0950648880955178,1.0951014041221407,1.0949734508156828,1.0949916322786908,62
2023-01-10T23:00:00+00:00,1.0949916322786908,1.0950697296516807,1.0949015776314488,1.0949276414121962,383
2023-01-10T23:05:00+00:00,1.0949276414121962,1.0950837202203825,1.0948429977461787,1.0949993785132028,200
2023-01-10T23:10:00+00:00,1.0949993785132028,1.095019869786863,1.0948556037191468,1.0949665051583597,352
2023-01-10T23:15:00+00:00,1.0949665051583597,1.0950864401148823,1.0949555578556414,1.0950187948417176,463
2023-01-10T23:20:00+00:00,1.0950187948417176,1.0950919501997283,1.0949666266083404,1.0949709973799173,414
2023-01-10T23:25:00+00:00,1.0949709973799173,1.0949903740718905,1.0948035569998542,1.0948324371920966,475
2023-01-10T23:30:00+00:00,1.0948324371920966,1.0948687545509823,1.0946822388625206,1.094732048266296,382
2023-01-10T23:35:00+00:00,1.094732048266296,1.0948607262191343,1.0947225575135098,1.094843055813613,164
2023-01-10T23:40:00+00:00,1.094843055813613,1.0949129637267525,1.094531992836126,1.0945875704946637,325
2023-01-10T23:45:00+00:00,1.0945875704946637,1.0945978825009157,1.0943972614617903,1.094493696591724,320
2023-01-10T23:50:00+00:00,1.094493696591724,1.0945927557302175,1.0944609635931815,1.0945275218748625,212
2023-01-10T23:55:00+00:00,1.0945275218748625,1.0945389536972165,1.0943527285426207,1.0944471162021725,200
2023-01-11T00:00:00+00:00,1.0944471162021725,1.0945325480402026,1.094405378600546,1.0945088834389616,168
2023-01-11T00:05:00+00:00,1.0945088834389616,1.0945887431149521,1.0942773548876927,1.094300110111399,109
2023-01-11T00:10:00+00:00,1.094300110111399,1.0943509347968912,1.0942213786982002,1.0942709246441134,90
2023-01-11T00:15:00+00:00,1.0942709246441134,1.094306406050446,1.094202927478669,1.0942505043747144,235
2023-01-11T00:20:00+00:00,1.0942505043747144,1.0943064810808305,1.0941400237715333,1.0941894622239434,341
2023-01-11T00:25:00+00:00,1.0941894622239434,1.0942860007917194,1.094059664026153,1.0942169405345987,325
2023-01-11T00:30:00+00:00,1.0942169405345987,1.0943332009938977,1.0941829576365716,1.0942237158555816,360
2023-01-11T00:35:00+00:00,1.0942237158555816,1.0942263694995267,1.0940786483309717,1.0941196790805294,210
2023-01-11T00:40:00+00:00,1.0941196790805294,1.0942159589569087,1.0940913527204845,1.0941813637505902,303
2023-01-11T00:45:00+00:00,1.0941813637505902,1.0942392308553577,1.0941174410833339,1.0941811404607644,142
2023-01-11T00:50:00+00:00,1.0941811404607644,1.0941986359558258,1.0941527747043338,1.094192439651285,333
2023-01-11T00:55:00+00:00,1.094192439651285,1.094250227378907,1.0941377597502777,1.0942366929139389,101
2023-01-11T01:00:00+00:00,1.0942366929139389,1.0942620570962884,1.0941671595986053,1.0942526657706848,87
2023-01-11T01:05:00+00:00,1.0942526657706848,1.0943726541466219,1.0941784500404212,1.0943050187530337,248
2023-01-11T01:10:00+00:00,1.0943050187530337,1.0943943951365245,1.0942528640585125,1.09436792585059,414
2023-01-11T01:15:00+00:00,1.09436792585059,1.0944401273958653,1.0943242845545589,1.0944279252164804,472
2023-01-11T01:20:00+00:00,1.0944279252164804,1.0945549621094832,1.094308781283666,1.0945150796539431,73
2023-01-11T01:25:00+00:00,1.0945150796539431,1.094615785988149,1.0942944020520906,1.0943447241657882,279
2023-01-11T01:30:00+00:00,1.0943447241657882,1.0944791152955713,1.0943415997140196,1.0944415457321044,437
2023-01-11T01:35:00+00:00,1.0944415457321044,1.0944681539072951,1.0943534684567622,1.0943573225813672,143
2023-01-11T01:40:00+00:00,1.0943573225813672,1.0944231419463601,1.0943155317983173,1.0943409735125358,127
2023-01-11T01:45:00+00:00,1.0943409735125358,1.0943941420636616,1.094214903032784,1.0942558251221437,239
2023-01-11T01:50:00+00:00,1.0942558251221437,1.0943046284195428,1.094203215312628,1.0942165692994639,419
2023-01-11T01:55:00+00:00,1.0942165692994639,1.0943652362079797,1.0941533191552695,1.0942628619330612,99
2023-01-11T02:00:00+00:00,1.0942628619330612,1.0943323847269348,1.0942052400036593,1.0942744444426078,318
2023-01-11T02:05:00+00:00,1.0942744444426078,1.0943890360017918,1.0942280980068004,1.0943045161714942,268
2023-01-11T02:10:00+00:00,1.0943045161714942,1.0943525381677557,1.0942827398570092,1.0942884194616627,71
2023-01-11T02:15:00+00:00,1.0942884194616627,1.0943202883312246,1.0940166998139893,1.0940916494373953,424
2023-01-11T02:20:00+00:00,1.0940916494373953,1.094175199579678,1.0940300825945062,1.0941165317315775,100
2023-01-11T02:25:00+00:00,1.0941165317315775,1.094133807452052,1.094042809228734,1.094067440847424,197
2023-01-11T02:30:00+00:00,1.094067440847424,1.0941205919201018,1.094024806415529,1.0940558099815012,182
2023-01-11T02:35:00+00:00,1.0940558099815012,1.0941392770617062,1.0940075976255597,1.0940134781211126,168
2023-01-11T02:40:00+00:00,1.0940134781211126,1.094037331798885,1.0939669900237736,1.0939925768685885,436
2023-01-11T02:45:00+00:00,1.0939925768685885,1.0941740048262765,1.0939336289653028,1.094141042227487,70
2023-01-11T02:50:00+00:00,1.094141042227487,1.0942543171879542,1.0941392902086602,1.0942387704779992,476
2023-01-11T02:55:00+00:00,1.0942387704779992,1.0942598715709813,1.0941880193017808,1.0942311618114782,194
2023-01-11T03:00:00+00:00,1.0942311618114782,1.0943528558045947,1.0942243502420377,1.0943295918671325,475
2023-01-11T03:05:00+00:00,1.0943295918671325,1.0944367485963764,1.0942023905770766,1.0942343643543126,416
2023-01-11T03:10:00+00:00,1.0942343643543126,1.0943272589110464,1.0941437376490994,1.0941937271853412,184
2023-01-11T03:15:00+00:00,1.0941937271853412,1.094247252025886,1.0941796480887662,1.0942240695359446,192
2023-01-11T03:20:00+00:00,1.0942240695359446,1.094248785936887,1.094208385001663,1.0942206939997123,456
2023-01-11T03:25:00+00:00,1.0942206939997123,1.094251104204928,1.0942013334601486,1.0942477179508923,130
2023-01-11T03:30:00+00:00,1.0942477179508923,1.0942495003913726,1.094143801577523,1.0941846790700849,447
2023-01-11T03:35:00+00:00,1.0941846790700849,1.0942528664018083,1.094081437134258,1.094115689841404,69
2023-01-11T03:40:00+00:00,1.094115689841404,1.0941628634682314,1.0939352636686657,1.0939472452855032,480
2023-01-11T03:45:00+00:00,1.0939472452855032,1.0940362869544396,1.0938471288417007,1.0938812041166677,370
2023-01-11T03:50:00+00:00,1.0938812041166677,1.0940088338467255,1.0938541092364222,1.093993082273312,242
2023-01-11T03:55:00+00:00,1.093993082273312,1.0940209438879738,1.0939676979234876,1.0939964635889725,150
2023-01-11T04:00:00+00:00,1.0939964635889725,1.0940249851829809,1.0939615104243852,1.093993275499158,194
2023-01-11T04:05:00+00:00,1.093993275499158,1.0940412695703439,1.093822432187325,1.093874707863921,95
2023-01-11T04:10:00+00:00,1.093874707863921,1.094056260859301,1.0938746939336534,1.094026270407276,84
2023-01-11T04:15:00+00:00,1.094026270407276,1.0940948818557308,1.0940170584108178,1.094021076023204,413
2023-01-11T04:20:00+00:00,1.094021076023204,1.0941054421302896,1.0940170625401329,1.0940586238367456,348
2023-01-11T04:25:00+00:00,1.0940586238367456,1.0941422695734224,1.0940125343393108,1.0941378297786866,321
2023-01-11T04:30:00+00:00,1.0941378297786866,1.0941641020562554,1.0940999687982995,1.094111214082345,199
2023-01-11T04:35:00+00:00,1.094111214082345,1.0941962854096334,1.0940607110329548,1.0941676787412695,372
2023-01-11T04:40:00+00:00,1.0941676787412695,1.09419713223508,1.094087915424705,1.0941102839129158,107
2023-01-11T04:45:00+00:00,1.0941102839129158,1.0942194814074693,1.094085679416059,1.0941157946566265,441
2023-01-11T04:50:00+00:00,1.0941157946566265,1.0942442048658128,1.0940343726633637,1.0940679894345895,109
2023-01-11T04:55:00+00:00,1.0940679894345895,1.0942300754735839,1.0939560878342127,1.0941741125876085,388
2023-01-11T05:00:00+00:00,1.0941741125876085,1.094319358302784,1.0941499715594978,1.0942687984257409,297
2023-01-11T05:05:00+00:00,1.0942687984257409,1.0943223803487843,1.0940533291790127,1.0941376192659023,357
2023-01-11T05:10:00+00:00,1.0941376192659023,1.0941568323545843,1.0940738773060703,1.094089012921669,485
2023-01-11T05:15:00+00:00,1.094089012921669,1.0941859296661154,1.0940716781167075,1.0941823025394743,445
2023-01-11T05:20:00+00:00,1.0941823025394743,1.0942494775319074,1.0940530812299358,1.0941302763178262,267
2023-01-11T05:25:00+00:00,1.0941302763178262,1.0942972555389165,1.0940646866238475,1.0942085364374963,187
2023-01-11T05:30:00+00:00,1.0942085364374963,1.094211733265779,1.094143722813973,1.094153736864869,279
2023-01-11T05:35:00+00:00,1.094153736864869,1.0942087329018646,1.0941014842416616,1.0941364772051843,135
2023-01-11T05:40:00+00:00,1.0941364772051843,1.0941559847338485,1.093901077479385,1.0940021105282258,362
2023-01-11T05:45:00+00:00,1.0940021105282258,1.0941703016336919,1.0939423288383532,1.094137590686262,60
2023-01-11T05:50:00+00:00,1.094137590686262,1.0941577029413452,1.0940744271063645,1.094154527841173,220
2023-01-11T05:55:00+00:00,1.094154527841173,1.0943242889378537,1.0941098221305416,1.094251614353299,333
2023-01-11T06:00:00+00:00,1.094251614353299,1.094282412734949,1.0942363909796977,1.094276244902881,130
2023-01-11T06:05:00+00:00,1.094276244902881,1.0943998667096768,1.0942335755719172,1.0943734789532777,417
2023-01-11T06:10:00+00:00,1.0943734789532777,1.0944824378840234,1.0943354927499087,1.0943933089085889,160
2023-01-11T06:15:00+00:00,1.0943933089085889,1.0944290477840173,1.0943439463313227,1.0943562957815771,56
2023-01-11T06:20:00+00:00,1.0943562957815771,1.094375445239646,1.094334654152454,1.0943731849638632,253
2023-01-11T06:25:00+00:00,1.0943731849638632,1.094376960202539,1.0943465683387774,1.0943607730439664,194
2023-01-11T06:30:00+00:00,1.0943607730439664,1.094395049814606,1.0943383117978576,1.0943436015813115,189
2023-01-11T06:35:00+00:00,1.0943436015813115,1.0943436502549169,1.0941935442616955,1.094285103640056,243
2023-01-11T06:40:00+00:00,1.094285103640056,1.094307061476499,1.0942601649683683,1.0942625249483668,93
2023-01-11T06:45:00+00:00,1.0942625249483668,1.0943150601162102,1.0941729710144819,1.0942003770954543,410
2023-01-11T06:50:00+00:00,1.0942003770954543,1.0942596800842812,1.0941066150084335,1.094208029879617,359
2023-01-11T06:55:00+00:00,1.094208029879617,1.0942427412444757,1.0941971078023378,1.0942231737612476,351
2023-01-11T07:00:00+00:00,1.0942231737612476,1.0942699897984773,1.0941891091623934,1.0942382959901178,215
2023-01-11T07:05:00+00:00,1.0942382959901178,1.0943118213367709,1.0941594724268366,1.0941968466433896,204
2023-01-11T07:10:00+00:00,1.0941968466433896,1.0942301145141204,1.094183409002326,1.0941899499513894,291
2023-01-11T07:15:00+00:00,1.0941899499513894,1.0943453991720133,1.0941528637767879,1.0943075689038209,163
2023-01-11T07:20:00+00:00,1.0943075689038209,1.0944224686673507,1.094199024888908,1.0944092161162684,323
2023-01-11T07:25:00+00:00,1.0944092161162684,1.094477706120989,1.0944071830668036,1.0944286601670459,304
2023-01-11T07:30:00+00:00,1.0944286601670459,1.094550429528529,1.0943959002716472,1.094402211776305,281
2023-01-11T07:35:00+00:00,1.094402211776305,1.0944242711578493,1.0941429913049494,1.0942771406471041,253
2023-01-11T07:40:00+00:00,1.0942771406471041,1.0943438673903036,1.0942533792807316,1.0942899186125716,209
2023-01-11T07:45:00+00:00,1.0942899186125716,1.0943418004498466,1.0942107868138091,1.0942967069784342,92
2023-01-11T07:50:00+00:00,1.0942967069784342,1.0943553195216311,1.0942583930283587,1.0943381429091024,177
2023-01-11T07:55:00+00:00,1.0943381429091024,1.094382049659503,1.094244111264489,1.0942696655623665,479
2023-01-11T08:00:00+00:00,1.0942696655623665,1.0942829371253258,1.0941112259978545,1.0941444523079684,442
2023-01-11T08:05:00+00:00,1.0941444523079684,1.0941959246543582,1.0941198724339907,1.094122002418592,429
2023-01-11T08:10:00+00:00,1.094122002418592,1.0941463269898246,1.0940712280397678,1.0940992369218219,258
2023-01-11T08:15:00+00:00,1.0940992369218219,1.0942207836758429,1.0940706807983664,1.0941934814513594,157
2023-01-11T08:20:00+00:00,1.0941934814513594,1.0942881244293945,1.0941519198753271,1.0941991953406054,383
2023-01-11T08:25:00+00:00,1.0941991953406054,1.094204172412626,1.0941254196375183,1.094180817106817,297
2023-01-11T08:30:00+00:00,1.094180817106817,1.0941897730951535,1.0940038365674258,1.0940244236965828,103
2023-01-11T08:35:00+00:00,1.0940244236965828,1.0940423586394759,1.0940150928038863,1.0940241316879558,115
2023-01-11T08:40:00+00:00,1.0940241316879558,1.0940571065387878,1.0940237810458529,1.0940273981740185,274
2023-01-11T08:45:00+00:00,1.0940273981740185,1.0940441838830544,1.0939624444934117,1.0939803760058946,267
2023-01-11T08:50:00+00:00,1.0939803760058946,1.093982497891515,1.0938422908641694,1.0938694108344449,497
2023-01-11T08:55:00+00:00,1.0938694108344449,1.093917706775683,1.093849141380545,1.0938638614275162,201
2023-01-11T09:00:00+00:00,1.0938638614275162,1.094171757869375,1.0938445233183476,1.0940604991278384,188
2023-01-11T09:05:00+00:00,1.0940604991278384,1.0941289042085538,1.0938900975512715,1.093899824311023,240
2023-01-11T09:10:00+00:00,1.093899824311023,1.0939115799039796,1.0938376688623621,1.093856660774463,461
2023-01-11T09:15:00+00:00,1.093856660774463,1.094035324896787,1.093804682115382,1.0939756143957147,315
2023-01-11T09:20:00+00:00,1.0939756143957147,1.0940101194951843,1.0938942379842522,1.0939052018447566,432
2023-01-11T09:25:00+00:00,1.0939052018447566,1.0939940977022016,1.0938091127702922,1.0939758492222111,119
2023-01-11T09:30:00+00:00,1.0939758492222111,1.0941101159751572,1.0939327182101415,1.09404211122478,141
2023-01-11T09:35:00+00:00,1.09404211122478,1.0940656685989185,1.0940270167616377,1.0940547523319286,52
2023-01-11T09:40:00+00:00,1.0940547523319286,1.0940845869622855,1.0940150291143866,1.0940364194316716,219
2023-01-11T09:45:00+00:00,1.0940364194316716,1.0940944079151151,1.0939050686481662,1.0939443257357016,354
2023-01-11T09:50:00+00:00,1.0939443257357016,1.094025396146839,1.0939109772534141,1.093986743320398,371
2023-01-11T09:55:00+00:00,1.093986743320398,1.0940193243205154,1.0939642524625806,1.0939671525682082,195
2023-01-11T10:00:00+00:00,1.0939671525682082,1.0940895685180696,1.093943136817427,1.0940407237883674,256
2023-01-11T10:05:00+00:00,1.0940407237883674,1.0942065993479593,1.0940149836788116,1.0941478200552404,378
2023-01-11T10:10:00+00:00,1.0941478200552404,1.0941647313498701,1.0940858213956124,1.0941324218027733,193
2023-01-11T10:15:00+00:00,1.0941324218027733,1.0942683541586031,1.0940744475544097,1.0942403246838368,114
2023-01-11T10:20:00+00:00,1.0942403246838368,1.094336810377599,1.0942358171463187,1.0942731524905889,445
2023-01-11T10:25:00+00:00,1.0942731524905889,1.0943143657699144,1.0941495736923097,1.094203822826036,463
2023-01-11T10:30:00+00:00,1.094203822826036,1.0942727686895832,1.0941680585922364,1.0941969019572018,51
2023-01-11T10:35:00+00:00,1.0941969019572018,1.094228179576348,1.0940222187490014,1.094169224927826,96
2023-01-11T10:40:00+00:00,1.094169224927826,1.0943006079595228,1.094133943918959,1.094271018862894,50
2023-01-11T10:45:00+00:00,1.094271018862894,1.0943914636442997,1.0941757433430745,1.0943441650760677,76
2023-01-11T10:50:00+00:00,1.0943441650760677,1.0945095239249678,1.0942937729709536,1.0944407292873433,204
2023-01-11T10:55:00+00:00,1.0944407292873433,1.094508453448057,1.0944406704212153,1.0944834769366247,336
2023-01-11T11:00:00+00:00,1.0944834769366247,1.094537070655656,1.0943646215207519,1.0943773329014843,479
2023-01-11T11:05:00+00:00,1.0943773329014843,1.0944382483355322,1.0942986841456537,1.0943071529573118,359
2023-01-11T11:10:00+00:00,1.0943071529573118,1.0945226220131108,1.0942179588819865,1.0944182791428019,414
2023-01-11T11:15:00+00:00,1.0944182791428019,1.0944517003043306,1.0943273971039418,1.0943693204258087,276
2023-01-11T11:20:00+00:00,1.0943693204258087,1.094374806627506,1.0942051676308726,1.0942304035100945,272
2023-01-11T11:25:00+00:00,1.0942304035100945,1.0942484709819105,1.0941128590531182,1.0941384269306191,493
2023-01-11T11:30:00+00:00,1.0941384269306191,1.0941802829201455,1.094041914969294,1.0940807939661292,159
2023-01-11T11:35:00+00:00,1.0940807939661292,1.0941566271695193,1.0939009532976716,1.0939694996072051,147
2023-01-11T11:40:00+00:00,1.0939694996072051,1.093990640931955,1.0939341605536994,1.0939342696897545,276
2023-01-11T11:45:00+00:00,1.0939342696897545,1.0939554127116204,1.09389924044765,1.0939244762515457,350
2023-01-11T11:50:00+00:00,1.0939244762515457,1.0939451251507386,1.0938872370005848,1.0939132261056652,56
2023-01-11T11:55:00+00:00,1.0939132261056652,1.0939702959768305,1.09390510812748,1.0939600678696892,190
2023-01-11T12:00:00+00:00,1.0939600678696892,1.0939992357388661,1.0938332294430213,1.093911249192312,190
2023-01-11T12:05:00+00:00,1.093911249192312,1.0940052342372295,1.093815524984362,1.0939098299432362,471
2023-01-11T12:10:00+00:00,1.0939098299432362,1.0940518484429511,1.093842590682534,1.094036731050563,282
2023-01-11T12:15:00+00:00,1.094036731050563,1.0941151371955882,1.0940332818972016,1.094058611686058,497
2023-01-11T12:20:00+00:00,1.094058611686058,1.0941088427818428,1.0939620784743356,1.0940002311802428,363
2023-01-11T12:25:00+00:00,1.0940002311802428,1.0940715282064986,1.0939824535516873,1.0940488266446102,426
2023-01-11T12:30:00+00:00,1.0940488266446102,1.0942073896423405,1.093966605007595,1.094119942170759,111
2023-01-11T12:35:00+00:00,1.094119942170759,1.0942641163997395,1.0940953739646297,1.0941972601660757,81
2023-01-11T12:40:00+00:00,1.0941972601660757,1.0942880951546796,1.0941203102821464,1.094137118200809,385
2023-01-11T12:45:00+00:00,1.094137118200809,1.0943001714647478,1.0941310976356262,1.0942932556868978,478
2023-01-11T12:50:00+00:00,1.0942932556868978,1.0943878526863868,1.0941900471339194,1.0942144208565225,350
2023-01-11T12:55:00+00:00,1.0942144208565225,1.0942227390674972,1.0941401302666296,1.094187155396198,57
2023-01-11T13:00:00+00:00,1.094187155396198,1.0942832930440123,1.094148186311515,1.094264754212153,83
2023-01-11T13:05:00+00:00,1.094264754212153,1.0942944505814105,1.0940859911595566,1.0941652421486316,125
2023-01-11T13:10:00+00:00,1.0941652421486316,1.0941860003361907,1.0941251175449027,1.0941627495815427,151
2023-01-11T13:15:00+00:00,1.0941627495815427,1.0942063075133879,1.0941152046520803,1.0941870382555514,375
2023-01-11T13:20:00+00:00,1.0941870382555514,1.0942823947155138,1.094145937789398,1.094185922023086,229
2023-01-11T13:25:00+00:00,1.094185922023086,1.0942305321459895,1.094148158503924,1.094189142817146,478
2023-01-11T13:30:00+00:00,1.094189142817146,1.0942501181771278,1.0941326450734623,1.0941568355533435,96
2023-01-11T13:35:00+00:00,1.0941568355533435,1.0941766703008837,1.0941374607550052,1.0941679223863476,212
2023-01-11T13:40:00+00:00,1.0941679223863476,1.0942383130548685,1.0939859305584985,1.0939951772161214,161
2023-01-11T13:45:00+00:00,1.0939951772161214,1.0940311260976463,1.0938144838911763,1.0938568140465341,499
2023-01-11T13:50:00+00:00,1.0938568140465341,1.0938939622125645,1.093811659351976,1.093849047595126,492
2023-01-11T13:55:00+00:00,1.093849047595126,1.0938794223961523,1.093674814029489,1.0937530883958073,117
2023-01-11T14:00:00+00:00,1.0937530883958073,1.0937984365582147,1.0937166926975184,1.0937260283834842,339
2023-01-11T14:05:00+00:00,1.0937260283834842,1.0938052318312608,1.093693233816638,1.0937909078137937,146
2023-01-11T14:10:00+00:00,1.0937909078137937,1.0938238961894524,1.093746802182863,1.0937852190964457,275
2023-01-11T14:15:00+00:00,1.0937852190964457,1.0937905135913355,1.0937213234441348,1.093779095152107,346
2023-01-11T14:20:00+00:00,1.093779095152107,1.0938441161818708,1.0935978361043273,1.0936909005181463,401
2023-01-11T14:25:00+00:00,1.0936909005181463,1.0936976203349043,1.0936592000998484,1.0936711146876823,477
2023-01-11T14:30:00+00:00,1.0936711146876823,1.0936859580663574,1.0934883147616454,1.093633009269427,272
2023-01-11T14:35:00+00:00,1.093633009269427,1.0936852101089993,1.0934534227955577,1.0935282739072982,457
2023-01-11T14:40:00+00:00,1.0935282739072982,1.0935726901091845,1.093450483251744,1.093512574480644,430
2023-01-11T14:45:00+00:00,1.093512574480644,1.0935185667056757,1.0934735977323262,1.0934945693908285,445
2023-01-11T14:50:00+00:00,1.0934945693908285,1.0935442329539629,1.093486880457643,1.093510208555042,314
2023-01-11T14:55:00+00:00,1.093510208555042,1.093709872754186,1.0934832719597478,1.0936923796474363,121
2023-01-11T15:00:00+00:00,1.0936923796474363,1.093701404070972,1.0935576635072957,1.0936251346913408,67
2023-01-11T15:05:00+00:00,1.0936251346913408,1.0936354585914292,1.0935602144536885,1.0935813311096105,233
2023-01-11T15:10:00+00:00,1.0935813311096105,1.093594729443121,1.0935415832367972,1.0935901212252153,381
2023-01-11T15:15:00+00:00,1.0935901212252153,1.0936526662322723,1.0935716947604466,1.0936262792632008,233
2023-01-11T15:20:00+00:00,1.0936262792632008,1.0936788875122962,1.0935930411759676,1.093597135256685,464
2023-01-11T15:25:00+00:00,1.093597135256685,1.0936643820826966,1.0935522567797773,1.0936145052483892,405
2023-01-11T15:30:00+00:00,1.0936145052483892,1.0936345638130245,1.0935230714925122,1.0935423058854665,241
2023-01-11T15:35:00+00:00,1.0935423058854665,1.0935885396418823,1.0934575011926568,1.0934915118529858,255
2023-01-11T15:40:00+00:00,1.0934915118529858,1.0936178612130858,1.0933665884366484,1.0934275074978876,309
2023-01-11T15:45:00+00:00,1.0934275074978876,1.0934685434285065,1.093301869937439,1.0933348966015994,187
2023-01-11T15:50:00+00:00,1.0933348966015994,1.0934288483264496,1.0932759475857634,1.093414420783247,203
2023-01-11T15:55:00+00:00,1.093414420783247,1.0935315191507786,1.0933296943426485,1.0934334516287747,318
2023-01-11T16:00:00+00:00,1.0934334516287747,1.0936306251494587,1.0934331450309414,1.0935035941334987,220
2023-01-11T16:05:00+00:00,1.0935035941334987,1.0935075845376891,1.0934471776203711,1.0934633202277557,96
2023-01-11T16:10:00+00:00,1.0934633202277557,1.0935426759811622,1.093398031720896,1.093415643283677,134
2023-01-11T16:15:00+00:00,1.093415643283677,1.093486712143312,1.0933155600567048,1.0933335279589258,152
2023-01-11T16:20:00+00:00,1.0933335279589258,1.0934140909583452,1.0933014063121753,1.0933856862546687,154
2023-01-11T16:25:00+00:00,1.0933856862546687,1.0934899748061526,1.0933545354565672,1.0934160232342194,128
2023-01-11T16:30:00+00:00,1.0934160232342194,1.093504664655682,1.0933161839801462,1.0933562707803168,226
2023-01-11T16:35:00+00:00,1.0933562707803168,1.0934740621978132,1.093319167288768,1.0934229351937492,251
2023-01-11T16:40:00+00:00,1.0934229351937492,1.0935277165385209,1.0933227050656136,1.0933689622204343,411
2023-01-11T16:45:00+00:00,1.0933689622204343,1.0933740471273778,1.0931279118863972,1.0932393376014278,248
2023-01-11T16:50:00+00:00,1.0932393376014278,1.093396425843077,1.09318177762815,1.0933351226164627,194
2023-01-11T16:55:00+00:00,1.0933351226164627,1.093473952136419,1.0932618279955206,1.0934395797525243,267
2023-01-11T17:00:00+00:00,1.0934395797525243,1.0934749358719849,1.0933178459348756,1.0933604073362635,350
2023-01-11T17:05:00+00:00,1.0933604073362635,1.0935626804232677,1.0933428962755967,1.0934600494584428,141
2023-01-11T17:10:00+00:00,1.0934600494584428,1.093518256570708,1.0934102458129107,1.0934705652093955,362
2023-01-11T17:15:00+00:00,1.0934705652093955,1.0936392337590144,1.093441160596018,1.093598314821672,89
2023-01-11T17:20:00+00:00,1.093598314821672,1.093619912812194,1.0935605473879846,1.0935736345509848,272
2023-01-11T17:25:00+00:00,1.0935736345509848,1.0936676200505513,1.093546518506014,1.0936265371859497,142
2023-01-11T17:30:00+00:00,1.0936265371859497,1.0936449659951917,1.0934996505237466,1.0935699469365985,67
2023-01-11T17:35:00+00:00,1.0935699469365985,1.0936773883867899,1.0934457167470975,1.093668773222277,141
2023-01-11T17:40:00+00:00,1.093668773222277,1.0937981448828504,1.0936405415424892,1.0937333231557893,92
2023-01-11T17:45:00+00:00,1.0937333231557893,1.0937795161089636,1.0935912181113598,1.0936580206601818,385
2023-01-11T17:50:00+00:00,1.0936580206601818,1.093822258382245,1.0936143189164895,1.093753654463361,344
2023-01-11T17:55:00+00:00,1.093753654463361,1.0938370224541858,1.0937503210731503,1.0937609602572542,55
2023-01-11T18:00:00+00:00,1.0937609602572542,1.0937719913192976,1.0934907069615505,1.093560734195811,205
2023-01-11T18:05:00+00:00,1.093560734195811,1.0937155810118593,1.0935233567413358,1.093642245042482,109
2023-01-11T18:10:00+00:00,1.093642245042482,1.0936968222070125,1.0934836194651985,1.0935295783881998,292
2023-01-11T18:15:00+00:00,1.0935295783881998,1.0935780448984869,1.093435899966121,1.093555257837532,236
2023-01-11T18:20:00+00:00,1.093555257837532,1.0936157994727214,1.0934802615788162,1.0935955392556758,495
2023-01-11T18:25:00+00:00,1.0935955392556758,1.0936724987994209,1.0935701275300884,1.0936594942950224,222
2023-01-11T18:30:00+00:00,1.0936594942950224,1.09380535342044,1.093656534228925,1.0937802832994368,364
2023-01-11T18:35:00+00:00,1.0937802832994368,1.0938860350269928,1.0937257380561791,1.0938783171085955,74
2023-01-11T18:40:00+00:00,1.0938783171085955,1.0938814481683579,1.0938205125104241,1.0938579851618535,75
2023-01-11T18:45:00+00:00,1.0938579851618535,1.0939164003592323,1.0937455045456472,1.093794347688274,179
2023-01-11T18:50:00+00:00,1.093794347688274,1.093828085439865,1.093688011568254,1.0936891635087551,186
2023-01-11T18:55:00+00:00,1.0936891635087551,1.0937095058575885,1.0936313794378016,1.093673727404279,58
2023-01-11T19:00:00+00:00,1.093673727404279,1.0936875251615148,1.0935883970558582,1.0936121241444852,424
2023-01-11T19:05:00+00:00,1.0936121241444852,1.093702445676813,1.093593446019966,1.0936226886622917,177
2023-01-11T19:10:00+00:00,1.0936226886622917,1.0937245997963003,1.0936030565866321,1.0936694282037573,302
2023-01-11T19:15:00+00:00,1.0936694282037573,1.0937395591289107,1.0936526171994343,1.0937031831237507,284
2023-01-11T19:20:00+00:00,1.0937031831237507,1.0937378747622337,1.0936393349934816,1.093682723323777,425
2023-01-11T19:25:00+00:00,1.093682723323777,1.0937105256107207,1.0934909837220315,1.0935496016454456,70
2023-01-11T19:30:00+00:00,1.0935496016454456,1.0936423740994825,1.0934667004304492,1.0936200343016718,376
2023-01-11T19:35:00+00:00,1.0936200343016718,1.093805731427639,1.0935987027045975,1.0937968992842284,312
2023-01-11T19:40:00+00:00,1.0937968992842284,1.0938334852407816,1.0937222262469162,1.0938309804659145,266
2023-01-11T19:45:00+00:00,1.0938309804659145,1.0938568580069028,1.0937557005121776,1.0937743185342463,432
2023-01-11T19:50:00+00:00,1.0937743185342463,1.0938469878443808,1.0937006362784485,1.0937712298319244,271
2023-01-11T19:55:00+00:00,1.0937712298319244,1.0938579400299038,1.0936516380384176,1.0936709285297386,342
2023-01-11T20:00:00+00:00,1.0936709285297386,1.0937133280297129,1.0935704208522161,1.093668167253947,174
2023-01-11T20:05:00+00:00,1.093668167253947,1.0936735960071742,1.0936413989055822,1.0936562598415034,343
2023-01-11T20:10:00+00:00,1.0936562598415034,1.0936705793187955,1.0934483794498795,1.0935248405471267,448
2023-01-11T20:15:00+00:00,1.0935248405471267,1.0936011290482168,1.0934705854784652,1.093577938990923,73
2023-01-11T20:20:00+00:00,1.093577938990923,1.0936449456633315,1.09342357589617,1.0934409694595706,258
2023-01-11T20:25:00+00:00,1.0934409694595706,1.0934641920863226,1.0933013088960624,1.0933854407616606,386
2023-01-11T20:30:00+00:00,1.0933854407616606,1.0934592925662365,1.0932745626851654,1.0934306010172916,212
2023-01-11T20:35:00+00:00,1.0934306010172916,1.0934598410245742,1.0932847408557052,1.0933051945312449,413
2023-01-11T20:40:00+00:00,1.0933051945312449,1.0933213814425282,1.0932754253749954,1.0932940029079279,473
2023-01-11T20:45:00+00:00,1.0932940029079279,1.093469273599378,1.0932812133965508,1.0934186113687565,354
2023-01-11T20:50:00+00:00,1.0934186113687565,1.093462292850156,1.0933756314812149,1.0933828239552301,224
2023-01-11T20:55:00+00:00,1.0933828239552301,1.0934222291702753,1.0932950914884059,1.0933793220001973,127
2023-01-11T21:00:00+00:00,1.0933793220001973,1.0933988291448316,1.0932342667256663,1.0932532012250724,394
2023-01-11T21:05:00+00:00,1.0932532012250724,1.0934142502273838,1.0932208474876632,1.093375110616392,388
2023-01-11T21:10:00+00:00,1.093375110616392,1.093607566209512,1.0933315800472936,1.0935026860317278,226
2023-01-11T21:15:00+00:00,1.0935026860317278,1.0935746438513634,1.0933877378393793,1.0934291373483918,321
2023-01-11T21:20:00+00:00,1.0934291373483918,1.0934595604376065,1.0933559167456703,1.0933858143381794,65
2023-01-11T21:25:00+00:00,1.0933858143381794,1.0935345997685082,1.0933307630789568,1.0934976405703667,369
2023-01-11T21:30:00+00:00,1.0934976405703667,1.093540311677852,1.093438008362957,1.0934488873293713,195
2023-01-11T21:35:00+00:00,1.0934488873293713,1.0935048283757185,1.0934287174125945,1.0934503552346775,170
2023-01-11T21:40:00+00:00,1.0934503552346775,1.0934941888194032,1.0932938548835072,1.0933818949841525,113
2023-01-11T21:45:00+00:00,1.0933818949841525,1.0935475175950127,1.0933618107856438,1.0935187412052811,106
2023-01-11T21:50:00+00:00,1.0935187412052811,1.0935322291512446,1.0934285016130492,1.0934753561361723,426
2023-01-11T21:55:00+00:00,1.0934753561361723,1.0936566128614755,1.0934670014908254,1.0935939748524435,230
2023-01-11T22:00:00+00:00,1.0935939748524435,1.093648605959398,1.0935583679234078,1.093596569478488,235
2023-01-11T22:05:00+00:00,1.093596569478488,1.0936470433322436,1.0935035755732543,1.0935575116710143,401
2023-01-11T22:10:00+00:00,1.0935575116710143,1.0937116701025456,1.0935319290254573,1.0936907321966494,250
2023-01-11T22:15:00+00:00,1.0936907321966494,1.0937908211508094,1.0936404880967614,1.093782895370352,437
2023-01-11T22:20:00+00:00,1.093782895370352,1.0938039202383585,1.0935311935064802,1.093639005246718,140
2023-01-11T22:25:00+00:00,1.093639005246718,1.0937009390844883,1.0936366032903164,1.0936976306994208,474
2023-01-11T22:30:00+00:00,1.0936976306994208,1.0937458640387132,1.093603367057495,1.0936545314702775,246
2023-01-11T22:35:00+00:00,1.0936545314702775,1.0938561018628248,1.093629419875173,1.0938105311453727,264
2023-01-11T22:40:00+00:00,1.0938105311453727,1.0938485307934207,1.0936962195854367,1.0937162590281286,367
2023-01-11T22:45:00+00:00,1.0937162590281286,1.0937367400106368,1.0936880650158038,1.0936884976259313,342
2023-01-11T22:50:00+00:00,1.0936884976259313,1.0938083496645858,1.0936516017265439,1.0936688218907642,341
2023-01-11T22:55:00+00:00,1.0936688218907642,1.0937783291328658,1.0936149624095464,1.0937248037226501,239
2023-01-11T23:00:00+00:00,1.0937248037226501,1.0938437686336908,1.093712490208793,1.0938341214644978,311
2023-01-11T23:05:00+00:00,1.0938341214644978,1.0938978439437534,1.0936853471995676,1.0937590720708272,132
2023-01-11T23:10:00+00:00,1.0937590720708272,1.093780083897551,1.0936334939064645,1.0936372856869387,414
2023-01-11T23:15:00+00:00,1.0936372856869387,1.0937683082166905,1.0936163584150105,1.0937294439294816,200
2023-01-11T23:20:00+00:00,1.0937294439294816,1.0937547310241116,1.093680465677056,1.0937497701282097,400
2023-01-11T23:25:00+00:00,1.0937497701282097,1.0938703147131033,1.093618740264342,1.0937101379339778,457
2023-01-11T23:30:00+00:00,1.0937101379339778,1.093801383416613,1.0936532321146823,1.0937515280573749,478
2023-01-11T23:35:00+00:00,1.0937515280573749,1.0938064648414738,1.0935433469429887,1.0936414302795667,131
2023-01-11T23:40:00+00:00,1.0936414302795667,1.093727453357033,1.0935662144158917,1.0936474856294165,399
2023-01-11T23:45:00+00:00,1.0936474856294165,1.0937504402641596,1.09355745735968,1.093705894785927,290
2023-01-11T23:50:00+00:00,1.093705894785927,1.093742168039512,1.0936722384006796,1.0937276183269944,416
2023-01-11T23:55:00+00:00,1.0937276183269944,1.0938375811829528,1.0937091802910925,1.0937604427775829,360
2023-01-12T00:00:00+00:00,1.0937604427775829,1.0938097702318057,1.093646176505807,1.0937027904804506,421
2023-01-12T00:05:00+00:00,1.0937027904804506,1.0938033103536204,1.0936692708243156,1.0937183160691222,474
2023-01-12T00:10:00+00:00,1.0937183160691222,1.0938572124096997,1.093666417112365,1.0937803283183096,311
2023-01-12T00:15:00+00:00,1.0937803283183096,1.09391544580876,1.0937412454330648,1.0938784048913197,453
2023-01-12T00:20:00+00:00,1.0938784048913197,1.0939320412214246,1.0938710782533165,1.093912296932302,435
2023-01-12T00:25:00+00:00,1.093912296932302,1.094083865324861,1.0938350131869576,1.0940631822523943,237
2023-01-12T00:30:00+00:00,1.0940631822523943,1.0940868947672255,1.0939267485144162,1.0940028496878667,157
2023-01-12T00:35:00+00:00,1.0940028496878667,1.0940069232265215,1.0938860925643885,1.0939306569649756,405
2023-01-12T00:40:00+00:00,1.0939306569649756,1.0941338016555624,1.0938932475747423,1.0940857328645115,183
2023-01-12T00:45:00+00:00,1.0940857328645115,1.0941327719802416,1.094021829463185,1.0940908281016823,219
2023-01-12T00:50:00+00:00,1.0940908281016823,1.09419703209053,1.0940297335500797,1.0941216195099694,439
2023-01-12T00:55:00+00:00,1.0941216195099694,1.0941603255776446,1.0940320657089084,1.0940788658685747,63
2023-01-12T01:00:00+00:00,1.0940788658685747,1.0941420746543236,1.0940518788376428,1.0940947357628088,416
2023-01-12T01:05:00+00:00,1.0940947357628088,1.0941856889993704,1.0940352971304381,1.0941470726977378,293
2023-01-12T01:10:00+00:00,1.0941470726977378,1.094219857276885,1.0940703908630063,1.09412148633853,115
2023-01-12T01:15:00+00:00,1.09412148633853,1.0942679712250982,1.094088388729722,1.0942428026810025,246
2023-01-12T01:20:00+00:00,1.0942428026810025,1.0942787275956383,1.094202895136412,1.0942420868287572,125
2023-01-12T01:25:00+00:00,1.0942420868287572,1.0942755356328349,1.094139177810912,1.0941587429202053,419
2023-01-12T01:30:00+00:00,1.0941587429202053,1.0941641949102618,1.0939426222871065,1.093999231232272,137
2023-01-12T01:35:00+00:00,1.093999231232272,1.0940700011825872,1.0939791533139167,1.0939915489547483,350
2023-01-12T01:40:00+00:00,1.0939915489547483,1.09406995400251,1.0939210250509894,1.0940352382823975,298
2023-01-12T01:45:00+00:00,1.0940352382823975,1.094211194528248,1.093954017100407,1.0941509085302852,296
2023-01-12T01:50:00+00:00,1.0941509085302852,1.0943250554338633,1.0940302216030873,1.0942299229075805,225
2023-01-12T01:55:00+00:00,1.0942299229075805,1.0942545175006768,1.0941963464522748,1.0942491616986625,126
2023-01-12T02:00:00+00:00,1.0942491616986625,1.0943345432370102,1.094208824380831,1.0942265218829506,232
2023-01-12T02:05:00+00:00,1.0942265218829506,1.094291427413202,1.094115543948784,1.0941160373125933,376
2023-01-12T02:10:00+00:00,1.0941160373125933,1.0942984828070341,1.094066564730416,1.0942453300085808,318
2023-01-12T02:15:00+00:00,1.0942453300085808,1.0943112852365704,1.094082835521174,1.094131946048999,236
2023-01-12T02:20:00+00:00,1.094131946048999,1.0941752171163786,1.0940561210032627,1.0940924807839172,84
2023-01-12T02:25:00+00:00,1.0940924807839172,1.094153204550591,1.093965947094177,1.0941360279718306,483
2023-01-12T02:30:00+00:00,1.0941360279718306,1.0942373772548937,1.094112357427192,1.0941290364175684,340
2023-01-12T02:35:00+00:00,1.0941290364175684,1.0941661063299841,1.0941205636607088,1.0941259461832082,458
2023-01-12T02:40:00+00:00,1.0941259461832082,1.0942022699781608,1.094097868946262,1.0941197529576943,403
2023-01-12T02:45:00+00:00,1.0941197529576943,1.0941261132316533,1.0940423699117605,1.0940729666351872,361
2023-01-12T02:50:00+00:00,1.0940729666351872,1.0941130806985255,1.0940649953843582,1.0940685134030683,82
2023-01-12T02:55:00+00:00,1.0940685134030683,1.0940906737424791,1.0939256589847686,1.0939404880195858,205
2023-01-12T03:00:00+00:00,1.0939404880195858,1.0940091612428353,1.0938838443469339,1.0939957520462713,287
2023-01-12T03:05:00+00:00,1.0939957520462713,1.0940799755534083,1.0938837519585682,1.0939435562479183,76
2023-01-12T03:10:00+00:00,1.0939435562479183,1.0940079074452167,1.0938897134121146,1.0938979296715634,92
2023-01-12T03:15:00+00:00,1.0938979296715634,1.093960098910527,1.0938944890251416,1.0939374212743695,351
2023-01-12T03:20:00+00:00,1.0939374212743695,1.094015916943636,1.0938775714411093,1.0939595195162735,490
2023-01-12T03:25:00+00:00,1.0939595195162735,1.0940254990398397,1.0938720284831085,1.093916874883989,276
2023-01-12T03:30:00+00:00,1.093916874883989,1.093960246938772,1.0938931800233096,1.093927819596313,283
2023-01-12T03:35:00+00:00,1.093927819596313,1.093965854175731,1.0938241525866805,1.0938260090833576,258
2023-01-12T03:40:00+00:00,1.0938260090833576,1.0938606435432021,1.093726513152341,1.0937530101525252,313
2023-01-12T03:45:00+00:00,1.0937530101525252,1.0938553117040273,1.0936826362127543,1.0938401579519452,185
2023-01-12T03:50:00+00:00,1.0938401579519452,1.0939107886009238,1.0938300028891075,1.0938827624594962,208
2023-01-12T03:55:00+00:00,1.0938827624594962,1.0940031734698221,1.093865474036622,1.093986084142772,437
2023-01-12T04:00:00+00:00,1.093986084142772,1.0940945337159944,1.0939290696267536,1.0940751866026799,290
2023-01-12T04:05:00+00:00,1.0940751866026799,1.0943048749783237,1.0940743561324104,1.094273502636034,439
2023-01-12T04:10:00+00:00,1.094273502636034,1.0942911605165102,1.09416510311805,1.0942133596544268,376
2023-01-12T04:15:00+00:00,1.0942133596544268,1.0942492339482497,1.0940903416039232,1.0941761237902607,149
2023-01-12T04:20:00+00:00,1.0941761237902607,1.0942859083632799,1.0941626039302044,1.0942024670806727,213
2023-01-12T04:25:00+00:00,1.0942024670806727,1.0943021342659278,1.0941462686935666,1.094296315439901,400
2023-01-12T04:30:00+00:00,1.094296315439901,1.0943615221280871,1.094238155150654,1.0942642963486333,130
2023-01-12T04:35:00+00:00,1.0942642963486333,1.0942822266326648,1.0941992953724224,1.0942462144235763,137
2023-01-12T04:40:00+00:00,1.0942462144235763,1.0943689045910034,1.0941771831236962,1.0943139879518118,292
2023-01-12T04:45:00+00:00,1.0943139879518118,1.094533460767115,1.0942415394686589,1.094483213876806,449
2023-01-12T04:50:00+00:00,1.094483213876806,1.094518856006449,1.094467229877145,1.094476644683835,477
2023-01-12T04:55:00+00:00,1.094476644683835,1.0946739084924226,1.0944502323150884,1.0946646577064423,220
2023-01-12T05:00:00+00:00,1.0946646577064423,1.0947576594614452,1.0946275240397187,1.0946446499955493,338
2023-01-12T05:05:00+00:00,1.0946446499955493,1.0947502751589917,1.0946124342396262,1.0947095192268188,440
2023-01-12T05:10:00+00:00,1.0947095192268188,1.0947427444930857,1.094648991927406,1.094736534271745,121
2023-01-12T05:15:00+00:00,1.094736534271745,1.0948852554381032,1.0947231750431603,1.0948009574063788,59
2023-01-12T05:20:00+00:00,1.0948009574063788,1.0948558695507333,1.094780777763614,1.0948253285638696,476
2023-01-12T05:25:00+00:00,1.0948253285638696,1.094856188697066,1.0947434370524542,1.0947748942465707,454
2023-01-12T05:30:00+00:00,1.0947748942465707,1.0948179264374078,1.094695079947264,1.0947012413589539,366
2023-01-12T05:35:00+00:00,1.0947012413589539,1.0947997320659957,1.0945587152690903,1.0945605369705338,104
2023-01-12T05:40:00+00:00,1.0945605369705338,1.0946180192915635,1.094540311712648,1.0946046907376625,353
2023-01-12T05:45:00+00:00,1.0946046907376625,1.0947354488182441,1.0943937136059263,1.094418766254458,73
2023-01-12T05:50:00+00:00,1.094418766254458,1.094484964738128,1.094342969606307,1.0944361995417065,177
2023-01-12T05:55:00+00:00,1.0944361995417065,1.094449059291983,1.0943396815017499,1.0944067680234137,242
2023-01-12T06:00:00+00:00,1.0944067680234137,1.094440201924073,1.0943725960256798,1.0944340143648843,274
2023-01-12T06:05:00+00:00,1.0944340143648843,1.0945404725717103,1.094422812466375,1.0945189555815298,118
2023-01-12T06:10:00+00:00,1.0945189555815298,1.0945572042238643,1.0944385963178016,1.0945438603712145,472
2023-01-12T06:15:00+00:00,1.0945438603712145,1.0945603829602302,1.0945039387986728,1.0945272211395496,203
2023-01-12T06:20:00+00:00,1.0945272211395496,1.0945560537000385,1.0943960527197836,1.0944373093192357,329
2023-01-12T06:25:00+00:00,1.0944373093192357,1.094469326274166,1.0943985709922521,1.0944662071637756,321
2023-01-12T06:30:00+00:00,1.0944662071637756,1.094588094250984,1.0944117673222928,1.0945183538211836,495
2023-01-12T06:35:00+00:00,1.0945183538211836,1.094643831287184,1.0944415242791565,1.0946262007387275,210
2023-01-12T06:40:00+00:00,1.0946262007387275,1.0947137242073974,1.0946144112263982,1.0947011465168421,159
2023-01-12T06:45:00+00:00,1.0947011465168421,1.094723745265384,1.094520274221264,1.0945717322052235,285
2023-01-12T06:50:00+00:00,1.0945717322052235,1.0945970995227357,1.0945010274914746,1.0945391219873597,359
2023-01-12T06:55:00+00:00,1.0945391219873597,1.0945392817104709,1.094519171664259,1.094529989496463,111
2023-01-12T07:00:00+00:00,1.094529989496463,1.094571137829799,1.0944481320372295,1.0944789917162927,475
2023-01-12T07:05:00+00:00,1.0944789917162927,1.0945877283766645,1.0943269870402519,1.094346597032111,312
2023-01-12T07:10:00+00:00,1.094346597032111,1.0943926959104933,1.094149451749304,1.0942761640441097,497
2023-01-12T07:15:00+00:00,1.0942761640441097,1.0943025564526652,1.09418823108364,1.0942725516296483,301
2023-01-12T07:20:00+00:00,1.0942725516296483,1.094316667714341,1.0942417076949589,1.09425979081664,97
2023-01-12T07:25:00+00:00,1.09425979081664,1.0943606407157458,1.0942457502067255,1.094274693718943,322
2023-01-12T07:30:00+00:00,1.094274693718943,1.0943792936820016,1.0942358124386256,1.0943289777963146,289
2023-01-12T07:35:00+00:00,1.0943289777963146,1.094450233510366,1.09414658554465,1.0942469374032695,434
2023-01-12T07:40:00+00:00,1.0942469374032695,1.0943913444686553,1.0942238175008465,1.094357707730878,500
2023-01-12T07:45:00+00:00,1.094357707730878,1.0943864226020543,1.0942770343406534,1.0942780542049402,219
2023-01-12T07:50:00+00:00,1.0942780542049402,1.0944155996205402,1.0942452997666101,1.0943836051030627,404
2023-01-12T07:55:00+00:00,1.0943836051030627,1.0944763889023486,1.094262088610043,1.094468328650338,60
2023-01-12T08:00:00+00:00,1.094468328650338,1.0944925309182705,1.0943804707022007,1.0944159089273124,54
2023-01-12T08:05:00+00:00,1.0944159089273124,1.0944240901060842,1.094309916916345,1.094362058283003,182
2023-01-12T08:10:00+00:00,1.094362058283003,1.0944814646620666,1.0943551861714096,1.0944292589944842,384
2023-01-12T08:15:00+00:00,1.0944292589944842,1.0944727043086442,1.0942592762278724,1.094333163410937,344
2023-01-12T08:20:00+00:00,1.094333163410937,1.0945338425619504,1.0943188200322214,1.094486037940829,146
2023-01-12T08:25:00+00:00,1.094486037940829,1.0944909289462896,1.0943519608377819,1.0943855814433123,142
2023-01-12T08:30:00+00:00,1.0943855814433123,1.094503663519415,1.0943722488654826,1.0944670937302452,115
2023-01-12T08:35:00+00:00,1.0944670937302452,1.094587541573718,1.094430274362382,1.0944612616305054,217
2023-01-12T08:40:00+00:00,1.0944612616305054,1.0946728716009957,1.094442953420309,1.0945894331134518,133
2023-01-12T08:45:00+00:00,1.0945894331134518,1.094624778874873,1.0945281427573892,1.0945463531797257,161
2023-01-12T08:50:00+00:00,1.0945463531797257,1.0945625593123003,1.0944599662442813,1.094550911580082,113
2023-01-12T08:55:00+00:00,1.094550911580082,1.0945753718231341,1.0943772596209935,1.0944191240005363,277
2023-01-12T09:00:00+00:00,1.0944191240005363,1.094599285832673,1.0944150368677072,1.0945267281345108,274
2023-01-12T09:05:00+00:00,1.0945267281345108,1.0945805571745084,1.0945066448623386,1.0945532129592357,244
2023-01-12T09:10:00+00:00,1.0945532129592357,1.0945670671452603,1.0944619790207157,1.0945203134944579,346
2023-01-12T09:15:00+00:00,1.0945203134944579,1.0945243744190867,1.0944788264710292,1.0945039733504451,437
2023-01-12T09:20:00+00:00,1.0945039733504451,1.0946686564587582,1.0945012052674186,1.0945536076753255,212
2023-01-12T09:25:00+00:00,1.0945536076753255,1.0945831977543734,1.0944628270809524,1.0944802945323626,96
2023-01-12T09:30:00+00:00,1.0944802945323626,1.094550408818668,1.0944794855214528,1.094505474765829,283
2023-01-12T09:35:00+00:00,1.094505474765829,1.094595009571099,1.0945005234376766,1.0945463690704518,265
2023-01-12T09:40:00+00:00,1.0945463690704518,1.0946042290601963,1.0943465650244186,1.0944203531613568,478
2023-01-12T09:45:00+00:00,1.0944203531613568,1.0946858685797463,1.0943721719767947,1.094575112395145,383
2023-01-12T09:50:00+00:00,1.094575112395145,1.0947666346132527,1.0944140446646775,1.0944759896465226,249
2023-01-12T09:55:00+00:00,1.0944759896465226,1.0945424259969483,1.09446970715142,1.0945360687036645,190
2023-01-12T10:00:00+00:00,1.0945360687036645,1.0946418789012402,1.0944231635193207,1.0945162051954789,140
2023-01-12T10:05:00+00:00,1.0945162051954789,1.094585793654324,1.0945058779004642,1.0945617545230255,129
2023-01-12T10:10:00+00:00,1.0945617545230255,1.0946644782202553,1.0944964284400134,1.0946210285770932,157
2023-01-12T10:15:00+00:00,1.0946210285770932,1.0946981814608643,1.0945662786915369,1.0946490844061576,240
2023-01-12T10:20:00+00:00,1.0946490844061576,1.0947117566549336,1.0945138090647126,1.0945408840112205,315
2023-01-12T10:25:00+00:00,1.0945408840112205,1.094647246180014,1.094523082289264,1.094566894258487,464
2023-01-12T10:30:00+00:00,1.094566894258487,1.0946084627449524,1.0944532411858783,1.0945315264995552,65
2023-01-12T10:35:00+00:00,1.0945315264995552,1.0945742635165299,1.0944689280392523,1.094469584528388,370
2023-01-12T10:40:00+00:00,1.094469584528388,1.0945382056934034,1.0943555304586925,1.0943641924209537,63
2023-01-12T10:45:00+00:00,1.0943641924209537,1.0944155905926403,1.0942614546121239,1.0943527851768655,67
2023-01-12T10:50:00+00:00,1.0943527851768655,1.0943805784792253,1.0942984175301964,1.0943504922594889,440
2023-01-12T10:55:00+00:00,1.0943504922594889,1.0944567384520987,1.0943150857652744,1.0944070319465673,130
2023-01-12T11:00:00+00:00,1.0944070319465673,1.0944960980056535,1.0943981253910011,1.0944688565801073,83
2023-01-12T11:05:00+00:00,1.0944688565801073,1.0945962678893961,1.09443198012023,1.0945530419535363,262
2023-01-12T11:10:00+00:00,1.0945530419535363,1.0946650887660856,1.0945078897705833,1.094616352454128,376
2023-01-12T11:15:00+00:00,1.094616352454128,1.0947564711189324,1.0946160946214927,1.0946996065850023,181
2023-01-12T11:20:00+00:00,1.0946996065850023,1.094835240903742,1.094653817989401,1.094782535899928,416
2023-01-12T11:25:00+00:00,1.094782535899928,1.094914845181233,1.0947493666568986,1.0948669487560587,475
2023-01-12T11:30:00+00:00,1.0948669487560587,1.0949269848061094,1.0948618960672298,1.094900485910051,123
2023-01-12T11:35:00+00:00,1.094900485910051,1.0949469838670085,1.0948800218076944,1.0949438153675344,98
2023-01-12T11:40:00+00:00,1.0949438153675344,1.0949836820305272,1.0949040012206612,1.094932433341241,178
2023-01-12T11:45:00+00:00,1.094932433341241,1.0949617343385056,1.0948269671218829,1.0948942444161707,218
2023-01-12T11:50:00+00:00,1.0948942444161707,1.094948220252196,1.0948234969386499,1.0948742612565294,186
2023-01-12T11:55:00+00:00,1.0948742612565294,1.0948759120694327,1.0947975548781987,1.0948240766747823,266
2023-01-12T12:00:00+00:00,1.0948240766747823,1.0948439112697241,1.0947860401916814,1.0947943571630232,432
2023-01-12T12:05:00+00:00,1.0947943571630232,1.0948353115774492,1.0946133617966871,1.0946408143924395,74
2023-01-12T12:10:00+00:00,1.0946408143924395,1.0948379998328273,1.0945701491404591,1.0947038992825298,477
2023-01-12T12:15:00+00:00,1.0947038992825298,1.0947242750485946,1.0946753520001657,1.0947160255835209,215
2023-01-12T12:20:00+00:00,1.0947160255835209,1.0948135048147491,1.094695836262348,1.0948092957768154,495
2023-01-12T12:25:00+00:00,1.0948092957768154,1.094836102121688,1.0947111123699291,1.0947709932309464,281
2023-01-12T12:30:00+00:00,1.0947709932309464,1.0948632472437922,1.0947666669174319,1.0948607278029556,431
2023-01-12T12:35:00+00:00,1.0948607278029556,1.094964165287263,1.094776639385885,1.094948504703642,222
2023-01-12T12:40:00+00:00,1.094948504703642,1.0950386333691697,1.0948593546407401,1.0948623653330847,299
2023-01-12T12:45:00+00:00,1.0948623653330847,1.0950169255504314,1.0948076931724608,1.0950093169809072,99
2023-01-12T12:50:00+00:00,1.0950093169809072,1.0950491538317502,1.0949572314120826,1.0949751570700728,237
2023-01-12T12:55:00+00:00,1.0949751570700728,1.0949853142307566,1.0949685737808457,1.094973627947643,328
2023-01-12T13:00:00+00:00,1.094973627947643,1.0950414184761597,1.0949502202688077,1.0950158443605493,331
2023-01-12T13:05:00+00:00,1.0950158443605493,1.0950340659734086,1.0949905723988962,1.0950280315105987,227
2023-01-12T13:10:00+00:00,1.0950280315105987,1.0950781570604444,1.0949792116896093,1.0949999207744443,493
2023-01-12T13:15:00+00:00,1.0949999207744443,1.0950311717221188,1.0949929482494851,1.0949985685271661,469
2023-01-12T13:20:00+00:00,1.0949985685271661,1.0953353903559566,1.0949660737428326,1.0952701810131524,163
2023-01-12T13:25:00+00:00,1.0952701810131524,1.0954215653024209,1.0952373426050002,1.0954161712743498,431
2023-01-12T13:30:00+00:00,1.0954161712743498,1.0954699987713559,1.0952948337190624,1.0953522082033185,318
2023-01-12T13:35:00+00:00,1.0953522082033185,1.095542531053074,1.0953342485326771,1.0954834865478726,326
2023-01-12T13:40:00+00:00,1.0954834865478726,1.0956295532506946,1.0954359613346756,1.095509214405702,101
2023-01-12T13:45:00+00:00,1.095509214405702,1.0955392755450835,1.095431903281636,1.0954962021802963,489
2023-01-12T13:50:00+00:00,1.0954962021802963,1.0955612889516804,1.0953844642313102,1.0953846634628364,362
2023-01-12T13:55:00+00:00,1.0953846634628364,1.0954145130144612,1.0953251992974558,1.0953406416635034,75
2023-01-12T14:00:00+00:00,1.0953406416635034,1.0955622774266116,1.0953096744950979,1.0955312523221052,265
2023-01-12T14:05:00+00:00,1.0955312523221052,1.09574203638234,1.0954964733737111,1.0956979226353476,119
2023-01-12T14:10:00+00:00,1.0956979226353476,1.0957394790679358,1.095617867284647,1.0956878323308608,392
2023-01-12T14:15:00+00:00,1.0956878323308608,1.0957894265392298,1.0955829709264673,1.0957466805121943,363
2023-01-12T14:20:00+00:00,1.0957466805121943,1.095757033912126,1.0957229992933093,1.0957238921534362,296
2023-01-12T14:25:00+00:00,1.0957238921534362,1.0957612774056353,1.095605466558715,1.09568185070747,463
2023-01-12T14:30:00+00:00,1.09568185070747,1.0959232489715172,1.0956589985912466,1.0959028446077004,264
2023-01-12T14:35:00+00:00,1.0959028446077004,1.0959599282388333,1.0958821095732507,1.0959345408913697,477
2023-01-12T14:40:00+00:00,1.0959345408913697,1.0959634638224935,1.0958765519341584,1.0959026621399328,255
2023-01-12T14:45:00+00:00,1.0959026621399328,1.095961219718198,1.0958332930792742,1.095890736510242,394
2023-01-12T14:50:00+00:00,1.095890736510242,1.0959868989902013,1.0958510526954854,1.0959427459201452,55
2023-01-12T14:55:00+00:00,1.0959427459201452,1.0959823385613692,1.0957793057621732,1.0958252267168516,318
2023-01-12T15:00:00+00:00,1.0958252267168516,1.095959429026483,1.0957529477470827,1.0959171390255362,202
2023-01-12T15:05:00+00:00,1.0959171390255362,1.09596765982724,1.0958610387278802,1.095940289965481,362
2023-01-12T15:10:00+00:00,1.095940289965481,1.0959456931013187,1.0958039950457477,1.0959128936336686,224
2023-01-12T15:15:00+00:00,1.0959128936336686,1.0959994149758434,1.0958054201385221,1.0958916858335244,70
2023-01-12T15:20:00+00:00,1.0958916858335244,1.0959630389355546,1.0957271706105787,1.0957697148678132,349
2023-01-12T15:25:00+00:00,1.0957697148678132,1.0958685824721432,1.095701167349976,1.0958300275124255,493
2023-01-12T15:30:00+00:00,1.0958300275124255,1.0959501477213371,1.0958263265736314,1.0958691315195306,424
2023-01-12T15:35:00+00:00,1.0958691315195306,1.0959617422328305,1.0958282673768738,1.0959078935843252,235
2023-01-12T15:40:00+00:00,1.0959078935843252,1.0960155812743126,1.0958301796783754,1.095918338863099,271
2023-01-12T15:45:00+00:00,1.095918338863099,1.095987361438423,1.0958846565811184,1.095924537185656,492
2023-01-12T15:50:00+00:00,1.095924537185656,1.0960410326288907,1.0959126007585307,1.095945681716984,377
2023-01-12T15:55:00+00:00,1.095945681716984,1.0959977778863765,1.0957726230136644,1.0957751859606337,478
2023-01-12T16:00:00+00:00,1.0957751859606337,1.0958234812424186,1.0956964335546004,1.095776520792996,298
2023-01-12T16:05:00+00:00,1.095776520792996,1.095791365076063,1.0957181371215325,1.095788701553076,352
2023-01-12T16:10:00+00:00,1.095788701553076,1.0958045887535466,1.095639578268365,1.0957331116151345,299
2023-01-12T16:15:00+00:00,1.0957331116151345,1.0958215735475012,1.0956970429285224,1.0957324994759632,242
2023-01-12T16:20:00+00:00,1.0957324994759632,1.0957952629798462,1.0956003985435823,1.095607659941304,105
2023-01-12T16:25:00+00:00,1.095607659941304,1.0956825537328099,1.095541442770459,1.0955891985601078,100
2023-01-12T16:30:00+00:00,1.0955891985601078,1.0956006342410174,1.095551395174866,1.0955555592671975,394
2023-01-12T16:35:00+00:00,1.0955555592671975,1.095572767277746,1.0954162774494662,1.0954821040245775,467
2023-01-12T16:40:00+00:00,1.0954821040245775,1.095533228875533,1.0953297115563185,1.0953802726189656,486
2023-01-12T16:45:00+00:00,1.0953802726189656,1.095594353672179,1.0953559123953145,1.0954976040800815,69
2023-01-12T16:50:00+00:00,1.0954976040800815,1.0956694474123185,1.0954375100328715,1.0956358387168033,392
2023-01-12T16:55:00+00:00,1.0956358387168033,1.0956650658591356,1.095518722987426,1.0955377691835837,142
2023-01-12T17:00:00+00:00,1.0955377691835837,1.0957489848830453,1.095446208378907,1.0957307314127767,460
2023-01-12T17:05:00+00:00,1.0957307314127767,1.0958917691466152,1.0957209378856065,1.0958374198323275,179
2023-01-12T17:10:00+00:00,1.0958374198323275,1.095896244728961,1.095685024552586,1.0957628770196934,191
2023-01-12T17:15:00+00:00,1.0957628770196934,1.095945726542029,1.095757669320989,1.0959309693022197,284
2023-01-12T17:20:00+00:00,1.0959309693022197,1.0959983407075147,1.0958937457702604,1.095897197519434,335
2023-01-12T17:25:00+00:00,1.095897197519434,1.0959054042315992,1.095789698582161,1.095852108772697,214
2023-01-12T17:30:00+00:00,1.095852108772697,1.0959356219784047,1.0958402795521045,1.0958462204524198,305
2023-01-12T17:35:00+00:00,1.0958462204524198,1.0958742058817805,1.0957645936869598,1.0957999117676662,365
2023-01-12T17:40:00+00:00,1.0957999117676662,1.0958214282032763,1.0956186769241283,1.0956613018633556,206
2023-01-12T17:45:00+00:00,1.0956613018633556,1.0957256355351344,1.0956008402704962,1.0956483879568488,377
2023-01-12T17:50:00+00:00,1.0956483879568488,1.0956871926819765,1.0955038357095785,1.0955576249612597,153
2023-01-12T17:55:00+00:00,1.0955576249612597,1.095564845191334,1.0953781586049511,1.0954562133636168,229
2023-01-12T18:00:00+00:00,1.0954562133636168,1.0955020522207044,1.095394531430824,1.0954135092903228,136
2023-01-12T18:05:00+00:00,1.0954135092903228,1.0954621894516365,1.0953916953952514,1.0954514587488868,347
2023-01-12T18:10:00+00:00,1.0954514587488868,1.0955066064459982,1.0953918667131048,1.0954181092538973,336
2023-01-12T18:15:00+00:00,1.0954181092538973,1.095467032336194,1.095355762735572,1.0953677536595936,406
2023-01-12T18:20:00+00:00,1.0953677536595936,1.0954113085700774,1.095341289946756,1.095401142603507,389
2023-01-12T18:25:00+00:00,1.095401142603507,1.0954334263776329,1.0952086389546114,1.0952306867658061,416
2023-01-12T18:30:00+00:00,1.0952306867658061,1.0952701122017083,1.0951594160041782,1.0951924878529147,482
2023-01-12T18:35:00+00:00,1.0951924878529147,1.0953412739806,1.0951674750857696,1.0952529573127376,458
2023-01-12T18:40:00+00:00,1.0952529573127376,1.0953154699527778,1.0950583415310897,1.0952265631053504,276
2023-01-12T18:45:00+00:00,1.0952265631053504,1.0953986574123584,1.0951932142662912,1.0953813649219404,129
2023-01-12T18:50:00+00:00,1.0953813649219404,1.095416108152297,1.0952570110702948,1.0953515918186663,162
2023-01-12T18:55:00+00:00,1.0953515918186663,1.095359799408781,1.0953158322784828,1.0953587547225465,381
2023-01-12T19:00:00+00:00,1.0953587547225465,1.0954035436301703,1.095321300946921,1.0953775855266297,489
2023-01-12T19:05:00+00:00,1.0953775855266297,1.0956500675858292,1.0953157641707834,1.0955774261592135,262
2023-01-12T19:10:00+00:00,1.0955774261592135,1.0956395182512255,1.095299044648999,1.0953104344310258,315
2023-01-12T19:15:00+00:00,1.0953104344310258,1.0954217128113168,1.095276247976707,1.0953603483957621,248
2023-01-12T19:20:00+00:00,1.0953603483957621,1.095438649667264,1.0952701431137555,1.0953597479526744,184
2023-01-12T19:25:00+00:00,1.0953597479526744,1.0954029938758998,1.0953253966771312,1.0953453120073748,170
2023-01-12T19:30:00+00:00,1.0953453120073748,1.095387815840172,1.0952892070647238,1.095315154488387,490
2023-01-12T19:35:00+00:00,1.095315154488387,1.0953515602584158,1.095237074109691,1.0953058871156647,457
2023-01-12T19:40:00+00:00,1.0953058871156647,1.0953121400386319,1.0951800743664906,1.0952670158226512,309
2023-01-12T19:45:00+00:00,1.0952670158226512,1.0952830307662493,1.0951924646756495,1.095252264194791,103
2023-01-12T19:50:00+00:00,1.095252264194791,1.0953562341296244,1.0952374180167492,1.0952925258338864,380
2023-01-12T19:55:00+00:00,1.0952925258338864,1.09538427374154,1.0951558244669137,1.0951694749248198,164
2023-01-12T20:00:00+00:00,1.0951694749248198,1.095183614126806,1.0950037300939557,1.0950693286648405,304
2023-01-12T20:05:00+00:00,1.0950693286648405,1.0951230756779637,1.0950594300684924,1.095107705846295,137
2023-01-12T20:10:00+00:00,1.095107705846295,1.0952036180002205,1.0950453480904352,1.0951960629767954,294
2023-01-12T20:15:00+00:00,1.0951960629767954,1.0952151104537582,1.0950392451735218,1.0950601577038657,399
2023-01-12T20:20:00+00:00,1.0950601577038657,1.0951587359874566,1.0949344498956377,1.0949406682159626,422
2023-01-12T20:25:00+00:00,1.0949406682159626,1.0950692077614912,1.0949290346566634,1.0950027402881484,270
2023-01-12T20:30:00+00:00,1.0950027402881484,1.0951174152832386,1.0949157014672786,1.0949503797042561,281
2023-01-12T20:35:00+00:00,1.0949503797042561,1.0949787525910746,1.094875591224418,1.0949474834473274,205
2023-01-12T20:40:00+00:00,1.0949474834473274,1.0950042923204684,1.0948130276002204,1.0948990411528048,123
2023-01-12T20:45:00+00:00,1.0948990411528048,1.0949133563568954,1.0946257251654452,1.094765009152878,350
2023-01-12T20:50:00+00:00,1.094765009152878,1.0947703677514966,1.0947023329907126,1.0947632580599602,233
2023-01-12T20:55:00+00:00,1.0947632580599602,1.0948368664357966,1.094639883561719,1.0946849575507218,86
2023-01-12T21:00:00+00:00,1.0946849575507218,1.094725242951405,1.094602711913903,1.0946126970243835,177
2023-01-12T21:05:00+00:00,1.0946126970243835,1.0946982011893087,1.094474759001541,1.0944856797232414,141
2023-01-12T21:10:00+00:00,1.0944856797232414,1.0945081468069187,1.094412862227277,1.094497646078573,219
2023-01-12T21:15:00+00:00,1.094497646078573,1.09460005507732,1.0943795064590385,1.094443692873108,343
2023-01-12T21:20:00+00:00,1.094443692873108,1.0945161435623847,1.0943921268577224,1.0944086987017299,292
2023-01-12T21:25:00+00:00,1.0944086987017299,1.0944382568392468,1.0943017940238544,1.0943368499924377,99
2023-01-12T21:30:00+00:00,1.0943368499924377,1.0943658172496487,1.0942855067848853,1.0943200203152772,96
2023-01-12T21:35:00+00:00,1.0943200203152772,1.094368021945612,1.0942735854312136,1.0943477773958314,166
2023-01-12T21:40:00+00:00,1.0943477773958314,1.0944058487059725,1.0942333449738724,1.094281118992263,98
2023-01-12T21:45:00+00:00,1.094281118992263,1.0943360900466237,1.0942796023054515,1.0943260522023213,360
2023-01-12T21:50:00+00:00,1.0943260522023213,1.0944465240223844,1.0943168607665035,1.0944226966105701,50
2023-01-12T21:55:00+00:00,1.0944226966105701,1.0944824645025926,1.094378022411452,1.0943919353307177,52
2023-01-12T22:00:00+00:00,1.0943919353307177,1.0944298043151137,1.0943420548127412,1.0943620903604836,241
2023-01-12T22:05:00+00:00,1.0943620903604836,1.094441278464946,1.0941689231926555,1.0942654344250846,146
2023-01-12T22:10:00+00:00,1.0942654344250846,1.0943098389147716,1.094072825144056,1.0942058884792418,99
2023-01-12T22:15:00+00:00,1.0942058884792418,1.094282513087758,1.0940804512190314,1.0941599232667458,357
2023-01-12T22:20:00+00:00,1.0941599232667458,1.094182101348528,1.0940366564277288,1.0941267318053232,445
2023-01-12T22:25:00+00:00,1.0941267318053232,1.0941974781848618,1.0941012399446721,1.09418498826453,469
2023-01-12T22:30:00+00:00,1.09418498826453,1.0942085721504131,1.0939857398658717,1.0940818816123619,456
2023-01-12T22:35:00+00:00,1.0940818816123619,1.0941663804867514,1.0939845514910365,1.094017575347441,209
2023-01-12T22:40:00+00:00,1.094017575347441,1.0940640452161872,1.093990298896635,1.0940545663847197,135
2023-01-12T22:45:00+00:00,1.0940545663847197,1.0941020822428331,1.0939245487073812,1.0939589659215112,358
2023-01-12T22:50:00+00:00,1.0939589659215112,1.0940797809943528,1.0939302267254216,1.0940227222138323,387
2023-01-12T22:55:00+00:00,1.0940227222138323,1.09414717424313,1.0940079891769967,1.0940997931511025,279
2023-01-12T23:00:00+00:00,1.0940997931511025,1.0942389595955433,1.0940653349722005,1.0942133499756772,122
2023-01-12T23:05:00+00:00,1.0942133499756772,1.0942454324261635,1.0941213170950357,1.094239323623233,146
2023-01-12T23:10:00+00:00,1.094239323623233,1.0942616397337959,1.094106783196705,1.0942476205370555,295
2023-01-12T23:15:00+00:00,1.0942476205370555,1.0943723363893292,1.0941459099468975,1.094331394028919,412
2023-01-12T23:20:00+00:00,1.094331394028919,1.0944032619740909,1.094318807668174,1.094336418304761,385
2023-01-12T23:25:00+00:00,1.094336418304761,1.0943626732738412,1.0942544986965927,1.0943097937673814,344
2023-01-12T23:30:00+00:00,1.0943097937673814,1.0943677994420489,1.094279856955343,1.0942829786592754,194
2023-01-12T23:35:00+00:00,1.0942829786592754,1.0943062813187123,1.094120891963024,1.09417015815732,151
2023-01-12T23:40:00+00:00,1.09417015815732,1.0942377751329615,1.0941020462319626,1.094142150287267,301
2023-01-12T23:45:00+00:00,1.094142150287267,1.0942113403894214,1.0941386486390339,1.0941881328376257,337
2023-01-12T23:50:00+00:00,1.0941881328376257,1.094193079952276,1.0940232293350303,1.0941110677111519,197
2023-01-12T23:55:00+00:00,1.0941110677111519,1.0941252152051075,1.094034261134284,1.0941150988110684,320
2023-01-13T00:00:00+00:00,1.0941150988110684,1.0941704190493144,1.0940257261311044,1.0941422588062444,432
2023-01-13T00:05:00+00:00,1.0941422588062444,1.0942845820075764,1.094105578287078,1.0942339108182553,378
2023-01-13T00:10:00+00:00,1.0942339108182553,1.0942483492004875,1.0940976127087685,1.094226069652655,247
2023-01-13T00:15:00+00:00,1.094226069652655,1.0943133030610248,1.0941066388788487,1.0942644816772058,76
2023-01-13T00:20:00+00:00,1.0942644816772058,1.0943886012644715,1.0942099780005778,1.0943206934663912,484
2023-01-13T00:25:00+00:00,1.0943206934663912,1.0943820963536084,1.0942773647209596,1.0943611359031578,407
2023-01-13T00:30:00+00:00,1.0943611359031578,1.0944261049864252,1.0943302365887655,1.0944164703432095,163
2023-01-13T00:35:00+00:00,1.0944164703432095,1.0944365629567467,1.0943975475825332,1.0944320087578123,154
2023-01-13T00:40:00+00:00,1.0944320087578123,1.0944339399807195,1.0943183423303786,1.0943298784521305,245
2023-01-13T00:45:00+00:00,1.0943298784521305,1.0943507344706758,1.0942423743284586,1.0943159345393956,198
2023-01-13T00:50:00+00:00,1.0943159345393956,1.0943782604128791,1.0942792136514443,1.0943771566089917,140
2023-01-13T00:55:00+00:00,1.0943771566089917,1.0944704433567338,1.094232470884354,1.0942400572236612,240
2023-01-13T01:00:00+00:00,1.0942400572236612,1.094337562625949,1.094202403407634,1.094312466094701,368
2023-01-13T01:05:00+00:00,1.094312466094701,1.0944547890525098,1.094222355073258,1.0944041627922954,266
2023-01-13T01:10:00+00:00,1.0944041627922954,1.094475448038717,1.0943176041112646,1.0943527624317257,499
2023-01-13T01:15:00+00:00,1.0943527624317257,1.0944159315680935,1.094224041258081,1.0943149334212072,259
2023-01-13T01:20:00+00:00,1.0943149334212072,1.0943631749536458,1.0942518892311548,1.0942864553450147,147
2023-01-13T01:25:00+00:00,1.0942864553450147,1.0943452871010122,1.0942335944348847,1.094321728831312,357
2023-01-13T01:30:00+00:00,1.094321728831312,1.0944512830139554,1.0942392960068845,1.0944462543980167,115
2023-01-13T01:35:00+00:00,1.0944462543980167,1.0945021063562481,1.094415917870762,1.0944836372941198,376
2023-01-13T01:40:00+00:00,1.0944836372941198,1.09454035628817,1.0944788900825957,1.0945209884716371,324
2023-01-13T01:45:00+00:00,1.0945209884716371,1.094576996487197,1.094388246476977,1.0944942226625805,181
2023-01-13T01:50:00+00:00,1.0944942226625805,1.0946398972585905,1.094480359680358,1.0946179456172758,196
2023-01-13T01:55:00+00:00,1.0946179456172758,1.0946320007811507,1.094494805754315,1.0945582373124914,105
2023-01-13T02:00:00+00:00,1.0945582373124914,1.0946156933731057,1.0945329493304323,1.094565694344831,94
2023-01-13T02:05:00+00:00,1.094565694344831,1.094620953282562,1.0945124214921949,1.0945322179328605,115
2023-01-13T02:10:00+00:00,1.0945322179328605,1.0945337583394632,1.0944886270963703,1.0945127140254096,69
2023-01-13T02:15:00+00:00,1.0945127140254096,1.094535722193163,1.0944850364176655,1.0945197977954677,440
2023-01-13T02:20:00+00:00,1.0945197977954677,1.0945373166393428,1.0944670620536892,1.0945113547918712,428
2023-01-13T02:25:00+00:00,1.0945113547918712,1.0945855086371894,1.0944586775142333,1.0945434465839474,71
2023-01-13T02:30:00+00:00,1.0945434465839474,1.0945939773574525,1.09441164533493,1.0944960895170133,421
2023-01-13T02:35:00+00:00,1.0944960895170133,1.0945229338961744,1.0944171493803427,1.0944761859052232,128
2023-01-13T02:40:00+00:00,1.0944761859052232,1.0945791046992255,1.094330707391959,1.0943716413323306,152
2023-01-13T02:45:00+00:00,1.0943716413323306,1.094385525915661,1.094328658882842,1.0943385397845942,244
2023-01-13T02:50:00+00:00,1.0943385397845942,1.094412544302362,1.094309173290169,1.0943784727632584,149
2023-01-13T02:55:00+00:00,1.0943784727632584,1.0944413204790884,1.0943099171493702,1.0944002584338501,62
2023-01-13T03:00:00+00:00,1.0944002584338501,1.0944368488199223,1.0943986313062815,1.0944231360672847,335
2023-01-13T03:05:00+00:00,1.0944231360672847,1.0945564876233334,1.0943697678296116,1.0945231333324381,212
2023-01-13T03:10:00+00:00,1.0945231333324381,1.0946654844153694,1.0944709590902377,1.0946389809837127,366
2023-01-13T03:15:00+00:00,1.0946389809837127,1.0947087347625994,1.0945601185548004,1.094693938570304,214
2023-01-13T03:20:00+00:00,1.094693938570304,1.0947141800804225,1.0946363151861067,1.0946653074058939,245
2023-01-13T03:25:00+00:00,1.0946653074058939,1.0947199978301427,1.0946649345398556,1.0947026534437614,248
2023-01-13T03:30:00+00:00,1.0947026534437614,1.0947343786939412,1.0946914390204479,1.0947093111332082,338
2023-01-13T03:35:00+00:00,1.0947093111332082,1.0948319359444743,1.09470648666674,1.094822345233077,471
2023-01-13T03:40:00+00:00,1.094822345233077,1.0949587213755902,1.0948083293529838,1.09493107081025,280
2023-01-13T03:45:00+00:00,1.09493107081025,1.0950730633976147,1.0949113803619523,1.095041932083237,301
2023-01-13T03:50:00+00:00,1.095041932083237,1.0950718355962654,1.0949335231579893,1.0949884541997743,128
2023-01-13T03:55:00+00:00,1.0949884541997743,1.0950870796213188,1.094955091170141,1.094984267250296,164
2023-01-13T04:00:00+00:00,1.094984267250296,1.0951129679722378,1.0949244051698004,1.0950568795221118,181
2023-01-13T04:05:00+00:00,1.0950568795221118,1.0952807664821265,1.0950245134189627,1.095245448177021,60
2023-01-13T04:10:00+00:00,1.095245448177021,1.095263005847026,1.0951369154178896,1.0951864829142992,500
2023-01-13T04:15:00+00:00,1.0951864829142992,1.0952453394440296,1.0951772334164258,1.0952106733962448,255
2023-01-13T04:20:00+00:00,1.0952106733962448,1.0953421443749987,1.0951973975385016,1.0952925173465566,263
2023-01-13T04:25:00+00:00,1.0952925173465566,1.0954269870570383,1.0952790670673491,1.0953737955564202,248
2023-01-13T04:30:00+00:00,1.0953737955564202,1.0953841110985234,1.0952919738894218,1.0953055241750957,321
2023-01-13T04:35:00+00:00,1.0953055241750957,1.0953150870662647,1.0952374959468145,1.0952711322992161,147
2023-01-13T04:40:00+00:00,1.0952711322992161,1.0953217830083906,1.0950853930084927,1.0950967443634403,236
2023-01-13T04:45:00+00:00,1.0950967443634403,1.0951478181495113,1.094923375094797,1.0949603089247972,441
2023-01-13T04:50:00+00:00,1.0949603089247972,1.095029813962033,1.094942830390297,1.0949830360012138,290
2023-01-13T04:55:00+00:00,1.0949830360012138,1.0951167489571987,1.0949371898718319,1.095060363594823,203
2023-01-13T05:00:00+00:00,1.095060363594823,1.0952982036335974,1.0950250573750286,1.0952278174092758,152
2023-01-13T05:05:00+00:00,1.0952278174092758,1.0952407864412788,1.0951082170725193,1.0951702105406962,130
2023-01-13T05:10:00+00:00,1.0951702105406962,1.0952693761434131,1.0949625741093922,1.0950714954772924,62
2023-01-13T05:15:00+00:00,1.0950714954772924,1.0951706221225046,1.0950251423531951,1.0951535941803894,391
2023-01-13T05:20:00+00:00,1.0951535941803894,1.0953902813089906,1.0951174432704502,1.0952636203707928,378
2023-01-13T05:25:00+00:00,1.0952636203707928,1.0953348091949087,1.095091441716971,1.0951418918655142,151
2023-01-13T05:30:00+00:00,1.0951418918655142,1.0952205331437532,1.0951396788779346,1.095185135281736,440
2023-01-13T05:35:00+00:00,1.095185135281736,1.0953581671873123,1.0951668842719544,1.0953185760717408,440
2023-01-13T05:40:00+00:00,1.0953185760717408,1.0953714532848997,1.0951683628913829,1.0952217619517781,452
2023-01-13T05:45:00+00:00,1.0952217619517781,1.0952313121927373,1.0951356084151047,1.095139766777591,491
2023-01-13T05:50:00+00:00,1.095139766777591,1.0952240191162161,1.0950419746040663,1.0951912041987262,232
2023-01-13T05:55:00+00:00,1.0951912041987262,1.095301206404058,1.095163872279128,1.095292893236073,159
2023-01-13T06:00:00+00:00,1.095292893236073,1.0953101778890348,1.095253771379855,1.0952848957007062,474
2023-01-13T06:05:00+00:00,1.0952848957007062,1.0953278278669034,1.0952236905585475,1.095238656136806,139
2023-01-13T06:10:00+00:00,1.095238656136806,1.0952610717923703,1.0951325098979403,1.095231974600885,127
2023-01-13T06:15:00+00:00,1.095231974600885,1.0952449905451997,1.0951477678398918,1.0951692363963614,366
2023-01-13T06:20:00+00:00,1.0951692363963614,1.0952037546757525,1.09503149089176,1.0950850595750259,193
2023-01-13T06:25:00+00:00,1.0950850595750259,1.0951248994292864,1.094897196598832,1.0949977535930226,108
2023-01-13T06:30:00+00:00,1.0949977535930226,1.0950218884047127,1.0948980470981429,1.0949770092705151,119
2023-01-13T06:35:00+00:00,1.0949770092705151,1.0950663448553861,1.094938339494135,1.0950250453517765,294
2023-01-13T06:40:00+00:00,1.0950250453517765,1.0950440187607657,1.0949900607811294,1.0950352077284318,275
2023-01-13T06:45:00+00:00,1.0950352077284318,1.0950624846843244,1.0948849230589608,1.0949010294482981,60
2023-01-13T06:50:00+00:00,1.0949010294482981,1.0951162500679334,1.0948059444217777,1.0950937915689334,93
2023-01-13T06:55:00+00:00,1.0950937915689334,1.0951080786939855,1.0950160279039245,1.0950283878106535,119
2023-01-13T07:00:00+00:00,1.0950283878106535,1.09508124340479,1.094924237969921,1.0949452477338986,454
2023-01-13T07:05:00+00:00,1.0949452477338986,1.0949773615556555,1.094920175658483,1.0949283320171368,374
2023-01-13T07:10:00+00:00,1.0949283320171368,1.0949995088939486,1.0948568417309343,1.09487659578795,358
2023-01-13T07:15:00+00:00,1.09487659578795,1.0949347100195048,1.0948624981766317,1.0948685185319815,368
2023-01-13T07:20:00+00:00,1.0948685185319815,1.0949683226326716,1.0948209907087052,1.0949354399645002,148
2023-01-13T07:25:00+00:00,1.0949354399645002,1.095215575106976,1.0949234980507878,1.0950743149647475,62
2023-01-13T07:30:00+00:00,1.0950743149647475,1.0950814058187524,1.0948682714825946,1.0949032533659075,206
2023-01-13T07:35:00+00:00,1.0949032533659075,1.0949384126282715,1.0947370751638543,1.094924689496214,222
2023-01-13T07:40:00+00:00,1.094924689496214,1.0950770178191376,1.0949212957925092,1.0950560822736957,91
2023-01-13T07:45:00+00:00,1.0950560822736957,1.0950623661198378,1.0949592094066076,1.0949701591013679,496
2023-01-13T07:50:00+00:00,1.0949701591013679,1.095093031586779,1.0949692101653483,1.095083501332123,244
2023-01-13T07:55:00+00:00,1.095083501332123,1.095101035391335,1.0950167271589204,1.0950702817056879,248
2023-01-13T08:00:00+00:00,1.0950702817056879,1.0952058764893027,1.0950554620309536,1.095189142943957,461
2023-01-13T08:05:00+00:00,1.095189142943957,1.0953477023309808,1.0951106925676735,1.0951232558859338,267
2023-01-13T08:10:00+00:00,1.0951232558859338,1.095148450918141,1.0949899981199915,1.095064607036568,332
2023-01-13T08:15:00+00:00,1.095064607036568,1.0950788858627547,1.0949842325550725,1.0950223120145965,92
2023-01-13T08:20:00+00:00,1.0950223120145965,1.0952361502442112,1.0949585081794124,1.0951781254968944,213
2023-01-13T08:25:00+00:00,1.0951781254968944,1.0953093288874152,1.0950968228286238,1.0952407868525056,61
2023-01-13T08:30:00+00:00,1.0952407868525056,1.0953813069818348,1.0952254063017632,1.0952972439292037,241
2023-01-13T08:35:00+00:00,1.0952972439292037,1.0953790913980401,1.0952713924792088,1.095319310149025,171
2023-01-13T08:40:00+00:00,1.095319310149025,1.0954487761634182,1.0953110977212728,1.0953505941836905,463
2023-01-13T08:45:00+00:00,1.0953505941836905,1.0954131607766733,1.095258601799604,1.0953538563432534,86
2023-01-13T08:50:00+00:00,1.0953538563432534,1.0954769856219813,1.0953154741339888,1.0954186704263922,497
2023-01-13T08:55:00+00:00,1.0954186704263922,1.0954546576322812,1.0952922478932599,1.0953568398472102,363
2023-01-13T09:00:00+00:00,1.0953568398472102,1.0955033731255848,1.0953310211660219,1.0954492514660779,91
2023-01-13T09:05:00+00:00,1.0954492514660779,1.0956089088667411,1.0953760983948249,1.0955775658944087,96
2023-01-13T09:10:00+00:00,1.0955775658944087,1.095723808271002,1.0955758661650246,1.0957216713351785,90
2023-01-13T09:15:00+00:00,1.0957216713351785,1.0958027263987131,1.0956759625700485,1.0957496144237222,148
2023-01-13T09:20:00+00:00,1.0957496144237222,1.0957545851990276,1.0956316442982805,1.0956996402589607,145
2023-01-13T09:25:00+00:00,1.0956996402589607,1.0957792184175155,1.0956782484167629,1.0956938382946353,353
2023-01-13T09:30:00+00:00,1.0956938382946353,1.095728453075505,1.0956916010648068,1.0957151169398576,140
2023-01-13T09:35:00+00:00,1.0957151169398576,1.0957644153003072,1.0957088064478027,1.0957258434236699,499
2023-01-13T09:40:00+00:00,1.0957258434236699,1.0957608461554427,1.0954969397179657,1.0955210264725452,88
2023-01-13T09:45:00+00:00,1.0955210264725452,1.0955578129364651,1.0953150400063296,1.0954049646650492,437
2023-01-13T09:50:00+00:00,1.0954049646650492,1.0954564994286635,1.0953607643070524,1.0954550000292032,357
2023-01-13T09:55:00+00:00,1.0954550000292032,1.0955159380419028,1.0953394880456424,1.095376945825096,161
2023-01-13T10:00:00+00:00,1.095376945825096,1.0954184931213629,1.095240182430256,1.0952457986416222,385
2023-01-13T10:05:00+00:00,1.0952457986416222,1.095304407725592,1.0951021495832127,1.0951502913075328,194
2023-01-13T10:10:00+00:00,1.0951502913075328,1.0951718200068419,1.0951078877387859,1.0951535457975206,425
2023-01-13T10:15:00+00:00,1.0951535457975206,1.095262220618095,1.0951224477594612,1.095184254709877,270
2023-01-13T10:20:00+00:00,1.095184254709877,1.0953468859034794,1.095182612858023,1.0953059486808159,431
2023-01-13T10:25:00+00:00,1.0953059486808159,1.0953259458235707,1.0952573195437791,1.0952962638819939,444
2023-01-13T10:30:00+00:00,1.0952962638819939,1.0953880398430296,1.095264669009913,1.095364273793958,83
2023-01-13T10:35:00+00:00,1.095364273793958,1.0954373617327389,1.0952234436954205,1.0952573892247366,213
2023-01-13T10:40:00+00:00,1.0952573892247366,1.0952824421703202,1.0950759771997531,1.095134378351122,440
2023-01-13T10:45:00+00:00,1.095134378351122,1.095211060572559,1.095130073881043,1.095148380058618,431
2023-01-13T10:50:00+00:00,1.095148380058618,1.0952517335415002,1.0951033988078505,1.0951898452280522,288
2023-01-13T10:55:00+00:00,1.0951898452280522,1.0952443682207846,1.0951595297828076,1.0952120958522502,457
2023-01-13T11:00:00+00:00,1.0952120958522502,1.095446654026094,1.0951077938151585,1.0953366192385872,281
2023-01-13T11:05:00+00:00,1.0953366192385872,1.0954248736117342,1.0952696243576607,1.095377904968884,247
2023-01-13T11:10:00+00:00,1.095377904968884,1.0953832925406204,1.0953368477388752,1.0953647834859166,495
2023-01-13T11:15:00+00:00,1.0953647834859166,1.095454939731592,1.095327504808894,1.0954208870839603,57
2023-01-13T11:20:00+00:00,1.0954208870839603,1.095457836228613,1.0952644791643429,1.0952881810340993,144
2023-01-13T11:25:00+00:00,1.0952881810340993,1.095290052646226,1.095256104368953,1.095264999471657,291
2023-01-13T11:30:00+00:00,1.095264999471657,1.095346835782651,1.0952155637419538,1.0953101577920161,205
2023-01-13T11:35:00+00:00,1.0953101577920161,1.0953705823209794,1.0952241674944316,1.09532346471589,192
2023-01-13T11:40:00+00:00,1.09532346471589,1.0953959742516128,1.0953147146718434,1.0953388070606083,486
2023-01-13T11:45:00+00:00,1.0953388070606083,1.095409582367408,1.0951459810231683,1.095257227764745,80
2023-01-13T11:50:00+00:00,1.095257227764745,1.095276079106337,1.0951619427862875,1.095236787541025,361
2023-01-13T11:55:00+00:00,1.095236787541025,1.095245741243394,1.095167282934012,1.0952027825783304,303
2023-01-13T12:00:00+00:00,1.0952027825783304,1.0952816612511085,1.095160019182323,1.09523269171242,131
2023-01-13T12:05:00+00:00,1.09523269171242,1.0952635255733971,1.095196075535708,1.095240743777884,366
2023-01-13T12:10:00+00:00,1.095240743777884,1.0952517414076068,1.0951784572233805,1.0952064181589998,421
2023-01-13T12:15:00+00:00,1.0952064181589998,1.0953096208027358,1.0951518627570773,1.0952561818602635,115
2023-01-13T12:20:00+00:00,1.0952561818602635,1.0953531509158396,1.09506353688717,1.0951137420483439,263
2023-01-13T12:25:00+00:00,1.0951137420483439,1.0951527894390614,1.0949935125135744,1.095149850140991,402
2023-01-13T12:30:00+00:00,1.095149850140991,1.0952699714254899,1.0951072655052638,1.0951691604655964,293
2023-01-13T12:35:00+00:00,1.0951691604655964,1.0953505940515367,1.095107227606988,1.095336010559734,345
2023-01-13T12:40:00+00:00,1.095336010559734,1.0954466386946458,1.0952301737700691,1.095372145312365,450
2023-01-13T12:45:00+00:00,1.095372145312365,1.0954616363993477,1.095155994640541,1.0952545699470908,167
2023-01-13T12:50:00+00:00,1.0952545699470908,1.0953207662956697,1.0952138283383153,1.095228492196151,338
2023-01-13T12:55:00+00:00,1.095228492196151,1.095238210443529,1.0951732620113446,1.0951751315308669,311
2023-01-13T13:00:00+00:00,1.0951751315308669,1.0952687997193147,1.0951488721100353,1.0952352632306825,320
2023-01-13T13:05:00+00:00,1.0952352632306825,1.0953621347091786,1.095231398741495,1.0952943178775207,422
2023-01-13T13:10:00+00:00,1.0952943178775207,1.0953486724167112,1.095272825541623,1.0952880062301946,191
2023-01-13T13:15:00+00:00,1.0952880062301946,1.0952992787502416,1.0951047599222674,1.0951509552025211,448
2023-01-13T13:20:00+00:00,1.0951509552025211,1.0952231645823527,1.095121113689331,1.0952095290054396,472
2023-01-13T13:25:00+00:00,1.0952095290054396,1.0952561744955744,1.0951149780287346,1.0951591423406988,451
2023-01-13T13:30:00+00:00,1.0951591423406988,1.09520260969381,1.0950837570504997,1.0951515942383154,324
2023-01-13T13:35:00+00:00,1.0951515942383154,1.0951797539736239,1.0950572199019941,1.0951439948734558,146
2023-01-13T13:40:00+00:00,1.0951439948734558,1.0952683262099072,1.0950848534195614,1.095250616589419,426
2023-01-13T13:45:00+00:00,1.095250616589419,1.0953879573487504,1.0952102899853349,1.0953423478565094,308
2023-01-13T13:50:00+00:00,1.0953423478565094,1.0954289470641194,1.095234379056972,1.0953161583032465,55
2023-01-13T13:55:00+00:00,1.0953161583032465,1.095397461876192,1.0952838972090284,1.0953873866497106,201
2023-01-13T14:00:00+00:00,1.0953873866497106,1.0955160548533436,1.0953858141937318,1.0955045679931417,288
2023-01-13T14:05:00+00:00,1.0955045679931417,1.0955299791427842,1.0953193374538628,1.0954747371209437,278
2023-01-13T14:10:00+00:00,1.0954747371209437,1.0955199957088715,1.0953355426999478,1.095405593517355,105
2023-01-13T14:15:00+00:00,1.095405593517355,1.095456482552315,1.095311768250322,1.095333071174621,151
2023-01-13T14:20:00+00:00,1.095333071174621,1.0953859631600693,1.0952980479043746,1.0953116955338424,58
2023-01-13T14:25:00+00:00,1.0953116955338424,1.0954215949849166,1.0952410664781818,1.095349996259679,332
2023-01-13T14:30:00+00:00,1.095349996259679,1.0953539601686435,1.095284848908366,1.0953086841456101,63
2023-01-13T14:35:00+00:00,1.0953086841456101,1.095358398166594,1.0951913987088917,1.095243604526117,252
2023-01-13T14:40:00+00:00,1.095243604526117,1.095356232576618,1.0952388552484007,1.0952942605668916,215
2023-01-13T14:45:00+00:00,1.0952942605668916,1.0953536573193134,1.0951560801903955,1.0951820572567381,311
2023-01-13T14:50:00+00:00,1.0951820572567381,1.0953312552263128,1.0951697771438638,1.0953039306572032,84
2023-01-13T14:55:00+00:00,1.0953039306572032,1.095342629993078,1.0952860447969086,1.095327816750682,133
2023-01-13T15:00:00+00:00,1.095327816750682,1.095398191173016,1.095323896485208,1.0953847444434333,223
2023-01-13T15:05:00+00:00,1.0953847444434333,1.09542478498782,1.0951506321829199,1.0951730258091368,85
2023-01-13T15:10:00+00:00,1.0951730258091368,1.0951759995439776,1.0950044020193794,1.0950751913458117,252
2023-01-13T15:15:00+00:00,1.0950751913458117,1.0950966923444332,1.0950007128849029,1.0950599509759311,95
2023-01-13T15:20:00+00:00,1.0950599509759311,1.0951469061267836,1.0949774863919983,1.095096757740823,183
2023-01-13T15:25:00+00:00,1.095096757740823,1.0952183279775816,1.095079874555111,1.0952159139043245,399
2023-01-13T15:30:00+00:00,1.0952159139043245,1.0952217350813873,1.0951741170581073,1.0951938164834345,71
2023-01-13T15:35:00+00:00,1.0951938164834345,1.095275165297077,1.095126478946967,1.0951485554947435,128
2023-01-13T15:40:00+00:00,1.0951485554947435,1.095200476953011,1.0951276275656696,1.0951927894572675,374
2023-01-13T15:45:00+00:00,1.0951927894572675,1.0952717810666264,1.0951841413207122,1.0952670453066249,441
2023-01-13T15:50:00+00:00,1.0952670453066249,1.0952776160839708,1.0952538331802857,1.095265208415403,84
2023-01-13T15:55:00+00:00,1.095265208415403,1.095329836071746,1.0951702147614177,1.0951868646128284,156
2023-01-13T16:00:00+00:00,1.0951868646128284,1.0952589422622028,1.0951748785669422,1.0952012763856787,238
2023-01-13T16:05:00+00:00,1.0952012763856787,1.0953241749293916,1.0951958773656458,1.0952303539204127,253
2023-01-13T16:10:00+00:00,1.0952303539204127,1.0953160965116393,1.0951592292765069,1.0952558013635187,194
2023-01-13T16:15:00+00:00,1.0952558013635187,1.095260553858852,1.0951429734810936,1.0951911589530454,248
2023-01-13T16:20:00+00:00,1.0951911589530454,1.0952507386100918,1.0951559655523608,1.0952224263905652,217
2023-01-13T16:25:00+00:00,1.0952224263905652,1.0952624359534116,1.0951498379365938,1.095179710006572,383
2023-01-13T16:30:00+00:00,1.095179710006572,1.0951915039398752,1.0951200989180343,1.0951779093180074,312
2023-01-13T16:35:00+00:00,1.0951779093180074,1.0951821528917092,1.0950765707060424,1.0951101337860096,107
2023-01-13T16:40:00+00:00,1.0951101337860096,1.0952756283791376,1.0951055378392287,1.0952522457857106,152
2023-01-13T16:45:00+00:00,1.0952522457857106,1.0952572443735764,1.0950105546482771,1.095091969721971,202
2023-01-13T16:50:00+00:00,1.095091969721971,1.095219022881038,1.0950221225554255,1.0951540776031856,234
2023-01-13T16:55:00+00:00,1.0951540776031856,1.0952244521738537,1.0950437618766609,1.0950600599559581,167
2023-01-13T17:00:00+00:00,1.0950600599559581,1.0951024115489116,1.0949099129012254,1.0949107895372674,208
2023-01-13T17:05:00+00:00,1.0949107895372674,1.0951027285464494,1.0949034918098088,1.0950089500803195,490
2023-01-13T17:10:00+00:00,1.0950089500803195,1.095059792456492,1.0949490627651886,1.09496403988438,284
2023-01-13T17:15:00+00:00,1.09496403988438,1.095031561055143,1.0948344194669282,1.0948411320604678,134
2023-01-13T17:20:00+00:00,1.0948411320604678,1.0949513118013348,1.0947680603823258,1.0949240159436209,391
2023-01-13T17:25:00+00:00,1.0949240159436209,1.09494762152385,1.094815624538788,1.0948451426629642,365
2023-01-13T17:30:00+00:00,1.0948451426629642,1.0948497883456958,1.094829430307044,1.0948490621989326,55
2023-01-13T17:35:00+00:00,1.0948490621989326,1.094965490459845,1.0948112069259457,1.0948565194584807,205
2023-01-13T17:40:00+00:00,1.0948565194584807,1.0948838498445206,1.0947154312491016,1.0947373781250394,238
2023-01-13T17:45:00+00:00,1.0947373781250394,1.0947444135944837,1.0946993465351176,1.094731110635999,266
2023-01-13T17:50:00+00:00,1.094731110635999,1.0947793444370046,1.0947159849067936,1.0947296184110826,202
2023-01-13T17:55:00+00:00,1.0947296184110826,1.0948602183745155,1.0946235437334344,1.0948465174898905,204
2023-01-13T18:00:00+00:00,1.0948465174898905,1.0949475150128287,1.0947162566302022,1.094904540266767,154
2023-01-13T18:05:00+00:00,1.094904540266767,1.0949563090811665,1.0947636863126196,1.0948124997966708,399
2023-01-13T18:10:00+00:00,1.0948124997966708,1.0949580474617893,1.0947843076663388,1.0948587222395798,107
2023-01-13T18:15:00+00:00,1.0948587222395798,1.0948900794379028,1.0948218272038868,1.09484066426225,495
2023-01-13T18:20:00+00:00,1.09484066426225,1.0949867558228823,1.0948391171293992,1.094936330231841,338
2023-01-13T18:25:00+00:00,1.094936330231841,1.0950361235384092,1.094926029762462,1.0949557046744731,128
2023-01-13T18:30:00+00:00,1.0949557046744731,1.0950246589970671,1.094945827544354,1.0949755031608823,271
2023-01-13T18:35:00+00:00,1.0949755031608823,1.095018265743768,1.0949303887018889,1.0949932970405862,56
2023-01-13T18:40:00+00:00,1.0949932970405862,1.0950002568545496,1.0948954546178313,1.0949744918884814,193
2023-01-13T18:45:00+00:00,1.0949744918884814,1.0950496703560555,1.0948973529401325,1.095029813670748,153
2023-01-13T18:50:00+00:00,1.095029813670748,1.095048510630139,1.095015867922307,1.0950379807847368,170
2023-01-13T18:55:00+00:00,1.0950379807847368,1.0952348516355077,1.0949532765871013,1.0952011147491703,382
2023-01-13T19:00:00+00:00,1.0952011147491703,1.0953202291998174,1.0951612718730417,1.0953026155587513,409
2023-01-13T19:05:00+00:00,1.0953026155587513,1.0953388078190116,1.0952223796287541,1.0952249930056313,484
2023-01-13T19:10:00+00:00,1.0952249930056313,1.0952660327949753,1.0951837252792034,1.0952243719910777,470
2023-01-13T19:15:00+00:00,1.0952243719910777,1.0952966772181718,1.095219223859439,1.0952672068870062,387
2023-01-13T19:20:00+00:00,1.0952672068870062,1.0954212601733928,1.0952246694550043,1.0953747041837516,377
2023-01-13T19:25:00+00:00,1.0953747041837516,1.095392365620053,1.095333973912616,1.0953593441826972,255
2023-01-13T19:30:00+00:00,1.0953593441826972,1.0954624730913105,1.0951996209692496,1.095202689228865,394
2023-01-13T19:35:00+00:00,1.095202689228865,1.095203298103816,1.0951018017619871,1.0951602035692658,327
2023-01-13T19:40:00+00:00,1.0951602035692658,1.0952300168275293,1.094959150127172,1.0949918586797496,120
2023-01-13T19:45:00+00:00,1.0949918586797496,1.0950493467967497,1.09495096652703,1.095025918666207,288
2023-01-13T19:50:00+00:00,1.095025918666207,1.0950448663961228,1.0948890183583841,1.0949335227294668,225
2023-01-13T19:55:00+00:00,1.0949335227294668,1.0950325410832193,1.0947798733663199,1.0947838279144044,370
2023-01-13T20:00:00+00:00,1.0947838279144044,1.0948672402104251,1.094728289897815,1.0948311073922146,485
2023-01-13T20:05:00+00:00,1.0948311073922146,1.0948393703065202,1.0947095364236021,1.0947356717700554,467
2023-01-13T20:10:00+00:00,1.0947356717700554,1.0948673612995314,1.0946616142804573,1.0947773287460414,500
2023-01-13T20:15:00+00:00,1.0947773287460414,1.0949151096554879,1.0947391941011306,1.0948701058736503,71
2023-01-13T20:20:00+00:00,1.0948701058736503,1.0948781330874973,1.0947667664734348,1.0947686401420542,134
2023-01-13T20:25:00+00:00,1.0947686401420542,1.094877125127079,1.0946929024675802,1.094872222154799,453
2023-01-13T20:30:00+00:00,1.094872222154799,1.094893691899912,1.094844244146241,1.0948544007476961,330
2023-01-13T20:35:00+00:00,1.0948544007476961,1.0949105328045192,1.0946914604709874,1.094714947806313,469
2023-01-13T20:40:00+00:00,1.094714947806313,1.094755861460416,1.0946353035775434,1.0946353868352885,104
2023-01-13T20:45:00+00:00,1.0946353868352885,1.094646263533553,1.0944447592297106,1.0945157835052948,129
2023-01-13T20:50:00+00:00,1.0945157835052948,1.0946957904840793,1.0945151310658676,1.094604152482301,456
2023-01-13T20:55:00+00:00,1.094604152482301,1.0946972066886453,1.0945869467581661,1.0946091752563565,303
2023-01-13T21:00:00+00:00,1.0946091752563565,1.0946459701321936,1.0945737826003117,1.094630722494657,257
2023-01-13T21:05:00+00:00,1.094630722494657,1.0946418930948028,1.094582442232287,1.0946148312272024,376
2023-01-13T21:10:00+00:00,1.0946148312272024,1.0947902622537142,1.0946023999864134,1.0947379204664762,111
2023-01-13T21:15:00+00:00,1.0947379204664762,1.0947683201022822,1.0946475459812786,1.094743344435972,398
2023-01-13T21:20:00+00:00,1.094743344435972,1.0948174981931644,1.0946934576991596,1.0948009318270506,233
2023-01-13T21:25:00+00:00,1.0948009318270506,1.094804775765437,1.0947718297869702,1.0947780223320278,355
2023-01-13T21:30:00+00:00,1.0947780223320278,1.0948251057652811,1.0947422442977794,1.0947558970546167,351
2023-01-13T21:35:00+00:00,1.0947558970546167,1.0949022528325107,1.0947215145567144,1.0948401227866238,353
2023-01-13T21:40:00+00:00,1.0948401227866238,1.0949475246303444,1.0947970987115698,1.0949324044319961,65
2023-01-13T21:45:00+00:00,1.0949324044319961,1.094950740115165,1.0948757986667605,1.0949486826946142,458
2023-01-13T21:50:00+00:00,1.0949486826946142,1.0949901967313236,1.0948146369212963,1.094876983488247,367
2023-01-13T21:55:00+00:00,1.094876983488247,1.0950393226459794,1.0947938032779476,1.0949500326332555,400
2023-01-13T22:00:00+00:00,1.0949500326332555,1.0949507489341408,1.094877589821954,1.0949336997589638,94
2023-01-13T22:05:00+00:00,1.0949336997589638,1.0950202761403682,1.0949238513214672,1.0949584181153529,92
2023-01-13T22:10:00+00:00,1.0949584181153529,1.0950594351282361,1.0949433419623724,1.0949652496650906,244
2023-01-13T22:15:00+00:00,1.0949652496650906,1.0949654709858798,1.0949044389258091,1.0949416036063522,290
2023-01-13T22:20:00+00:00,1.0949416036063522,1.0950205822118766,1.0949249249667001,1.0950113632282263,160
2023-01-13T22:25:00+00:00,1.0950113632282263,1.0950282353574063,1.0948443598483901,1.0948589946518896,400
2023-01-13T22:30:00+00:00,1.0948589946518896,1.095043709003074,1.094836452481765,1.0949717692994088,277
2023-01-13T22:35:00+00:00,1.0949717692994088,1.0950004550056418,1.0947771055673108,1.0947904063411305,190
2023-01-13T22:40:00+00:00,1.0947904063411305,1.0948372605837586,1.094702133863996,1.0947670100283238,74
2023-01-13T22:45:00+00:00,1.0947670100283238,1.0947675137027995,1.094691555488823,1.094716569163224,314
2023-01-13T22:50:00+00:00,1.094716569163224,1.0947225965884995,1.0945387513731546,1.094546775760095,198
2023-01-13T22:55:00+00:00,1.094546775760095,1.0946376143684358,1.0945154735786162,1.09459516228069,401
2023-01-13T23:00:00+00:00,1.09459516228069,1.094762242041352,1.0945770277963087,1.09468349237573,52
2023-01-13T23:05:00+00:00,1.09468349237573,1.0948363561420804,1.094629768536265,1.0947736104994301,384
2023-01-13T23:10:00+00:00,1.0947736104994301,1.09493830430101,1.094743051019063,1.0948901283142274,224
2023-01-13T23:15:00+00:00,1.0948901283142274,1.094950368117134,1.0948406396038795,1.0949064244050286,302
2023-01-13T23:20:00+00:00,1.0949064244050286,1.094974196362981,1.0948729006856006,1.094920449464438,101
2023-01-13T23:25:00+00:00,1.094920449464438,1.0949340738339801,1.0947321871243936,1.0947550385718932,359
2023-01-13T23:30:00+00:00,1.0947550385718932,1.0947756674709128,1.0946263590245082,1.09467820118174,60
2023-01-13T23:35:00+00:00,1.09467820118174,1.0948003619247635,1.094575061253839,1.0947727780796037,238
2023-01-13T23:40:00+00:00,1.0947727780796037,1.094790545369039,1.094710245845055,1.094750127211024,335
2023-01-13T23:45:00+00:00,1.094750127211024,1.0947687742370917,1.0947323532407878,1.09476325091669,94
2023-01-13T23:50:00+00:00,1.09476325091669,1.0948847052899897,1.094718380753959,1.0947500833113752,174
2023-01-13T23:55:00+00:00,1.0947500833113752,1.0949007456234872,1.0946935709225343,1.0948157460803805,111
2023-01-14T00:00:00+00:00,1.0948157460803805,1.0948550334766853,1.094802952532354,1.0948518263091513,387
2023-01-14T00:05:00+00:00,1.0948518263091513,1.0949514195983434,1.0948507695915617,1.0949030930578172,184
2023-01-14T00:10:00+00:00,1.0949030930578172,1.094921513562715,1.094658176788479,1.0946948686975218,109
2023-01-14T00:15:00+00:00,1.0946948686975218,1.0947286955928182,1.0945961459649924,1.0946094570744596,125
2023-01-14T00:20:00+00:00,1.0946094570744596,1.0946882003976148,1.094533395945896,1.094570685040805,311
2023-01-14T00:25:00+00:00,1.094570685040805,1.0946278576682997,1.0945469247709967,1.0946220605506978,390
2023-01-14T00:30:00+00:00,1.0946220605506978,1.094683241363034,1.094584677873202,1.0946147211085107,213
2023-01-14T00:35:00+00:00,1.0946147211085107,1.0948423882522709,1.0945673050719873,1.0947551916641283,460
2023-01-14T00:40:00+00:00,1.0947551916641283,1.0948563961532445,1.0947208046995829,1.094784473698013,138
2023-01-14T00:45:00+00:00,1.094784473698013,1.0948484610031564,1.0947385921902684,1.0947944956430602,327
2023-01-14T00:50:00+00:00,1.0947944956430602,1.0948312016355761,1.0947453375045764,1.0948163248559226,124
2023-01-14T00:55:00+00:00,1.0948163248559226,1.0948283927093687,1.094667364986152,1.0946817332545615,312
2023-01-14T01:00:00+00:00,1.0946817332545615,1.0947164283005633,1.094645889660092,1.0947151932579215,261
2023-01-14T01:05:00+00:00,1.0947151932579215,1.0948395907640687,1.094675152091401,1.0948142606283386,165
2023-01-14T01:10:00+00:00,1.0948142606283386,1.094900231406761,1.0948140400366837,1.0948551731655751,214
2023-01-14T01:15:00+00:00,1.0948551731655751,1.0948574386533922,1.0948223223927172,1.094833947503459,393
2023-01-14T01:20:00+00:00,1.094833947503459,1.0948817892320442,1.0947345769547518,1.0948250246742248,165
2023-01-14T01:25:00+00:00,1.0948250246742248,1.0948749115123806,1.0947989303061456,1.094874683363211,364
2023-01-14T01:30:00+00:00,1.094874683363211,1.094986515445165,1.0947903070584448,1.0949678540329593,375
2023-01-14T01:35:00+00:00,1.0949678540329593,1.095097364927375,1.094911410127241,1.0950601790285526,197
2023-01-14T01:40:00+00:00,1.0950601790285526,1.0950605347439883,1.0949889709570297,1.095031047211317,337
2023-01-14T01:45:00+00:00,1.095031047211317,1.0951218338725885,1.0949311448490733,1.0949847148632168,124
2023-01-14T01:50:00+00:00,1.0949847148632168,1.0950045873930117,1.0949777624307067,1.0949904578368932,382
2023-01-14T01:55:00+00:00,1.0949904578368932,1.0950959127692719,1.0948859064760113,1.0950569222139706,205
2023-01-14T02:00:00+00:00,1.0950569222139706,1.0951740862381718,1.0949709587825198,1.0951156943263036,290
2023-01-14T02:05:00+00:00,1.0951156943263036,1.0951649587496204,1.0950382385239494,1.0950417857318497,496
2023-01-14T02:10:00+00:00,1.0950417857318497,1.0951576297659678,1.094971428914938,1.0951011790305616,356
2023-01-14T02:15:00+00:00,1.0951011790305616,1.0951358278855572,1.0950035497523676,1.0950589202947976,290
2023-01-14T02:20:00+00:00,1.0950589202947976,1.095124402501313,1.0949366314506697,1.09499756506809,365
2023-01-14T02:25:00+00:00,1.09499756506809,1.0950233841254613,1.0949567590012295,1.0949847307284628,187
2023-01-14T02:30:00+00:00,1.0949847307284628,1.0951774783189558,1.094954920534415,1.0951365092061414,215
2023-01-14T02:35:00+00:00,1.0951365092061414,1.0951904430072235,1.0950712421187117,1.0951068071404375,228
2023-01-14T02:40:00+00:00,1.0951068071404375,1.0951663438363273,1.0950685902901482,1.0951607008217858,192
2023-01-14T02:45:00+00:00,1.0951607008217858,1.095271145020227,1.0951083948575442,1.0952665618006563,387
2023-01-14T02:50:00+00:00,1.0952665618006563,1.0953744645510675,1.0952458808087187,1.0953106679649216,402
2023-01-14T02:55:00+00:00,1.0953106679649216,1.0953319395633123,1.0950997621044423,1.0951729531644772,235
2023-01-14T03:00:00+00:00,1.0951729531644772,1.0952346536043922,1.0951360683410813,1.0951517966789739,316
2023-01-14T03:05:00+00:00,1.0951517966789739,1.095276970048833,1.095080618450128,1.095239805810075,498
2023-01-14T03:10:00+00:00,1.095239805810075,1.0952761996864109,1.095168954434267,1.095226748520324,222
2023-01-14T03:15:00+00:00,1.095226748520324,1.0952562217765691,1.0950977615128992,1.0951636745538564,304
2023-01-14T03:20:00+00:00,1.0951636745538564,1.0951989229940315,1.095085873838667,1.0951097428938747,285
2023-01-14T03:25:00+00:00,1.0951097428938747,1.0951370962116924,1.0949238815390492,1.094930431880745,360
2023-01-14T03:30:00+00:00,1.094930431880745,1.094981258185138,1.094885272987837,1.094969983816743,251
2023-01-14T03:35:00+00:00,1.094969983816743,1.0950756488317523,1.0949693196455978,1.0950432983808944,180
2023-01-14T03:40:00+00:00,1.0950432983808944,1.09514909606637,1.0949772234416173,1.09512496386809,191
2023-01-14T03:45:00+00:00,1.09512496386809,1.0951770656735555,1.0951177008608692,1.0951213465747198,186
2023-01-14T03:50:00+00:00,1.0951213465747198,1.0952206679282441,1.0950545398041596,1.0952040308300288,293
2023-01-14T03:55:00+00:00,1.0952040308300288,1.0952440352138098,1.0951774814587145,1.0951941484216485,121
2023-01-14T04:00:00+00:00,1.0951941484216485,1.095271373755564,1.0951888457179424,1.0952283926969897,483
2023-01-14T04:05:00+00:00,1.0952283926969897,1.0952499474626751,1.0951952640767704,1.0952054533327762,324
2023-01-14T04:10:00+00:00,1.0952054533327762,1.0952923861482977,1.0951237145207209,1.0951917529468806,154
2023-01-14T04:15:00+00:00,1.0951917529468806,1.0952629257333701,1.0951211486581323,1.0951393928792599,80
2023-01-14T04:20:00+00:00,1.0951393928792599,1.0952171373958972,1.095110792318203,1.0952143288255658,270
2023-01-14T04:25:00+00:00,1.0952143288255658,1.0952163939167698,1.0951361736679728,1.0951713993425225,359
2023-01-14T04:30:00+00:00,1.0951713993425225,1.0951883070779707,1.0950262904518235,1.0951169488500931,127
2023-01-14T04:35:00+00:00,1.0951169488500931,1.0951824940639123,1.0950601135618534,1.0950696328920653,440
2023-01-14T04:40:00+00:00,1.0950696328920653,1.0951882406305438,1.0950543129261912,1.0950993476386734,365
2023-01-14T04:45:00+00:00,1.0950993476386734,1.0951287358768396,1.095050560789891,1.0950537941748224,342
2023-01-14T04:50:00+00:00,1.0950537941748224,1.0951922488268646,1.0950358237407651,1.0950429589749506,98
2023-01-14T04:55:00+00:00,1.0950429589749506,1.0951382688284128,1.094991907288933,1.0951370474197326,173
2023-01-14T05:00:00+00:00,1.0951370474197326,1.0951446210579636,1.0950766139751165,1.095092916648158,104
2023-01-14T05:05:00+00:00,1.095092916648158,1.0952199936797766,1.0950914322167666,1.095145436718007,272
2023-01-14T05:10:00+00:00,1.095145436718007,1.0951778971882358,1.0950266878917858,1.095052917266783,101
2023-01-14T05:15:00+00:00,1.095052917266783,1.0951209973509717,1.0950109532145318,1.0950915902276699,277
2023-01-14T05:20:00+00:00,1.0950915902276699,1.0951205518092286,1.0949196861457018,1.0949713594914816,244
2023-01-14T05:25:00+00:00,1.0949713594914816,1.095131410921752,1.0949590900819526,1.0950471998857638,155
2023-01-14T05:30:00+00:00,1.0950471998857638,1.0951575327754475,1.0950322030667117,1.095118208712533,214
2023-01-14T05:35:00+00:00,1.095118208712533,1.0951772192014917,1.0950184798509925,1.0950262044024481,248
2023-01-14T05:40:00+00:00,1.0950262044024481,1.095144251431807,1.0949717888926385,1.0950861830988177,357
2023-01-14T05:45:00+00:00,1.0950861830988177,1.095217360637459,1.0950213969308935,1.0951779726473319,136
2023-01-14T05:50:00+00:00,1.0951779726473319,1.0952264472430078,1.0951579662184545,1.0951933512745415,177
2023-01-14T05:55:00+00:00,1.0951933512745415,1.0952941759411454,1.0950889965209534,1.095270804300745,244
2023-01-14T06:00:00+00:00,1.095270804300745,1.0953040316090752,1.0950848807843163,1.095200515236638,174
2023-01-14T06:05:00+00:00,1.095200515236638,1.0952425862849986,1.0951860321613864,1.0952314214602286,415
2023-01-14T06:10:00+00:00,1.0952314214602286,1.095305650467843,1.0952038496551693,1.095258467958491,301
2023-01-14T06:15:00+00:00,1.095258467958491,1.0953756785130124,1.0952373137839426,1.0953256846277863,267
2023-01-14T06:20:00+00:00,1.0953256846277863,1.0954005232922222,1.0953192662052933,1.0953800797232305,183
2023-01-14T06:25:00+00:00,1.0953800797232305,1.0954884074912457,1.0953759941861279,1.0954583046876363,487
2023-01-14T06:30:00+00:00,1.0954583046876363,1.0954891795261554,1.0953454500974942,1.0953778284904923,68
2023-01-14T06:35:00+00:00,1.0953778284904923,1.0954250369035663,1.0953638779740766,1.0953700946397764,439
2023-01-14T06:40:00+00:00,1.0953700946397764,1.0954670291517832,1.0953325991546126,1.0953893814921745,333
2023-01-14T06:45:00+00:00,1.0953893814921745,1.09550408543496,1.0953830946679546,1.0954847634637006,180
2023-01-14T06:50:00+00:00,1.0954847634637006,1.0954968598078811,1.0953980032781725,1.0954234611090827,145
2023-01-14T06:55:00+00:00,1.0954234611090827,1.0954291218525074,1.0953328978364847,1.0953757332196408,316
2023-01-14T07:00:00+00:00,1.0953757332196408,1.0955675744923528,1.0953284744346314,1.0955262876775584,450
2023-01-14T07:05:00+00:00,1.0955262876775584,1.0955527785356467,1.0953357510381199,1.0954568969081349,429
2023-01-14T07:10:00+00:00,1.0954568969081349,1.0955609013705947,1.0953577253329452,1.0955045944524735,170
2023-01-14T07:15:00+00:00,1.0955045944524735,1.0956313863999734,1.0954328078211923,1.0954465492626324,358
2023-01-14T07:20:00+00:00,1.0954465492626324,1.095464710183502,1.0953679767634017,1.0954420436610997,141
2023-01-14T07:25:00+00:00,1.0954420436610997,1.0956172561459616,1.0954236479577806,1.0955323391089593,333
2023-01-14T07:30:00+00:00,1.0955323391089593,1.0956235005610155,1.0954657781048442,1.0955435468544654,175
2023-01-14T07:35:00+00:00,1.0955435468544654,1.0957081834470757,1.0955003639695478,1.0956979857833027,137
2023-01-14T07:40:00+00:00,1.0956979857833027,1.0957699786871917,1.0956392331060982,1.0957102951549005,79
2023-01-14T07:45:00+00:00,1.0957102951549005,1.0957488101980948,1.0956915906781215,1.095725066602926,290
2023-01-14T07:50:00+00:00,1.095725066602926,1.0957734001990398,1.0956638665736647,1.0957512846159305,343
2023-01-14T07:55:00+00:00,1.0957512846159305,1.0957628064951075,1.0955834064174232,1.0956379086856618,282
2023-01-14T08:00:00+00:00,1.0956379086856618,1.0956793703372252,1.0956371068691844,1.095657865612642,436
2023-01-14T08:05:00+00:00,1.095657865612642,1.0959122850455776,1.0956204368777842,1.095774699755447,119
2023-01-14T08:10:00+00:00,1.095774699755447,1.0958662771965286,1.0957519771775357,1.0958660769914492,252
2023-01-14T08:15:00+00:00,1.0958660769914492,1.0959425708594392,1.0957287834405136,1.0957538056917309,318
2023-01-14T08:20:00+00:00,1.0957538056917309,1.0957688355122566,1.0955561147238702,1.0956432971141845,345
2023-01-14T08:25:00+00:00,1.0956432971141845,1.0956597260511243,1.0955469081674292,1.0956284461652246,434
2023-01-14T08:30:00+00:00,1.0956284461652246,1.0957467448483997,1.0955791802968093,1.095629221702793,114
2023-01-14T08:35:00+00:00,1.095629221702793,1.0957801701681829,1.0955971788017669,1.0957686706789982,357
2023-01-14T08:40:00+00:00,1.0957686706789982,1.095927907144592,1.0956876865971656,1.0959247182474898,245
2023-01-14T08:45:00+00:00,1.0959247182474898,1.096076596950576,1.0958907236540858,1.0960421965842453,211
2023-01-14T08:50:00+00:00,1.0960421965842453,1.0960488769117194,1.095893283239078,1.0959118221681268,434
2023-01-14T08:55:00+00:00,1.0959118221681268,1.0961095259290334,1.0958318996546976,1.0960492590011102,454
2023-01-14T09:00:00+00:00,1.0960492590011102,1.0960815417468055,1.0960356190804028,1.096054138526705,122
2023-01-14T09:05:00+00:00,1.096054138526705,1.0960898352177975,1.0959755549263728,1.0959792413622824,274
2023-01-14T09:10:00+00:00,1.0959792413622824,1.096030691785763,1.0959681057208621,1.0959802246228492,154
2023-01-14T09:15:00+00:00,1.0959802246228492,1.0960306940555868,1.095895817364754,1.09590766624814,76
2023-01-14T09:20:00+00:00,1.09590766624814,1.0959394685186528,1.095892939682183,1.0959114373457381,241
2023-01-14T09:25:00+00:00,1.0959114373457381,1.0959642819580715,1.0958670888925606,1.0958854117022112,247
2023-01-14T09:30:00+00:00,1.0958854117022112,1.0960770274760085,1.0958486199251005,1.0960109505612916,470
2023-01-14T09:35:00+00:00,1.0960109505612916,1.0961016401469585,1.0960064613452127,1.0960448796891522,494
2023-01-14T09:40:00+00:00,1.0960448796891522,1.096079871557145,1.0960237712604217,1.0960645258694803,309
2023-01-14T09:45:00+00:00,1.0960645258694803,1.0962055164404114,1.0959301461950532,1.096127118173802,124
2023-01-14T09:50:00+00:00,1.096127118173802,1.0961912881703129,1.0960704239441845,1.0961259287187253,372
2023-01-14T09:55:00+00:00,1.0961259287187253,1.0961744386668617,1.0961244682045157,1.0961634820778459,256
2023-01-14T10:00:00+00:00,1.0961634820778459,1.0962229879933478,1.0960849787127322,1.0961104118828147,238
2023-01-14T10:05:00+00:00,1.0961104118828147,1.096228484264928,1.0960914415579983,1.0961712235084227,113
2023-01-14T10:10:00+00:00,1.0961712235084227,1.0963303415386563,1.0961163426767448,1.0962740212654989,391
2023-01-14T10:15:00+00:00,1.0962740212654989,1.0963303194816483,1.0961946277997412,1.0963155318993458,339
2023-01-14T10:20:00+00:00,1.0963155318993458,1.0963223209075352,1.0959742113358868,1.0960274659041314,219
2023-01-14T10:25:00+00:00,1.0960274659041314,1.0961811908311454,1.0959819029199267,1.0961525225537114,419
2023-01-14T10:30:00+00:00,1.0961525225537114,1.0961734572805812,1.0961230208742931,1.0961255335864688,365
2023-01-14T10:35:00+00:00,1.0961255335864688,1.0961628646784998,1.0960418804189958,1.09607525799454,71
2023-01-14T10:40:00+00:00,1.09607525799454,1.096091870366067,1.096040331836067,1.096089738896252,149
2023-01-14T10:45:00+00:00,1.096089738896252,1.096235199184444,1.096043461575142,1.0961539608184352,127
2023-01-14T10:50:00+00:00,1.0961539608184352,1.096182683076462,1.096029164544439,1.096063490018257,83
2023-01-14T10:55:00+00:00,1.096063490018257,1.0960706431685587,1.096050826235051,1.0960626472278687,422
2023-01-14T11:00:00+00:00,1.0960626472278687,1.096064657183292,1.0958975327810951,1.0960357038031792,394
2023-01-14T11:05:00+00:00,1.0960357038031792,1.096103180713646,1.0960348680247172,1.0960827835588018,285
2023-01-14T11:10:00+00:00,1.0960827835588018,1.0961553607784238,1.0960761132448658,1.0961129511808136,290
2023-01-14T11:15:00+00:00,1.0961129511808136,1.0961500961826185,1.0960283524139451,1.096038975068738,335
2023-01-14T11:20:00+00:00,1.096038975068738,1.0960708911805073,1.0958735123995627,1.0958770129658146,217
2023-01-14T11:25:00+00:00,1.0958770129658146,1.0959501953160211,1.095754173234904,1.0957665711998483,477
2023-01-14T11:30:00+00:00,1.0957665711998483,1.0958258225813218,1.0957366734199807,1.0957488213733992,175
2023-01-14T11:35:00+00:00,1.0957488213733992,1.0958584850020445,1.095738338774008,1.095856905571524,297
2023-01-14T11:40:00+00:00,1.095856905571524,1.095974338572282,1.0957910714292127,1.095833004387269,257
2023-01-14T11:45:00+00:00,1.095833004387269,1.0961029533289421,1.0958118102367,1.0960394750983145,460
2023-01-14T11:50:00+00:00,1.0960394750983145,1.0960846919794571,1.0960181994479696,1.096066709668769,451
2023-01-14T11:55:00+00:00,1.096066709668769,1.096139034360747,1.095944029728071,1.0961147940759708,287
2023-01-14T12:00:00+00:00,1.0961147940759708,1.096332419272005,1.096095522128314,1.0962683814613747,261
2023-01-14T12:05:00+00:00,1.0962683814613747,1.0962708294072299,1.0961289298065982,1.09618100225294,219
2023-01-14T12:10:00+00:00,1.09618100225294,1.0962165082599857,1.096078214406194,1.0961653691611628,389
2023-01-14T12:15:00+00:00,1.0961653691611628,1.0962050607479543,1.0960141798634309,1.0960317483816044,79
2023-01-14T12:20:00+00:00,1.0960317483816044,1.0960679006957508,1.0958669963728964,1.0958990946769411,65
2023-01-14T12:25:00+00:00,1.0958990946769411,1.0960003297396437,1.0958575111352757,1.095976163566717,207
2023-01-14T12:30:00+00:00,1.095976163566717,1.096095769332485,1.0958502998219268,1.0959934026656084,351
2023-01-14T12:35:00+00:00,1.0959934026656084,1.096018057654571,1.0959417274329164,1.0960061752470984,170
2023-01-14T12:40:00+00:00,1.0960061752470984,1.0960730492085786,1.0959686799248531,1.0959836850400069,217
2023-01-14T12:45:00+00:00,1.0959836850400069,1.0961082268438045,1.095929424922394,1.0960266841410307,101
2023-01-14T12:50:00+00:00,1.0960266841410307,1.0961972581432122,1.0959644296381859,1.0961532708353987,302
2023-01-14T12:55:00+00:00,1.0961532708353987,1.0962539714774504,1.0960826641562653,1.0961610541349975,456
2023-01-14T13:00:00+00:00,1.0961610541349975,1.0962722777058769,1.0961578261702236,1.0962047875578091,140
2023-01-14T13:05:00+00:00,1.0962047875578091,1.0962476180092575,1.096196324177255,1.0962069873049927,481
2023-01-14T13:10:00+00:00,1.0962069873049927,1.0962634851748605,1.0961061518955018,1.0961279554835837,342
2023-01-14T13:15:00+00:00,1.0961279554835837,1.0961535745082176,1.096048078787472,1.0960637826166895,208
2023-01-14T13:20:00+00:00,1.0960637826166895,1.096076126082881,1.0959261368401887,1.096055367165355,364
2023-01-14T13:25:00+00:00,1.096055367165355,1.0961684629782067,1.095939115200582,1.0959392666406615,454
2023-01-14T13:30:00+00:00,1.0959392666406615,1.0960237522814325,1.095915435872009,1.095980135035526,353
2023-01-14T13:35:00+00:00,1.095980135035526,1.0960055424037085,1.0958881300351306,1.0959810372839203,86
2023-01-14T13:40:00+00:00,1.0959810372839203,1.0960513046068938,1.0959183834270114,1.0960156819107965,183
2023-01-14T13:45:00+00:00,1.0960156819107965,1.0961090227075683,1.095943416331503,1.096061484193645,313
2023-01-14T13:50:00+00:00,1.096061484193645,1.0961926609609147,1.0960567152567386,1.0961538812085667,486
2023-01-14T13:55:00+00:00,1.0961538812085667,1.0961696401444938,1.096112110102984,1.0961374114131615,292
2023-01-14T14:00:00+00:00,1.0961374114131615,1.0962115532326233,1.096095783963123,1.0961677579399198,411
2023-01-14T14:05:00+00:00,1.0961677579399198,1.0961883092510025,1.096118715343834,1.0961665045328801,170
2023-01-14T14:10:00+00:00,1.0961665045328801,1.0963047138834152,1.0961492369718084,1.0962115313889083,286
2023-01-14T14:15:00+00:00,1.0962115313889083,1.0962287896299174,1.0961430704532382,1.0961664273122949,90
2023-01-14T14:20:00+00:00,1.0961664273122949,1.0963578909285705,1.0960597340736717,1.0963210913563224,114
2023-01-14T14:25:00+00:00,1.0963210913563224,1.0965630015424601,1.096305340505511,1.0965514557766012,444
2023-01-14T14:30:00+00:00,1.0965514557766012,1.0965895647637476,1.0965151586036672,1.0965190255020125,259
2023-01-14T14:35:00+00:00,1.0965190255020125,1.0966645758599964,1.0964689563511114,1.0966129854240385,393
2023-01-14T14:40:00+00:00,1.0966129854240385,1.0966343936771075,1.0964829274881074,1.0965146204207337,292
2023-01-14T14:45:00+00:00,1.0965146204207337,1.096541074784584,1.0964565022651567,1.0964960572418347,250
2023-01-14T14:50:00+00:00,1.0964960572418347,1.0965264017063363,1.0964000313883708,1.0965091520131203,179
2023-01-14T14:55:00+00:00,1.0965091520131203,1.0966126403097647,1.0964506391425328,1.0965423080430499,287
2023-01-14T15:00:00+00:00,1.0965423080430499,1.0965845188564765,1.0964896854814432,1.096500911332101,118
2023-01-14T15:05:00+00:00,1.096500911332101,1.0965341244138151,1.096359226332315,1.0964349552419124,412
2023-01-14T15:10:00+00:00,1.0964349552419124,1.0964553354142255,1.0963202234470475,1.096375975395508,408
2023-01-14T15:15:00+00:00,1.096375975395508,1.0964166280538397,1.0962337716211248,1.0963260581469074,134
2023-01-14T15:20:00+00:00,1.0963260581469074,1.09642275769772,1.096177331327204,1.0964080722317888,125
2023-01-14T15:25:00+00:00,1.0964080722317888,1.0964567210067424,1.096400895565515,1.0964301768401943,312
2023-01-14T15:30:00+00:00,1.0964301768401943,1.096506398479433,1.096206499308664,1.0962732000973217,263
2023-01-14T15:35:00+00:00,1.0962732000973217,1.0962798097493633,1.0962037481106355,1.0962053766949285,234
2023-01-14T15:40:00+00:00,1.0962053766949285,1.0962924809351835,1.0961707447202866,1.0961733297733491,297
2023-01-14T15:45:00+00:00,1.0961733297733491,1.09619786262865,1.0960425803551483,1.0961800347330308,153
2023-01-14T15:50:00+00:00,1.0961800347330308,1.0962435424205461,1.0961356992218307,1.096199923327099,308
2023-01-14T15:55:00+00:00,1.096199923327099,1.0962072288744553,1.0960434223392832,1.096092654149115,320
2023-01-14T16:00:00+00:00,1.096092654149115,1.096207938220416,1.0960519704206204,1.096205183945596,424
2023-01-14T16:05:00+00:00,1.096205183945596,1.09622229825914,1.0960998884474176,1.096152247896777,418
2023-01-14T16:10:00+00:00,1.096152247896777,1.0961746439186446,1.0960438075388235,1.0960990053905477,195
2023-01-14T16:15:00+00:00,1.0960990053905477,1.096125057649017,1.0960545974692644,1.096099688823556,371
2023-01-14T16:20:00+00:00,1.096099688823556,1.0961341946560519,1.0960747844821648,1.0961302758224047,287
2023-01-14T16:25:00+00:00,1.0961302758224047,1.096189039218285,1.0960245744349626,1.0960597744298617,168
2023-01-14T16:30:00+00:00,1.0960597744298617,1.0962407588375263,1.096053130158851,1.096196670484355,383
2023-01-14T16:35:00+00:00,1.096196670484355,1.0963161123731935,1.0961228956543398,1.0962609633072495,392
2023-01-14T16:40:00+00:00,1.0962609633072495,1.0963356086942533,1.0962550342895048,1.0963139635825034,70
2023-01-14T16:45:00+00:00,1.0963139635825034,1.0964307405739215,1.0962225941627568,1.096414380187857,172
2023-01-14T16:50:00+00:00,1.096414380187857,1.096446350325593,1.0962621611045493,1.096349178121517,190
2023-01-14T16:55:00+00:00,1.096349178121517,1.0964537394935197,1.0962910721390187,1.0963146221576086,263
2023-01-14T17:00:00+00:00,1.0963146221576086,1.0964877228936933,1.0963053933127862,1.0964773977685836,453
2023-01-14T17:05:00+00:00,1.0964773977685836,1.0965008147172932,1.0962806269503989,1.0963441577562056,76
2023-01-14T17:10:00+00:00,1.0963441577562056,1.0963455502073278,1.0961792996369015,1.0962412451321821,449
2023-01-14T17:15:00+00:00,1.0962412451321821,1.0962685534605603,1.0961978072872405,1.0962221499191975,249
2023-01-14T17:20:00+00:00,1.0962221499191975,1.0962387759906032,1.0961262509137146,1.0961583463733156,400
2023-01-14T17:25:00+00:00,1.0961583463733156,1.0961986832977701,1.0961267337805896,1.0961458697583515,175
2023-01-14T17:30:00+00:00,1.0961458697583515,1.096167148672725,1.0960888792628154,1.0961637808410614,182
2023-01-14T17:35:00+00:00,1.0961637808410614,1.0962834520623503,1.0961274687987275,1.0962631979743223,181
2023-01-14T17:40:00+00:00,1.0962631979743223,1.0963182017704054,1.0961071063752892,1.0961156167270085,99
2023-01-14T17:45:00+00:00,1.0961156167270085,1.096167881195692,1.0960745243875725,1.096163972676429,327
2023-01-14T17:50:00+00:00,1.096163972676429,1.0962305914386785,1.0960996323944572,1.0961254375582508,112
2023-01-14T17:55:00+00:00,1.0961254375582508,1.0961518042116554,1.0961221808314736,1.0961493419812744,172
2023-01-14T18:00:00+00:00,1.0961493419812744,1.0963119539964727,1.0961472371689116,1.0962774071656485,141
2023-01-14T18:05:00+00:00,1.0962774071656485,1.0963188675731106,1.096180680822627,1.0962164855036611,112
2023-01-14T18:10:00+00:00,1.0962164855036611,1.0962167617579766,1.0960086542902732,1.0960670365184806,296
2023-01-14T18:15:00+00:00,1.0960670365184806,1.0960869343549688,1.0960137329383952,1.096048872783655,92
2023-01-14T18:20:00+00:00,1.096048872783655,1.0960661261258227,1.0959891357971083,1.0960295728026481,329
2023-01-14T18:25:00+00:00,1.0960295728026481,1.0962374400799813,1.0960023174891178,1.0961618239191941,367
2023-01-14T18:30:00+00:00,1.0961618239191941,1.0962955362093652,1.0961463261179345,1.096211883266813,124
2023-01-14T18:35:00+00:00,1.096211883266813,1.0962625444370402,1.0961610171988296,1.0962293138346706,403
2023-01-14T18:40:00+00:00,1.0962293138346706,1.09624169663401,1.0960797422109927,1.0961426410144368,65
2023-01-14T18:45:00+00:00,1.0961426410144368,1.0961692948257995,1.096051705698391,1.096093600126756,437
2023-01-14T18:50:00+00:00,1.096093600126756,1.0961309891544717,1.0959555821422722,1.0959637911802638,135
2023-01-14T18:55:00+00:00,1.0959637911802638,1.0959899523555097,1.0958198894326001,1.0958861397037365,446
2023-01-14T19:00:00+00:00,1.0958861397037365,1.0959260556849504,1.09570099117972,1.095782681633484,477
2023-01-14T19:05:00+00:00,1.095782681633484,1.0958436042714101,1.095673254973802,1.0957654012407392,303
2023-01-14T19:10:00+00:00,1.0957654012407392,1.095784944257386,1.095664022197072,1.0956850491033225,71
2023-01-14T19:15:00+00:00,1.0956850491033225,1.0957879384262035,1.0956777354570184,1.095756501486915,342
2023-01-14T19:20:00+00:00,1.095756501486915,1.095873394169219,1.0955469178527164,1.0956130974385372,262
2023-01-14T19:25:00+00:00,1.0956130974385372,1.0956131077007631,1.0955627755339952,1.0955688851902625,211
2023-01-14T19:30:00+00:00,1.0955688851902625,1.0956092902717773,1.0955318101399134,1.0955932001216797,337
2023-01-14T19:35:00+00:00,1.0955932001216797,1.0955999800216398,1.095439313170079,1.095506001527543,292
2023-01-14T19:40:00+00:00,1.095506001527543,1.0955119219767684,1.095235074663341,1.0952419580981747,369
2023-01-14T19:45:00+00:00,1.0952419580981747,1.0952747117407766,1.0950907528633345,1.0951722360689238,376
2023-01-14T19:50:00+00:00,1.0951722360689238,1.0952116993024723,1.0951281425954946,1.0951463981985288,489
2023-01-14T19:55:00+00:00,1.0951463981985288,1.095239130258422,1.0950155098327878,1.0950889207202068,390
2023-01-14T20:00:00+00:00,1.0950889207202068,1.0951397706827017,1.0950863797713741,1.095133698352364,128
2023-01-14T20:05:00+00:00,1.095133698352364,1.0952328679213654,1.0950381510185883,1.0952142252844423,88
2023-01-14T20:10:00+00:00,1.0952142252844423,1.0952992450688024,1.0951323211730752,1.095291844690645,258
2023-01-14T20:15:00+00:00,1.095291844690645,1.095435294201766,1.0952717725137517,1.0952957200423072,217
2023-01-14T20:20:00+00:00,1.0952957200423072,1.095332546323137,1.095256077934099,1.0953122747648047,356
2023-01-14T20:25:00+00:00,1.0953122747648047,1.0954171986273902,1.0952741659558152,1.0953889324648518,98
2023-01-14T20:30:00+00:00,1.0953889324648518,1.0955399780946955,1.095378238048523,1.0955264162979066,345
2023-01-14T20:35:00+00:00,1.0955264162979066,1.0955873258816917,1.095439163391174,1.095566268385021,168
2023-01-14T20:40:00+00:00,1.095566268385021,1.0956477016864798,1.0955606704981182,1.0956345906397584,489
2023-01-14T20:45:00+00:00,1.0956345906397584,1.0957038832929418,1.0954653068145785,1.0955032100081723,345
2023-01-14T20:50:00+00:00,1.0955032100081723,1.0956203692981168,1.0954423002079146,1.0955746413981466,101
2023-01-14T20:55:00+00:00,1.0955746413981466,1.0956407499060006,1.095460987328363,1.0955120499260034,70
2023-01-14T21:00:00+00:00,1.0955120499260034,1.0956069461305682,1.0954147458742178,1.095452301384483,429
2023-01-14T21:05:00+00:00,1.095452301384483,1.0955123612701136,1.095446238770661,1.0954944903688815,351
2023-01-14T21:10:00+00:00,1.0954944903688815,1.0956681301586422,1.0954066689005948,1.0956654762227191,257
2023-01-14T21:15:00+00:00,1.0956654762227191,1.0957442244695221,1.0956552666690733,1.0957064050480132,352
2023-01-14T21:20:00+00:00,1.0957064050480132,1.095779837358613,1.095690281117976,1.0957567273497977,341
2023-01-14T21:25:00+00:00,1.0957567273497977,1.0958107186446011,1.0957344246719007,1.0958035799678796,465
2023-01-14T21:30:00+00:00,1.0958035799678796,1.0958657757925419,1.0957956644070332,1.0958620673753383,470
2023-01-14T21:35:00+00:00,1.0958620673753383,1.0959012130210974,1.0957725743173408,1.0958176425880355,258
2023-01-14T21:40:00+00:00,1.0958176425880355,1.0959195836465376,1.0958046562046266,1.0959175633131268,447
2023-01-14T21:45:00+00:00,1.0959175633131268,1.0960928041137614,1.095868747269003,1.0960610268829494,171
2023-01-14T21:50:00+00:00,1.0960610268829494,1.0961275004146862,1.0960447183421953,1.0961149546571527,320
2023-01-14T21:55:00+00:00,1.0961149546571527,1.0961221283374771,1.0960461656699936,1.0960722553087165,352
2023-01-14T22:00:00+00:00,1.0960722553087165,1.0961069244584165,1.0959771845552175,1.0959855832714227,113
2023-01-14T22:05:00+00:00,1.0959855832714227,1.0961084071068599,1.095948616457649,1.0960981452755185,359
2023-01-14T22:10:00+00:00,1.0960981452755185,1.096100159112699,1.0958530184972923,1.0958800189931979,179
2023-01-14T22:15:00+00:00,1.0958800189931979,1.0959354339647263,1.0958188729843652,1.0959118004227113,466
2023-01-14T22:20:00+00:00,1.0959118004227113,1.0959313611923351,1.0958761278287907,1.0958888176837165,70
2023-01-14T22:25:00+00:00,1.0958888176837165,1.0958933687169283,1.0958163018162674,1.0958539537966174,73
2023-01-14T22:30:00+00:00,1.0958539537966174,1.095929330017144,1.0958187878747263,1.0958423194669542,107
2023-01-14T22:35:00+00:00,1.0958423194669542,1.0959513818944562,1.0958095175109204,1.0958865769254622,417
2023-01-14T22:40:00+00:00,1.0958865769254622,1.096033471985444,1.0958474892538679,1.0959839844768693,278
2023-01-14T22:45:00+00:00,1.0959839844768693,1.0960739262668824,1.0959207536722255,1.0960244860720372,452
2023-01-14T22:50:00+00:00,1.0960244860720372,1.096115519567711,1.0959761993532824,1.0960819817598695,315
2023-01-14T22:55:00+00:00,1.0960819817598695,1.0961049307533823,1.0960244799952306,1.09607350031347,153
2023-01-14T23:00:00+00:00,1.09607350031347,1.096126176180371,1.096048739004039,1.096104288056712,390
2023-01-14T23:05:00+00:00,1.096104288056712,1.0961863193342642,1.096046967687519,1.0961400331089686,300
2023-01-14T23:10:00+00:00,1.0961400331089686,1.096142817472645,1.09607509051691,1.0960788198765898,287
2023-01-14T23:15:00+00:00,1.0960788198765898,1.096130715587196,1.0960056137444327,1.096083352493689,476
2023-01-14T23:20:00+00:00,1.096083352493689,1.0961887543746776,1.0960708007629063,1.0961684916642849,197
2023-01-14T23:25:00+00:00,1.0961684916642849,1.0962769421388623,1.0961371958418542,1.0962512822890278,268
2023-01-14T23:30:00+00:00,1.0962512822890278,1.0963209458104528,1.09624982529794,1.0962647383516215,282
2023-01-14T23:35:00+00:00,1.0962647383516215,1.096306199980262,1.0961793451733484,1.0962380696892324,280
2023-01-14T23:40:00+00:00,1.0962380696892324,1.0963843329540337,1.0961694938612678,1.0962891929627758,188
2023-01-14T23:45:00+00:00,1.0962891929627758,1.0963080205686462,1.0960877962481925,1.0961176534982229,118
2023-01-14T23:50:00+00:00,1.0961176534982229,1.096182355639179,1.0960826474707734,1.0961784261411278,332
2023-01-14T23:55:00+00:00,1.0961784261411278,1.0963023925191486,1.096171327596371,1.0961860382544408,106
2023-01-15T00:00:00+00:00,1.0961860382544408,1.096233874875689,1.0961794512226817,1.0961801406774088,491
2023-01-15T00:05:00+00:00,1.0961801406774088,1.0962680944952856,1.0961049818018986,1.0962192592157438,432
2023-01-15T00:10:00+00:00,1.0962192592157438,1.096229515361187,1.0961752211544509,1.0961981653503752,194
2023-01-15T00:15:00+00:00,1.0961981653503752,1.0961986588372399,1.0961532543691093,1.096190674578818,392
2023-01-15T00:20:00+00:00,1.096190674578818,1.0963774872693617,1.0960892332855476,1.0963363553123084,143
2023-01-15T00:25:00+00:00,1.0963363553123084,1.096432168464126,1.0961581504061197,1.0962570459473586,51
2023-01-15T00:30:00+00:00,1.0962570459473586,1.0962771147353898,1.0962471123433297,1.0962691057321152,264
2023-01-15T00:35:00+00:00,1.0962691057321152,1.096271566382707,1.0961344559375161,1.0961355753701325,149
2023-01-15T00:40:00+00:00,1.0961355753701325,1.0962630407104605,1.0961260071843952,1.0961880355758722,406
2023-01-15T00:45:00+00:00,1.0961880355758722,1.0962103751288463,1.0960453837159334,1.096107935411188,371
2023-01-15T00:50:00+00:00,1.096107935411188,1.0961634261262534,1.0959334164294652,1.0959851621807437,99
2023-01-15T00:55:00+00:00,1.0959851621807437,1.096036161517166,1.0958784496578422,1.0959263885723123,175
2023-01-15T01:00:00+00:00,1.0959263885723123,1.0960144597268309,1.0958050682754872,1.0958575448183066,322
2023-01-15T01:05:00+00:00,1.0958575448183066,1.0959838097467112,1.0958264374920128,1.0959658249357935,337
2023-01-15T01:10:00+00:00,1.0959658249357935,1.0960022121978583,1.095940926186454,1.0960001596395008,260
2023-01-15T01:15:00+00:00,1.0960001596395008,1.0960228012626423,1.095960328205395,1.0959855108795509,261
2023-01-15T01:20:00+00:00,1.0959855108795509,1.0960033687245005,1.0957392632864142,1.0958602497758096,330
2023-01-15T01:25:00+00:00,1.0958602497758096,1.0960336379649118,1.0958505108152048,1.0960084496284215,427
2023-01-15T01:30:00+00:00,1.0960084496284215,1.0960750552661793,1.0960009814002933,1.096028108813597,350
2023-01-15T01:35:00+00:00,1.096028108813597,1.0961631644651049,1.0959448620782652,1.0960335453843457,379
2023-01-15T01:40:00+00:00,1.0960335453843457,1.0960624341692946,1.0959503338342138,1.0959619402157303,171
2023-01-15T01:45:00+00:00,1.0959619402157303,1.0960521277063235,1.095947628203462,1.0960352148836217,178
2023-01-15T01:50:00+00:00,1.0960352148836217,1.096123185333287,1.0959769675350897,1.0960632024315944,72
2023-01-15T01:55:00+00:00,1.0960632024315944,1.0961030235339655,1.0959616586329306,1.0959677062566668,135
2023-01-15T02:00:00+00:00,1.0959677062566668,1.0960321312523933,1.0958064628139679,1.095902444953599,468
2023-01-15T02:05:00+00:00,1.095902444953599,1.0960002287064554,1.095898111161261,1.0959112197597425,219
2023-01-15T02:10:00+00:00,1.0959112197597425,1.0960252520746707,1.0959027405582427,1.0959904357990549,50
2023-01-15T02:15:00+00:00,1.0959904357990549,1.096138492540046,1.0959699530660068,1.0960969429371843,232
2023-01-15T02:20:00+00:00,1.0960969429371843,1.0961654397235194,1.096054919448774,1.09610171288866,371
2023-01-15T02:25:00+00:00,1.09610171288866,1.0962836787441124,1.0960694120477197,1.0962169014647847,148
2023-01-15T02:30:00+00:00,1.0962169014647847,1.0962673106369314,1.0962105185384565,1.0962415262872147,150
2023-01-15T02:35:00+00:00,1.0962415262872147,1.0962570119282915,1.0960853134346986,1.0961146598735374,201
2023-01-15T02:40:00+00:00,1.0961146598735374,1.0961325827779942,1.095998965072066,1.096003065120628,110
2023-01-15T02:45:00+00:00,1.096003065120628,1.0960603827762259,1.0959237586828903,1.0960482015458015,237
2023-01-15T02:50:00+00:00,1.0960482015458015,1.0961219993789908,1.0959125257766107,1.0959358826991301,128
2023-01-15T02:55:00+00:00,1.0959358826991301,1.0960905534175818,1.0958483000213373,1.09605454412247,131
2023-01-15T03:00:00+00:00,1.09605454412247,1.0960555604592446,1.096003915633849,1.096047419830669,400
2023-01-15T03:05:00+00:00,1.096047419830669,1.096148852394257,1.0960038492914113,1.0961200718532795,93
2023-01-15T03:10:00+00:00,1.0961200718532795,1.0961620565626204,1.0961064498584767,1.0961277027427456,167
2023-01-15T03:15:00+00:00,1.0961277027427456,1.0961712430423787,1.0960990511303026,1.096161871340629,415
2023-01-15T03:20:00+00:00,1.096161871340629,1.0961699497509831,1.096009445944522,1.0960635302136639,352
2023-01-15T03:25:00+00:00,1.0960635302136639,1.0961533861629327,1.0958243579509162,1.0958905304059081,218
2023-01-15T03:30:00+00:00,1.0958905304059081,1.095947716847833,1.0958288510924088,1.09592855735585,340
2023-01-15T03:35:00+00:00,1.09592855735585,1.0959411826655467,1.09587523339679,1.0959294698826056,138
2023-01-15T03:40:00+00:00,1.0959294698826056,1.0959865933140316,1.095815881948451,1.095822958607185,159
2023-01-15T03:45:00+00:00,1.095822958607185,1.0959666952877198,1.0957829487802384,1.0958866694463887,477
2023-01-15T03:50:00+00:00,1.0958866694463887,1.0959766937484536,1.0958427447920351,1.0959702906791156,96
2023-01-15T03:55:00+00:00,1.0959702906791156,1.0960602189570852,1.0959527561189109,1.096042744944025,405
2023-01-15T04:00:00+00:00,1.096042744944025,1.096075870950988,1.096037708184069,1.0960639830333758,488
2023-01-15T04:05:00+00:00,1.0960639830333758,1.0961072648525954,1.0959308717055585,1.0959681517051652,382
2023-01-15T04:10:00+00:00,1.0959681517051652,1.0960078524358765,1.0958164921172981,1.095856375530237,325
2023-01-15T04:15:00+00:00,1.095856375530237,1.0959952409443525,1.0957933664395518,1.095931595944414,173
2023-01-15T04:20:00+00:00,1.095931595944414,1.0960466411814456,1.0958502888406667,1.0960140835696055,173
2023-01-15T04:25:00+00:00,1.0960140835696055,1.0960343481291632,1.0959082316638962,1.0959132996057204,318
2023-01-15T04:30:00+00:00,1.0959132996057204,1.0959223663389999,1.0958422816837141,1.0958556234691172,141
2023-01-15T04:35:00+00:00,1.0958556234691172,1.0959517789214643,1.0958397676123721,1.0958959192676674,479
2023-01-15T04:40:00+00:00,1.0958959192676674,1.0960250962831337,1.095882817780666,1.095938518800434,315
2023-01-15T04:45:00+00:00,1.095938518800434,1.0960853406314788,1.09589523989882,1.096052982721487,266
2023-01-15T04:50:00+00:00,1.096052982721487,1.0961148347810399,1.0960339436524527,1.0960373345325312,134
2023-01-15T04:55:00+00:00,1.0960373345325312,1.0961029658744872,1.095827099847938,1.0959696747338719,222
2023-01-15T05:00:00+00:00,1.0959696747338719,1.0961220859974965,1.0959534595413047,1.0961061508474026,403
2023-01-15T05:05:00+00:00,1.0961061508474026,1.0961961658362227,1.0959592067202748,1.0959730044181193,65
2023-01-15T05:10:00+00:00,1.0959730044181193,1.0960322517379697,1.0959695162454866,1.0960171930019071,91
2023-01-15T05:15:00+00:00,1.0960171930019071,1.0960454095773986,1.0958899461671747,1.0959060717910722,462
2023-01-15T05:20:00+00:00,1.0959060717910722,1.0960734979922286,1.095859322340839,1.0960228500013947,453
2023-01-15T05:25:00+00:00,1.0960228500013947,1.0961124074235151,1.0959103766204945,1.0960067673031695,63
2023-01-15T05:30:00+00:00,1.0960067673031695,1.096153266863935,1.095934781626737,1.0959635077682603,456
2023-01-15T05:35:00+00:00,1.0959635077682603,1.096138250966276,1.0959265588742513,1.0960764324919137,435
2023-01-15T05:40:00+00:00,1.0960764324919137,1.0961048587310511,1.0960396079758548,1.0960667391164376,392
2023-01-15T05:45:00+00:00,1.0960667391164376,1.0961172195611284,1.0960302588263233,1.0960565357189833,301
2023-01-15T05:50:00+00:00,1.0960565357189833,1.0960684305593325,1.0958692154192484,1.095923755382721,197
2023-01-15T05:55:00+00:00,1.095923755382721,1.0961355278341434,1.0959229718104286,1.09604742253156,210
2023-01-15T06:00:00+00:00,1.09604742253156,1.0960572865764613,1.0960227952765824,1.096033370807598,356
2023-01-15T06:05:00+00:00,1.096033370807598,1.0961135762557648,1.0960111174972653,1.0960433702293348,175
2023-01-15T06:10:00+00:00,1.0960433702293348,1.0960927565797716,1.0958959787339742,1.0959640610118255,190
2023-01-15T06:15:00+00:00,1.0959640610118255,1.0960846374136768,1.0959544998989004,1.0960345764961577,338
2023-01-15T06:20:00+00:00,1.0960345764961577,1.0961323702984258,1.0960169015155985,1.0960963525547331,214
2023-01-15T06:25:00+00:00,1.0960963525547331,1.0961071705106482,1.0959958916046453,1.0960074746496586,208
2023-01-15T06:30:00+00:00,1.0960074746496586,1.0961500708692733,1.0959971124488044,1.0960711042867168,415
2023-01-15T06:35:00+00:00,1.0960711042867168,1.0961448615101415,1.0960573114659387,1.0960902540673556,258
2023-01-15T06:40:00+00:00,1.0960902540673556,1.0961639686676787,1.0960507551492968,1.0961143761400183,366
2023-01-15T06:45:00+00:00,1.0961143761400183,1.0962264375634903,1.0958922902293702,1.0960366145786604,445
2023-01-15T06:50:00+00:00,1.0960366145786604,1.096086705153017,1.0958531572009775,1.0959584991476206,144
2023-01-15T06:55:00+00:00,1.0959584991476206,1.0959709520055323,1.0958801064084567,1.095892679823696,460
2023-01-15T07:00:00+00:00,1.095892679823696,1.095941865887466,1.095818925140803,1.0959344315217254,113
2023-01-15T07:05:00+00:00,1.0959344315217254,1.09611829969026,1.0958637350621114,1.0960326179005013,428
2023-01-15T07:10:00+00:00,1.0960326179005013,1.0961495256163267,1.0960272542873317,1.0961473366457601,140
2023-01-15T07:15:00+00:00,1.0961473366457601,1.09636165167056,1.0961306877825356,1.0963075066649486,500
2023-01-15T07:20:00+00:00,1.0963075066649486,1.0964228645550023,1.0962462838806184,1.09639753808211,320
2023-01-15T07:25:00+00:00,1.09639753808211,1.096524671515268,1.0963570963397482,1.0964944032680828,174
2023-01-15T07:30:00+00:00,1.0964944032680828,1.0965288345514683,1.0964715485420053,1.0965136180864492,201
2023-01-15T07:35:00+00:00,1.0965136180864492,1.0965227448320982,1.0963512575149155,1.096411295282783,380
2023-01-15T07:40:00+00:00,1.096411295282783,1.0964821298239962,1.0963265843175105,1.096351157681725,174
2023-01-15T07:45:00+00:00,1.096351157681725,1.0964406345597273,1.0962934152909942,1.0963795724098928,116
2023-01-15T07:50:00+00:00,1.0963795724098928,1.0964387575971606,1.096261077620418,1.096295216958918,208
2023-01-15T07:55:00+00:00,1.096295216958918,1.096332154760489,1.0962787381762262,1.0962880310370955,286
2023-01-15T08:00:00+00:00,1.0962880310370955,1.0964610749031842,1.096251331540151,1.0963947438154615,249
2023-01-15T08:05:00+00:00,1.0963947438154615,1.0966836319120903,1.096294075205231,1.0966167527198223,241
2023-01-15T08:10:00+00:00,1.0966167527198223,1.0967272917605644,1.096567729558923,1.0966271093332862,167
2023-01-15T08:15:00+00:00,1.0966271093332862,1.0966597679535433,1.096579911290496,1.096651109480984,328
2023-01-15T08:20:00+00:00,1.096651109480984,1.0966891952102291,1.0965200513042563,1.0966265476325328,61
2023-01-15T08:25:00+00:00,1.0966265476325328,1.0966540969685095,1.0965354118788944,1.0965845427375516,207
2023-01-15T08:30:00+00:00,1.0965845427375516,1.0966059922915852,1.0965156747888347,1.096532196464946,467
2023-01-15T08:35:00+00:00,1.096532196464946,1.0967455413873242,1.0965110857757163,1.096636200661779,61
2023-01-15T08:40:00+00:00,1.096636200661779,1.0967369517671535,1.0965930564942832,1.096656726166257,306
2023-01-15T08:45:00+00:00,1.096656726166257,1.0968279367405882,1.0966456569699783,1.096734397996396,191
2023-01-15T08:50:00+00:00,1.096734397996396,1.0968512127366417,1.0965396843339987,1.0966318997142825,81
2023-01-15T08:55:00+00:00,1.0966318997142825,1.0966878809479528,1.0965914657842202,1.096666853900496,198
2023-01-15T09:00:00+00:00,1.096666853900496,1.096682726886033,1.096636581661517,1.0966588462000757,160
2023-01-15T09:05:00+00:00,1.0966588462000757,1.0966805594113112,1.0965320439612398,1.0966143262392813,231
2023-01-15T09:10:00+00:00,1.0966143262392813,1.0967078883532075,1.0965258003497438,1.0966504746957382,112
2023-01-15T09:15:00+00:00,1.0966504746957382,1.0966784213963545,1.0965450207268295,1.0965667772660952,122
2023-01-15T09:20:00+00:00,1.0965667772660952,1.096601777151565,1.096553520363021,1.0965813829943751,288
2023-01-15T09:25:00+00:00,1.0965813829943751,1.0965971892220643,1.0964119512002797,1.096498503174258,328
2023-01-15T09:30:00+00:00,1.096498503174258,1.0967499072737854,1.0964972789777434,1.0967091656325332,397
2023-01-15T09:35:00+00:00,1.0967091656325332,1.096757999475165,1.0966760622578313,1.0967467794369676,257
2023-01-15T09:40:00+00:00,1.0967467794369676,1.096899003656283,1.0965085567320478,1.0965581005979144,67
2023-01-15T09:45:00+00:00,1.0965581005979144,1.0966015094031356,1.0964347811873723,1.0965806733882613,434
2023-01-15T09:50:00+00:00,1.0965806733882613,1.096618999341384,1.0965085907048393,1.0965109396328274,249
2023-01-15T09:55:00+00:00,1.0965109396328274,1.096616031453919,1.0963707036247454,1.0964424214504704,489
2023-01-15T10:00:00+00:00,1.0964424214504704,1.096477336189121,1.0962911207129766,1.0963603664583197,55
2023-01-15T10:05:00+00:00,1.0963603664583197,1.0963894247342312,1.0962177003141353,1.096235756604966,63
2023-01-15T10:10:00+00:00,1.096235756604966,1.0962581449623097,1.0961677343397742,1.0962579349266413,107
2023-01-15T10:15:00+00:00,1.0962579349266413,1.0964376379674203,1.096228623343915,1.0963469230540674,318
2023-01-15T10:20:00+00:00,1.0963469230540674,1.0964199428469497,1.0963063775166633,1.0964028082852288,409
2023-01-15T10:25:00+00:00,1.0964028082852288,1.096549293511642,1.0964014633831156,1.0964684777074838,471
2023-01-15T10:30:00+00:00,1.0964684777074838,1.0965144830477767,1.0964603001180586,1.0965111615680188,51
2023-01-15T10:35:00+00:00,1.0965111615680188,1.0965669280015529,1.096381046128337,1.0964319299511713,250
2023-01-15T10:40:00+00:00,1.0964319299511713,1.0964973223262853,1.0963273643352638,1.0963388762868578,209
2023-01-15T10:45:00+00:00,1.0963388762868578,1.096434413619768,1.0962837491879682,1.0963621246458541,495
2023-01-15T10:50:00+00:00,1.0963621246458541,1.0963760843945594,1.0962147742227286,1.0962290521496938,165
2023-01-15T10:55:00+00:00,1.0962290521496938,1.0963358068591311,1.0961680411706332,1.096328624411301,225
2023-01-15T11:00:00+00:00,1.096328624411301,1.0964436776135333,1.0963265296527323,1.0963871396466156,137
2023-01-15T11:05:00+00:00,1.0963871396466156,1.0963987634716978,1.096281138579939,1.0963080244849077,160
2023-01-15T11:10:00+00:00,1.0963080244849077,1.0963448722819853,1.096187141286781,1.0962361833840875,221
2023-01-15T11:15:00+00:00,1.0962361833840875,1.0962883372506398,1.0962191594226098,1.0962778762875716,180
2023-01-15T11:20:00+00:00,1.0962778762875716,1.0964245072002015,1.0962518384267774,1.0963933455790629,316
2023-01-15T11:25:00+00:00,1.0963933455790629,1.096509140999288,1.0963171044085063,1.0963438332293136,71
2023-01-15T11:30:00+00:00,1.0963438332293136,1.0964625093912233,1.0963358869191722,1.0964005945080184,302
2023-01-15T11:35:00+00:00,1.0964005945080184,1.0964492261633645,1.0963109291402968,1.0963317593932387,454
2023-01-15T11:40:00+00:00,1.0963317593932387,1.0963922352964857,1.0962623920737335,1.0963305999187398,268
2023-01-15T11:45:00+00:00,1.0963305999187398,1.0964101983408758,1.096321250413373,1.096408396144005,71
2023-01-15T11:50:00+00:00,1.096408396144005,1.0965993032950072,1.0963106514256353,1.096564081344107,234
2023-01-15T11:55:00+00:00,1.096564081344107,1.0967037513601607,1.0964981533621287,1.0966234541648694,95
2023-01-15T12:00:00+00:00,1.0966234541648694,1.0967596045233248,1.0965660497504257,1.0966824555787862,87
2023-01-15T12:05:00+00:00,1.0966824555787862,1.0968001400114618,1.0966077303141897,1.096764759830884,101
2023-01-15T12:10:00+00:00,1.096764759830884,1.0969230676119222,1.096763605561683,1.0968980981654004,76
2023-01-15T12:15:00+00:00,1.0968980981654004,1.0969982215152643,1.0968437232627208,1.096973712377329,143
2023-01-15T12:20:00+00:00,1.096973712377329,1.0969830702145116,1.0969006051935082,1.096940997369725,440
2023-01-15T12:25:00+00:00,1.096940997369725,1.0970409438913153,1.096837307782707,1.0968778786699833,368
2023-01-15T12:30:00+00:00,1.0968778786699833,1.0969633968021362,1.0968706811281832,1.0969042651776915,70
2023-01-15T12:35:00+00:00,1.0969042651776915,1.0970713322970829,1.096875948306833,1.097039548222011,333
2023-01-15T12:40:00+00:00,1.097039548222011,1.0971420508059098,1.0970084788324441,1.0971401425842155,202
2023-01-15T12:45:00+00:00,1.0971401425842155,1.0971676907450487,1.0970407900147476,1.0971598248408334,331
2023-01-15T12:50:00+00:00,1.0971598248408334,1.0972209309978507,1.0971254077379342,1.0971542475314355,380
2023-01-15T12:55:00+00:00,1.0971542475314355,1.0972436842979123,1.0970972801049919,1.0971872139465955,77
2023-01-15T13:00:00+00:00,1.0971872139465955,1.0972802973080453,1.097183762268025,1.0972514167356853,470
2023-01-15T13:05:00+00:00,1.0972514167356853,1.0972972183569505,1.0972257295629513,1.0972398172294429,339
2023-01-15T13:10:00+00:00,1.0972398172294429,1.0972487221578826,1.097200873235336,1.09721686066953,58
2023-01-15T13:15:00+00:00,1.09721686066953,1.0973329432471415,1.0971632779300111,1.0973208432825543,180
2023-01-15T13:20:00+00:00,1.0973208432825543,1.097335815558938,1.097278669308121,1.0972817261591716,369
2023-01-15T13:25:00+00:00,1.0972817261591716,1.0973306131080853,1.097140812973605,1.0971592538937691,369
2023-01-15T13:30:00+00:00,1.0971592538937691,1.097180671273539,1.0970841909736182,1.097092181344098,332
2023-01-15T13:35:00+00:00,1.097092181344098,1.0971452682656295,1.0969633402869834,1.0970289668316724,431
2023-01-15T13:40:00+00:00,1.0970289668316724,1.0971036604023474,1.0969615161988715,1.0970163226463496,317
2023-01-15T13:45:00+00:00,1.0970163226463496,1.0970337961847727,1.0969491927300121,1.097008573794473,237
2023-01-15T13:50:00+00:00,1.097008573794473,1.0970425725898536,1.096885594073439,1.0969111922381776,339
2023-01-15T13:55:00+00:00,1.0969111922381776,1.0969194667056612,1.0968886964041202,1.0968949452209042,306
2023-01-15T14:00:00+00:00,1.0968949452209042,1.0970187005615628,1.0968690519782183,1.0969764922068288,139
2023-01-15T14:05:00+00:00,1.0969764922068288,1.0969949949618827,1.096811732516747,1.0968269339427643,479
2023-01-15T14:10:00+00:00,1.0968269339427643,1.0969484361803554,1.096819329117731,1.096857610483382,270
2023-01-15T14:15:00+00:00,1.096857610483382,1.096955495866914,1.0968213438023247,1.0969026951823004,78
2023-01-15T14:20:00+00:00,1.0969026951823004,1.096945143591245,1.0967450055266867,1.0968014855332378,253
2023-01-15T14:25:00+00:00,1.0968014855332378,1.0968366525795186,1.0967558107896185,1.0967984509135669,263
2023-01-15T14:30:00+00:00,1.0967984509135669,1.0968228598268395,1.0967207460248718,1.0968207073419436,208
2023-01-15T14:35:00+00:00,1.0968207073419436,1.097020628011363,1.0967595637239271,1.0968707812814702,166
2023-01-15T14:40:00+00:00,1.0968707812814702,1.0968752019826113,1.0967847518059457,1.0968174120946532,235
2023-01-15T14:45:00+00:00,1.0968174120946532,1.0968801760670766,1.096638184242412,1.096724788197822,316
2023-01-15T14:50:00+00:00,1.096724788197822,1.0969189027808601,1.0967206008008819,1.0968373830730604,195
2023-01-15T14:55:00+00:00,1.0968373830730604,1.0968875985297302,1.0965939495398986,1.0966880544217907,258
2023-01-15T15:00:00+00:00,1.0966880544217907,1.0967373991012255,1.0966398513484386,1.0967211146998745,362
2023-01-15T15:05:00+00:00,1.0967211146998745,1.09683125405696,1.0967161580703955,1.0968199660967153,461
2023-01-15T15:10:00+00:00,1.0968199660967153,1.0968718452748194,1.0967802523714052,1.0968489076764765,396
2023-01-15T15:15:00+00:00,1.0968489076764765,1.0968933876275848,1.0967523746642693,1.096810933263239,97
2023-01-15T15:20:00+00:00,1.096810933263239,1.0968780308132486,1.0967740527997984,1.096830030594828,87
2023-01-15T15:25:00+00:00,1.096830030594828,1.096920258856265,1.0968138682171433,1.0968892823853242,337
2023-01-15T15:30:00+00:00,1.0968892823853242,1.0968952510324153,1.0967723730558216,1.0968081743918607,124
2023-01-15T15:35:00+00:00,1.0968081743918607,1.0968175583305766,1.0966131831606347,1.0967034233579123,210
2023-01-15T15:40:00+00:00,1.0967034233579123,1.0967643533218143,1.0965037795254564,1.0965038804836886,148
2023-01-15T15:45:00+00:00,1.0965038804836886,1.0965124628126566,1.0963958721026654,1.0964455652084717,126
2023-01-15T15:50:00+00:00,1.0964455652084717,1.0965456621088816,1.0964233519046005,1.0964566260581896,370
2023-01-15T15:55:00+00:00,1.0964566260581896,1.0966268978026559,1.0963984064103212,1.0965478214090443,476
2023-01-15T16:00:00+00:00,1.0965478214090443,1.0966532130115174,1.0965468823668634,1.096638756083439,486
2023-01-15T16:05:00+00:00,1.096638756083439,1.0967178800578097,1.09663284954345,1.0966504154421213,249
2023-01-15T16:10:00+00:00,1.0966504154421213,1.0966843978106622,1.0966078037656464,1.0966779424265718,307
2023-01-15T16:15:00+00:00,1.0966779424265718,1.0966840481128652,1.0965434819163054,1.0965631346869649,148
2023-01-15T16:20:00+00:00,1.0965631346869649,1.0966356921249232,1.096466768582613,1.0965941773181382,74
2023-01-15T16:25:00+00:00,1.0965941773181382,1.096639838592069,1.0965505651288905,1.0965668929565797,78
2023-01-15T16:30:00+00:00,1.0965668929565797,1.0965930882079975,1.0965019453873401,1.09652018696107,489
2023-01-15T16:35:00+00:00,1.09652018696107,1.0966294090280233,1.096503525107963,1.096628121973492,258
2023-01-15T16:40:00+00:00,1.096628121973492,1.0967529519227486,1.0965277190653704,1.0966543754576106,276
2023-01-15T16:45:00+00:00,1.0966543754576106,1.096698425616699,1.0965801803274564,1.096634862760989,75
2023-01-15T16:50:00+00:00,1.096634862760989,1.0966698766142289,1.0966287007839752,1.0966304150120796,303
2023-01-15T16:55:00+00:00,1.0966304150120796,1.0967104641071383,1.0966057941678535,1.09664752973506,250
2023-01-15T17:00:00+00:00,1.09664752973506,1.0967838977018787,1.096621492193092,1.0967164621488648,256
2023-01-15T17:05:00+00:00,1.0967164621488648,1.096737109940958,1.0966651340963987,1.0967329189671313,116
2023-01-15T17:10:00+00:00,1.0967329189671313,1.0967590638602895,1.096654426854776,1.0966750816822282,496
2023-01-15T17:15:00+00:00,1.0966750816822282,1.0967450619709358,1.0966622335701748,1.0966657126473396,292
2023-01-15T17:20:00+00:00,1.0966657126473396,1.096881450221469,1.0966015743828066,1.0968286640378944,358
2023-01-15T17:25:00+00:00,1.0968286640378944,1.096907854090893,1.0967843009041573,1.09681963459622,61
2023-01-15T17:30:00+00:00,1.09681963459622,1.0968562810510996,1.0967261728684934,1.0967444044738166,149
2023-01-15T17:35:00+00:00,1.0967444044738166,1.0967619109748652,1.0966886689223303,1.0967408031816896,95
2023-01-15T17:40:00+00:00,1.0967408031816896,1.0969745586429516,1.0967097091361275,1.0969268571434987,137
2023-01-15T17:45:00+00:00,1.0969268571434987,1.0970786947921152,1.0968205120422827,1.0970460654735572,255
2023-01-15T17:50:00+00:00,1.0970460654735572,1.097166128328896,1.0970396376117861,1.0971265409255166,484
2023-01-15T17:55:00+00:00,1.0971265409255166,1.0972438628665835,1.0971238743783172,1.0971347616141893,397
2023-01-15T18:00:00+00:00,1.0971347616141893,1.097265209502749,1.0971103197452388,1.0972246952093578,434
2023-01-15T18:05:00+00:00,1.0972246952093578,1.097309806958636,1.0971806893789984,1.0972274472738084,392
2023-01-15T18:10:00+00:00,1.0972274472738084,1.0972785867872,1.0970617953137742,1.0971929820947393,242
2023-01-15T18:15:00+00:00,1.0971929820947393,1.0972183681095813,1.097108822681325,1.0971330440656273,88
2023-01-15T18:20:00+00:00,1.0971330440656273,1.0972531999251534,1.0971095188877333,1.0972136195310718,421
2023-01-15T18:25:00+00:00,1.0972136195310718,1.0974136648407056,1.097189509359917,1.0973166351662722,215
2023-01-15T18:30:00+00:00,1.0973166351662722,1.0975015085000341,1.0973125873093292,1.0974719625456795,468
2023-01-15T18:35:00+00:00,1.0974719625456795,1.0975306796107835,1.0974495057066331,1.0974974183544097,77
2023-01-15T18:40:00+00:00,1.0974974183544097,1.0975383799456264,1.0974974000386553,1.0975046433658606,290
2023-01-15T18:45:00+00:00,1.0975046433658606,1.0976562852991558,1.0974802190646666,1.097544316555922,287
2023-01-15T18:50:00+00:00,1.097544316555922,1.0976030622301405,1.0974309114586294,1.0975415841459932,88
2023-01-15T18:55:00+00:00,1.0975415841459932,1.0975711435236428,1.0975266787628626,1.0975292881994805,97
2023-01-15T19:00:00+00:00,1.0975292881994805,1.0977276486871685,1.0974498497213636,1.0976542145796362,102
2023-01-15T19:05:00+00:00,1.0976542145796362,1.0976811485974187,1.0975492522826567,1.0975773149100747,264
2023-01-15T19:10:00+00:00,1.0975773149100747,1.0976828739722757,1.0975716796784059,1.097627496017853,424
2023-01-15T19:15:00+00:00,1.097627496017853,1.0976482596447166,1.0974880651977805,1.0975375578753161,438
2023-01-15T19:20:00+00:00,1.0975375578753161,1.097579496938298,1.0973624384253364,1.0974063855510214,498
2023-01-15T19:25:00+00:00,1.0974063855510214,1.0974515277313446,1.097298681137869,1.0973384719968653,328
2023-01-15T19:30:00+00:00,1.0973384719968653,1.097378264742374,1.097276446346455,1.0973118949592315,434
2023-01-15T19:35:00+00:00,1.0973118949592315,1.0974029017990479,1.0972864034809446,1.097325041341967,302
2023-01-15T19:40:00+00:00,1.097325041341967,1.09741631681446,1.097314860961686,1.0973513362537908,398
2023-01-15T19:45:00+00:00,1.0973513362537908,1.097373910851841,1.0972597768749646,1.0972709055404781,294
2023-01-15T19:50:00+00:00,1.0972709055404781,1.0973191899109045,1.0972145504794393,1.0972485016626952,257
2023-01-15T19:55:00+00:00,1.0972485016626952,1.0973386838829366,1.097218513599839,1.0972289159079358,490
2023-01-15T20:00:00+00:00,1.0972289159079358,1.0972976076704624,1.0971665571363876,1.0972516307504796,93
2023-01-15T20:05:00+00:00,1.0972516307504796,1.097272261451697,1.0972258940380928,1.0972556802275948,164
2023-01-15T20:10:00+00:00,1.0972556802275948,1.0972880132684795,1.097125166771099,1.0972092306176948,397
2023-01-15T20:15:00+00:00,1.0972092306176948,1.0974549486380833,1.0971751482519858,1.0974215234474858,447
2023-01-15T20:20:00+00:00,1.0974215234474858,1.0975505875215217,1.0972316446902821,1.0973019467752287,257
2023-01-15T20:25:00+00:00,1.0973019467752287,1.0973755391549762,1.0972233172522121,1.0972576268234397,317
2023-01-15T20:30:00+00:00,1.0972576268234397,1.0973533247811227,1.0970925807147072,1.097150921036854,217
2023-01-15T20:35:00+00:00,1.097150921036854,1.0973194151497065,1.0970964314315634,1.0971994723304574,436
2023-01-15T20:40:00+00:00,1.0971994723304574,1.0972073833526528,1.0971108044227784,1.0971832748749273,187
2023-01-15T20:45:00+00:00,1.0971832748749273,1.0971897554376433,1.0970420989073506,1.0971116787311077,327
2023-01-15T20:50:00+00:00,1.0971116787311077,1.0971727175338266,1.0970608156120258,1.0970900220442035,69
2023-01-15T20:55:00+00:00,1.0970900220442035,1.0971504151323013,1.097017919216307,1.0970974230445503,359
2023-01-15T21:00:00+00:00,1.0970974230445503,1.0971311654335862,1.0970503428958012,1.0970793862624943,418
2023-01-15T21:05:00+00:00,1.0970793862624943,1.0971419148417028,1.096966191756739,1.0970105632303426,309
2023-01-15T21:10:00+00:00,1.0970105632303426,1.0971406502352685,1.096990247354236,1.0971266877264756,483
2023-01-15T21:15:00+00:00,1.0971266877264756,1.0972389790111987,1.097067027956689,1.0972335000887474,372
2023-01-15T21:20:00+00:00,1.0972335000887474,1.0972752525902136,1.0971934345206107,1.0972668108784236,309
2023-01-15T21:25:00+00:00,1.0972668108784236,1.0974495333260073,1.0972429687441092,1.097361544466215,68
2023-01-15T21:30:00+00:00,1.097361544466215,1.097412346305304,1.0973155299038508,1.0973350803919273,328
2023-01-15T21:35:00+00:00,1.0973350803919273,1.0974176011897376,1.0973062549152757,1.097377047000881,150
2023-01-15T21:40:00+00:00,1.097377047000881,1.0974097223828658,1.0971270179691546,1.0971721181327114,281
2023-01-15T21:45:00+00:00,1.0971721181327114,1.0973602662279405,1.0970861394179556,1.0973467038844593,364
2023-01-15T21:50:00+00:00,1.0973467038844593,1.0974802921312992,1.097289082968862,1.0974529902262007,322
2023-01-15T21:55:00+00:00,1.0974529902262007,1.0975154037414852,1.0974370944658443,1.097440049141133,488
2023-01-15T22:00:00+00:00,1.097440049141133,1.097517938532159,1.097236354053699,1.0973159177992917,128
2023-01-15T22:05:00+00:00,1.0973159177992917,1.0973296119077975,1.097291419259066,1.0973139100858795,314
2023-01-15T22:10:00+00:00,1.0973139100858795,1.0973409899109128,1.0972337131604128,1.0972338439866909,322
2023-01-15T22:15:00+00:00,1.0972338439866909,1.0972591915199115,1.0970395936885842,1.0970950306255252,254
2023-01-15T22:20:00+00:00,1.0970950306255252,1.0971544374170625,1.0970099155232698,1.097022542113783,406
2023-01-15T22:25:00+00:00,1.097022542113783,1.0970240344709774,1.0969389301202301,1.09695115885262,494
2023-01-15T22:30:00+00:00,1.09695115885262,1.0970751468684539,1.0967379787404157,1.0967889304176366,401
2023-01-15T22:35:00+00:00,1.0967889304176366,1.096880683945211,1.0967851691885502,1.096867222930538,394
2023-01-15T22:40:00+00:00,1.096867222930538,1.0969443260517393,1.0967833968846301,1.0969157242419416,225
2023-01-15T22:45:00+00:00,1.0969157242419416,1.0969394510663315,1.096850722183368,1.096882330957037,143
2023-01-15T22:50:00+00:00,1.096882330957037,1.0969782682414486,1.0968548437775751,1.096958199118699,230
2023-01-15T22:55:00+00:00,1.096958199118699,1.0969899724504566,1.0968705512493664,1.096931512853879,145
2023-01-15T23:00:00+00:00,1.096931512853879,1.0969856465412162,1.0968195892321546,1.0968609264126774,344
2023-01-15T23:05:00+00:00,1.0968609264126774,1.0969872151493574,1.096788465040683,1.0969368015466672,475
2023-01-15T23:10:00+00:00,1.0969368015466672,1.0971212660378242,1.096893423832361,1.097046603364731,343
2023-01-15T23:15:00+00:00,1.097046603364731,1.097282181974736,1.0970283732079698,1.0972403890516056,134
2023-01-15T23:20:00+00:00,1.0972403890516056,1.0973161606061785,1.0972070802746376,1.0972348423526643,439
2023-01-15T23:25:00+00:00,1.0972348423526643,1.097313922180602,1.0970832417372807,1.0972115850252482,297
2023-01-15T23:30:00+00:00,1.0972115850252482,1.0974068484226636,1.097110701197357,1.097298563095578,137
2023-01-15T23:35:00+00:00,1.097298563095578,1.0974911565449348,1.0972606127269575,1.097436319591726,494
2023-01-15T23:40:00+00:00,1.097436319591726,1.0974794258100506,1.097354631256772,1.0974139297005692,102
2023-01-15T23:45:00+00:00,1.0974139297005692,1.0974394453317318,1.0971879892107006,1.0973401272010108,308
2023-01-15T23:50:00+00:00,1.0973401272010108,1.0974904540094241,1.0973323632554304,1.0974417218370316,380
2023-01-15T23:55:00+00:00,1.0974417218370316,1.0974966829312605,1.0974391798603105,1.0974577168772677,247
2023-01-16T00:00:00+00:00,1.0974577168772677,1.0975775111612238,1.097413979199834,1.0975575870556966,299
2023-01-16T00:05:00+00:00,1.0975575870556966,1.097573047940497,1.0975168639025439,1.0975671207450677,183
2023-01-16T00:10:00+00:00,1.0975671207450677,1.0976106633431344,1.097549600329664,1.0975782404189363,395
2023-01-16T00:15:00+00:00,1.0975782404189363,1.0976515142681529,1.0974940445981092,1.0975517216533939,88
2023-01-16T00:20:00+00:00,1.0975517216533939,1.0976003905932101,1.0974945835644307,1.097589445317795,74
2023-01-16T00:25:00+00:00,1.097589445317795,1.09763263762109,1.0974996312704244,1.0976029226636626,220
2023-01-16T00:30:00+00:00,1.0976029226636626,1.0976224263450305,1.0974576065496373,1.0975504306648987,157
2023-01-16T00:35:00+00:00,1.0975504306648987,1.0976058524332326,1.0975372108205967,1.097588912877295,200
2023-01-16T00:40:00+00:00,1.097588912877295,1.0976016766378742,1.097512200310692,1.0975233785852285,423
2023-01-16T00:45:00+00:00,1.0975233785852285,1.097591788900744,1.097461754909996,1.0975596597033994,159
2023-01-16T00:50:00+00:00,1.0975596597033994,1.0976515294068294,1.097525113274581,1.0975997377250433,171
2023-01-16T00:55:00+00:00,1.0975997377250433,1.097616174382449,1.097470085357441,1.0975219966172105,212
2023-01-16T01:00:00+00:00,1.0975219966172105,1.097755093608762,1.0975124284583673,1.0977191217261455,406
2023-01-16T01:05:00+00:00,1.0977191217261455,1.0979351389308367,1.0976513055469805,1.0978759099154265,195
2023-01-16T01:10:00+00:00,1.0978759099154265,1.0980407741834195,1.0978303176817406,1.0980135792802486,283
2023-01-16T01:15:00+00:00,1.0980135792802486,1.0980781214436863,1.097972397451404,1.0980326154531377,112
2023-01-16T01:20:00+00:00,1.0980326154531377,1.0980900532059643,1.0979397362286731,1.098002869228555,477
2023-01-16T01:25:00+00:00,1.098002869228555,1.0980414689928772,1.0979224587601888,1.097964418610481,189
2023-01-16T01:30:00+00:00,1.097964418610481,1.0979924732103987,1.0978658324288486,1.0979294513930267,442
2023-01-16T01:35:00+00:00,1.0979294513930267,1.097946714852487,1.0978986497748124,1.097922947343352,120
2023-01-16T01:40:00+00:00,1.097922947343352,1.0980446621702422,1.0978491065632014,1.0980193723930325,263
2023-01-16T01:45:00+00:00,1.0980193723930325,1.098060712613936,1.0979341316679507,1.0979500113698464,445
2023-01-16T01:50:00+00:00,1.0979500113698464,1.0979759862415432,1.0978792323881585,1.0978809092142745,193
2023-01-16T01:55:00+00:00,1.0978809092142745,1.097890023023204,1.0977551567086783,1.0977840372989853,302
2023-01-16T02:00:00+00:00,1.0977840372989853,1.0978415193030102,1.097655487990486,1.0977606441093075,193
2023-01-16T02:05:00+00:00,1.0977606441093075,1.0978046576137481,1.097733707100407,1.0977454065134935,351
2023-01-16T02:10:00+00:00,1.0977454065134935,1.0977677953335772,1.0976219895531834,1.0976809351256436,480
2023-01-16T02:15:00+00:00,1.0976809351256436,1.0977045767380582,1.097558507374902,1.0975789959285744,115
2023-01-16T02:20:00+00:00,1.0975789959285744,1.0976440079385383,1.0975292321117984,1.097544522645769,404
2023-01-16T02:25:00+00:00,1.097544522645769,1.0976101812824848,1.0975249062088703,1.0975697493911865,119
2023-01-16T02:30:00+00:00,1.0975697493911865,1.0975828616762062,1.0975415221968503,1.0975805586288747,207
2023-01-16T02:35:00+00:00,1.0975805586288747,1.097619743114438,1.0975546264405522,1.0975946119387647,381
2023-01-16T02:40:00+00:00,1.0975946119387647,1.0976331457711688,1.0975884995078322,1.0976197017510716,472
2023-01-16T02:45:00+00:00,1.0976197017510716,1.0978062042949837,1.0975569137204677,1.09773669037546,459
2023-01-16T02:50:00+00:00,1.09773669037546,1.0977754982447994,1.0976957594320815,1.0977072080893129,296
2023-01-16T02:55:00+00:00,1.0977072080893129,1.0978112527936665,1.0977000893706448,1.097778227384504,374
2023-01-16T03:00:00+00:00,1.097778227384504,1.09781507490381,1.0976469863330987,1.0976639199358722,195
2023-01-16T03:05:00+00:00,1.0976639199358722,1.0977001170795717,1.0975579665195359,1.0976070560199165,246
2023-01-16T03:10:00+00:00,1.0976070560199165,1.0976527800450417,1.097520052548772,1.097525839045145,485
2023-01-16T03:15:00+00:00,1.097525839045145,1.0975688294875807,1.0973755196545216,1.09748482413883,266
2023-01-16T03:20:00+00:00,1.09748482413883,1.0975072532143086,1.0972654355324076,1.097379321330211,379
2023-01-16T03:25:00+00:00,1.097379321330211,1.0975235809609505,1.0973363608748734,1.0974526989848443,116
2023-01-16T03:30:00+00:00,1.0974526989848443,1.0974975133398042,1.0973889385428388,1.097391078571361,238
2023-01-16T03:35:00+00:00,1.097391078571361,1.0974199296985514,1.0972265499039258,1.097345363527978,85
2023-01-16T03:40:00+00:00,1.097345363527978,1.0973599796026752,1.0971759969314518,1.0972051614821574,467
2023-01-16T03:45:00+00:00,1.0972051614821574,1.0973175139886904,1.097188626653863,1.0972964339427922,478
2023-01-16T03:50:00+00:00,1.0972964339427922,1.0973612885313386,1.0972368001234984,1.0973484189398202,53
2023-01-16T03:55:00+00:00,1.0973484189398202,1.0975201101504592,1.0972983726975727,1.0974712521237835,80
2023-01-16T04:00:00+00:00,1.0974712521237835,1.0974757038637937,1.0974349212560628,1.09746657161193,184
2023-01-16T04:05:00+00:00,1.09746657161193,1.0975349790717943,1.097464353223463,1.0975012805653162,333
2023-01-16T04:10:00+00:00,1.0975012805653162,1.0975038191387867,1.097457940058244,1.0974866730693933,315
2023-01-16T04:15:00+00:00,1.0974866730693933,1.0975872264801854,1.0974154978574895,1.0975671127695,140
2023-01-16T04:20:00+00:00,1.0975671127695,1.0977135999016412,1.0975234732326375,1.097609209750819,432
2023-01-16T04:25:00+00:00,1.097609209750819,1.0976839813842518,1.0975984798914482,1.0976206329551488,186
2023-01-16T04:30:00+00:00,1.0976206329551488,1.0976255813952818,1.0974679360611361,1.0975455941336405,216
2023-01-16T04:35:00+00:00,1.0975455941336405,1.0975591957389377,1.0973862241450267,1.097403189873412,468
2023-01-16T04:40:00+00:00,1.097403189873412,1.097498317226506,1.0973005021504423,1.0974248404116813,333
2023-01-16T04:45:00+00:00,1.0974248404116813,1.0974781129783486,1.0974016535833546,1.0974768133942623,77
2023-01-16T04:50:00+00:00,1.0974768133942623,1.0974864783096694,1.097407637723743,1.0974312137776758,290
2023-01-16T04:55:00+00:00,1.0974312137776758,1.0974738360155938,1.0973818816478962,1.0974489140106758,160
2023-01-16T05:00:00+00:00,1.0974489140106758,1.0975798174496496,1.0974334160978254,1.0974964521312127,385
2023-01-16T05:05:00+00:00,1.0974964521312127,1.097524322678958,1.0973024127025561,1.0973183224172727,478
2023-01-16T05:10:00+00:00,1.0973183224172727,1.0974043617121043,1.097287662178486,1.097384475479749,340
2023-01-16T05:15:00+00:00,1.097384475479749,1.09750908923635,1.097365812249473,1.0974798265831132,260
2023-01-16T05:20:00+00:00,1.0974798265831132,1.0977136594383667,1.0974701626664134,1.0976292083736128,386
2023-01-16T05:25:00+00:00,1.0976292083736128,1.0976412281495826,1.097473559955468,1.0974892855573815,205
2023-01-16T05:30:00+00:00,1.0974892855573815,1.0975636503096295,1.0974867198903777,1.0975006409438444,384
2023-01-16T05:35:00+00:00,1.0975006409438444,1.097635910805322,1.0974031752291453,1.0975513962934775,454
2023-01-16T05:40:00+00:00,1.0975513962934775,1.0976010813809425,1.0973856611293142,1.0974041317410774,207
2023-01-16T05:45:00+00:00,1.0974041317410774,1.0975070142099186,1.0973787502118695,1.0975043285086443,421
2023-01-16T05:50:00+00:00,1.0975043285086443,1.097568785750252,1.0974005662605035,1.097426560190789,463
2023-01-16T05:55:00+00:00,1.097426560190789,1.0974560482296623,1.0973679090069315,1.0973913569136513,60
2023-01-16T06:00:00+00:00,1.0973913569136513,1.0974081464935397,1.097335632501934,1.0973378657840878,446
2023-01-16T06:05:00+00:00,1.0973378657840878,1.0975657077877663,1.0973369280443748,1.0974864356572482,109
2023-01-16T06:10:00+00:00,1.0974864356572482,1.097575210238067,1.0974414453428694,1.0975259120130278,274
2023-01-16T06:15:00+00:00,1.0975259120130278,1.0975909565233173,1.0973858858832917,1.0973869845709385,275
2023-01-16T06:20:00+00:00,1.0973869845709385,1.0974212573589244,1.0973846124353046,1.0974140785535513,289
2023-01-16T06:25:00+00:00,1.0974140785535513,1.0975954784742936,1.0973043903640936,1.097588753463212,418
2023-01-16T06:30:00+00:00,1.097588753463212,1.0976997191631057,1.0975535360049338,1.0976620143349358,346
2023-01-16T06:35:00+00:00,1.0976620143349358,1.0977771217843673,1.0975847460970674,1.0976211609662208,315
2023-01-16T06:40:00+00:00,1.0976211609662208,1.097654191227641,1.0975892606631337,1.0976257909913534,100
2023-01-16T06:45:00+00:00,1.0976257909913534,1.0976573291343354,1.0974691680275064,1.097504812737672,423
2023-01-16T06:50:00+00:00,1.097504812737672,1.0976441520432807,1.097475359543243,1.097547685988159,72
2023-01-16T06:55:00+00:00,1.097547685988159,1.0975537911214288,1.0974724073530644,1.0975356708022446,360
2023-01-16T07:00:00+00:00,1.0975356708022446,1.0976543401570162,1.0974778825606202,1.0975837266506578,492
2023-01-16T07:05:00+00:00,1.0975837266506578,1.097648739767775,1.0975642750746348,1.0976066652108223,157
2023-01-16T07:10:00+00:00,1.0976066652108223,1.0976816539808876,1.097511068610567,1.0975646704586486,232
2023-01-16T07:15:00+00:00,1.0975646704586486,1.0975930974673969,1.0974199491416157,1.0974852526961418,251
2023-01-16T07:20:00+00:00,1.0974852526961418,1.0976562235317389,1.0974071320605139,1.0976152312087162,466
2023-01-16T07:25:00+00:00,1.0976152312087162,1.0976191411392275,1.0975183760389395,1.0975517364307075,192
2023-01-16T07:30:00+00:00,1.0975517364307075,1.097617614756795,1.0975359783130554,1.09761255379116,343
2023-01-16T07:35:00+00:00,1.09761255379116,1.0976767161819452,1.097560998810301,1.0976366296436186,106
2023-01-16T07:40:00+00:00,1.0976366296436186,1.0976480469047618,1.0974817210782841,1.097567719219699,496
2023-01-16T07:45:00+00:00,1.097567719219699,1.0975824853697933,1.097321222327299,1.0974271581618975,494
2023-01-16T07:50:00+00:00,1.0974271581618975,1.0975936351282494,1.0974082909937413,1.097545453792437,423
2023-01-16T07:55:00+00:00,1.097545453792437,1.097623128693363,1.0974804846774318,1.0975102112305781,389
2023-01-16T08:00:00+00:00,1.0975102112305781,1.0975864088959304,1.0974380858526265,1.0975800215395428,426
2023-01-16T08:05:00+00:00,1.0975800215395428,1.097615775138988,1.0975788010677159,1.0975987368055244,471
2023-01-16T08:10:00+00:00,1.0975987368055244,1.097608684196342,1.097550129142012,1.097604001496072,157
2023-01-16T08:15:00+00:00,1.097604001496072,1.0976750215689546,1.0975497261986735,1.0976522492041876,361
2023-01-16T08:20:00+00:00,1.0976522492041876,1.0977044551211883,1.0976249604273947,1.0976987611119766,127
2023-01-16T08:25:00+00:00,1.0976987611119766,1.0977369895176663,1.0976793318742657,1.0977151069590687,493
2023-01-16T08:30:00+00:00,1.0977151069590687,1.0977866946223902,1.0976153752108044,1.097669697593298,388
2023-01-16T08:35:00+00:00,1.097669697593298,1.0977102609158615,1.0976506758453257,1.097694451148593,444
2023-01-16T08:40:00+00:00,1.097694451148593,1.0977178361979778,1.0976558958612928,1.0976962244294688,116
2023-01-16T08:45:00+00:00,1.0976962244294688,1.097764193554762,1.0976886468133118,1.0977516899449367,366
2023-01-16T08:50:00+00:00,1.0977516899449367,1.0978052125730207,1.0977264925360635,1.097738921736165,320
2023-01-16T08:55:00+00:00,1.097738921736165,1.0977461745290347,1.0975096269739104,1.0976254644110424,151
2023-01-16T09:00:00+00:00,1.0976254644110424,1.0977838217431866,1.0976161376127855,1.097746424043601,148
2023-01-16T09:05:00+00:00,1.097746424043601,1.09785528767826,1.0977274862659856,1.0978140733063393,324
2023-01-16T09:10:00+00:00,1.0978140733063393,1.0978693943647724,1.0977708358430012,1.0978667530468391,204
2023-01-16T09:15:00+00:00,1.0978667530468391,1.097870650871481,1.0977503193218414,1.0977733804271175,441
2023-01-16T09:20:00+00:00,1.0977733804271175,1.0978172573764136,1.0977643353030597,1.097786882159276,335
2023-01-16T09:25:00+00:00,1.097786882159276,1.0978273315876965,1.0977229289434955,1.0977987172581334,121
2023-01-16T09:30:00+00:00,1.0977987172581334,1.0979879434493371,1.0977592792322866,1.097941247748052,118
2023-01-16T09:35:00+00:00,1.097941247748052,1.0979653800046028,1.0978777455049935,1.097911016979321,115
2023-01-16T09:40:00+00:00,1.097911016979321,1.0980717208034587,1.0978774361726382,1.0980617301213331,229
2023-01-16T09:45:00+00:00,1.0980617301213331,1.0982267328629198,1.0979675865628749,1.0982097372935418,83
2023-01-16T09:50:00+00:00,1.0982097372935418,1.0983365749241354,1.0980942132657534,1.0982607923025682,416
2023-01-16T09:55:00+00:00,1.0982607923025682,1.098298430031289,1.0982024171709674,1.0982648658254968,115
2023-01-16T10:00:00+00:00,1.0982648658254968,1.0983518932611045,1.0982263103681351,1.0982868324102344,167
2023-01-16T10:05:00+00:00,1.0982868324102344,1.0983114834611185,1.098160631287321,1.0981655128711711,191
2023-01-16T10:10:00+00:00,1.0981655128711711,1.098345163813486,1.0981062448550163,1.0982362129361096,248
2023-01-16T10:15:00+00:00,1.0982362129361096,1.0982759683969208,1.0981019105755832,1.0982082399317576,158
2023-01-16T10:20:00+00:00,1.0982082399317576,1.0982780143347,1.0981348266328697,1.0982461537811188,129
2023-01-16T10:25:00+00:00,1.0982461537811188,1.0984585341813287,1.0982217817312545,1.0983085938406814,77
2023-01-16T10:30:00+00:00,1.0983085938406814,1.0983307790355303,1.0982251998115897,1.0982442318556078,303
2023-01-16T10:35:00+00:00,1.0982442318556078,1.0983014471838504,1.0982145335748417,1.0982961811339347,367
2023-01-16T10:40:00+00:00,1.0982961811339347,1.0984468837675703,1.0982444184748275,1.098416857265108,491
2023-01-16T10:45:00+00:00,1.098416857265108,1.0984602459924706,1.0983725851471857,1.0984004322601724,116
2023-01-16T10:50:00+00:00,1.0984004322601724,1.0984776363637934,1.0983372613919204,1.098448627501102,225
2023-01-16T10:55:00+00:00,1.098448627501102,1.0985008599838006,1.0981999464636267,1.098311976434882,131
2023-01-16T11:00:00+00:00,1.098311976434882,1.0984387066085581,1.0982897549658777,1.0983716516326705,413
2023-01-16T11:05:00+00:00,1.0983716516326705,1.098380223476265,1.098320626277459,1.0983301718554608,80
2023-01-16T11:10:00+00:00,1.0983301718554608,1.0984600713987813,1.0982874653677093,1.0984112401449038,304
2023-01-16T11:15:00+00:00,1.0984112401449038,1.0984898497227034,1.0983356054863054,1.0983692881466562,281
2023-01-16T11:20:00+00:00,1.0983692881466562,1.098447003249693,1.0982506943725214,1.0982572496918173,276
2023-01-16T11:25:00+00:00,1.0982572496918173,1.0983604995407394,1.0982106842043773,1.0982872491609974,228
2023-01-16T11:30:00+00:00,1.0982872491609974,1.0983251556065365,1.0982139136618392,1.098231503391398,295
2023-01-16T11:35:00+00:00,1.098231503391398,1.0983020431384978,1.098208744416401,1.0982872811573816,464
2023-01-16T11:40:00+00:00,1.0982872811573816,1.0983426893832944,1.0982384026935677,1.0982893292529903,443
2023-01-16T11:45:00+00:00,1.0982893292529903,1.098421459318017,1.0982300433276682,1.0983571294897123,112
2023-01-16T11:50:00+00:00,1.0983571294897123,1.0983806122991229,1.0982818208742016,1.098377812294875,333
2023-01-16T11:55:00+00:00,1.098377812294875,1.0983847084179978,1.0982513521338704,1.0983055324154136,191
2023-01-16T12:00:00+00:00,1.0983055324154136,1.0983327369115927,1.0982738450203249,1.0983111014960254,328
2023-01-16T12:05:00+00:00,1.0983111014960254,1.0984183109314598,1.0983092360552291,1.0983957486617406,422
2023-01-16T12:10:00+00:00,1.0983957486617406,1.098443528348183,1.0983490504734756,1.0983564807986403,418
2023-01-16T12:15:00+00:00,1.0983564807986403,1.098410710096834,1.0983276878998303,1.0983750844433937,81
2023-01-16T12:20:00+00:00,1.0983750844433937,1.0983825905036722,1.0982733637637425,1.0983263416536164,176
2023-01-16T12:25:00+00:00,1.0983263416536164,1.0984266186650467,1.0983001167407889,1.0983521403111567,220
2023-01-16T12:30:00+00:00,1.0983521403111567,1.098384255525851,1.0983196905199213,1.098376741752439,321
2023-01-16T12:35:00+00:00,1.098376741752439,1.098432511497523,1.0983076239548806,1.0983242501614907,152
2023-01-16T12:40:00+00:00,1.0983242501614907,1.0983719570524115,1.0983210613859358,1.0983425253506311,339
2023-01-16T12:45:00+00:00,1.0983425253506311,1.098385048583855,1.0983096085386388,1.0983279795104393,490
2023-01-16T12:50:00+00:00,1.0983279795104393,1.0983362151446263,1.0982094861766771,1.098256821449778,179
2023-01-16T12:55:00+00:00,1.098256821449778,1.098331324006151,1.0982560083591273,1.098297506109962,337
2023-01-16T13:00:00+00:00,1.098297506109962,1.098354545070742,1.0982492364079917,1.0983534013152443,152
2023-01-16T13:05:00+00:00,1.0983534013152443,1.0983762358085534,1.0981951642388497,1.0982133318897032,464
2023-01-16T13:10:00+00:00,1.0982133318897032,1.0983173390790955,1.0982119095691127,1.0982912598992918,251
2023-01-16T13:15:00+00:00,1.0982912598992918,1.098405866951998,1.0982802802481075,1.0983796819345681,230
2023-01-16T13:20:00+00:00,1.0983796819345681,1.098410770138501,1.098260742814753,1.0982983894745908,293
2023-01-16T13:25:00+00:00,1.0982983894745908,1.0983154870917295,1.0981905334924722,1.0981925822529734,186
2023-01-16T13:30:00+00:00,1.0981925822529734,1.0982227240000646,1.098109514383318,1.0981261545865542,351
2023-01-16T13:35:00+00:00,1.0981261545865542,1.0982138108512893,1.0981232311181668,1.0981953026610798,109
2023-01-16T13:40:00+00:00,1.0981953026610798,1.0983200350304978,1.0981824023375732,1.0982992145900612,179
2023-01-16T13:45:00+00:00,1.0982992145900612,1.0983800738587486,1.0982468371157856,1.0982661695220306,184
2023-01-16T13:50:00+00:00,1.0982661695220306,1.0982982518701725,1.0981652058714975,1.098182708766629,416
2023-01-16T13:55:00+00:00,1.098182708766629,1.0982543052271463,1.0981446801121253,1.0981745583496165,412
2023-01-16T14:00:00+00:00,1.0981745583496165,1.098203629682442,1.0980962467395663,1.0981341038954062,412
2023-01-16T14:05:00+00:00,1.0981341038954062,1.098218114030658,1.0980989225086741,1.098137893956151,71
2023-01-16T14:10:00+00:00,1.098137893956151,1.0982063604728105,1.0980718770131919,1.0981367297919828,381
2023-01-16T14:15:00+00:00,1.0981367297919828,1.098209353281497,1.0980553985147148,1.0981645538486422,252
2023-01-16T14:20:00+00:00,1.0981645538486422,1.098247634246991,1.0981290097146241,1.098187603101761,83
2023-01-16T14:25:00+00:00,1.098187603101761,1.0982139809051117,1.0981242507692257,1.098192806821706,400
2023-01-16T14:30:00+00:00,1.098192806821706,1.0982911781650848,1.0981263909060848,1.0982556934282757,102
2023-01-16T14:35:00+00:00,1.0982556934282757,1.0982972575884937,1.098151981837806,1.0981780353833555,100
2023-01-16T14:40:00+00:00,1.0981780353833555,1.0982818333137474,1.0981229735412972,1.0982355697995194,342
2023-01-16T14:45:00+00:00,1.0982355697995194,1.0982392672255388,1.0981748753680187,1.0982111330594677,139
2023-01-16T14:50:00+00:00,1.0982111330594677,1.0982737626492498,1.098192566830278,1.0982203341140955,313
2023-01-16T14:55:00+00:00,1.0982203341140955,1.0983740494621228,1.0981614684473588,1.0983415583463838,348
2023-01-16T15:00:00+00:00,1.0983415583463838,1.0984699287885842,1.09833502971751,1.098424863561606,471
2023-01-16T15:05:00+00:00,1.098424863561606,1.0984503358984288,1.0983814467756872,1.0983973726215117,270
2023-01-16T15:10:00+00:00,1.0983973726215117,1.0986151659190793,1.0983751621214914,1.0985132929736348,76
2023-01-16T15:15:00+00:00,1.0985132929736348,1.0986485482055108,1.0985042508440055,1.098556422962093,326
2023-01-16T15:20:00+00:00,1.098556422962093,1.0985975490211024,1.0984752207233617,1.098577940283232,388
2023-01-16T15:25:00+00:00,1.098577940283232,1.0986659360214233,1.0985677765055466,1.0986599559958732,461
2023-01-16T15:30:00+00:00,1.0986599559958732,1.0986927367610586,1.0985641576661,1.0986272845842582,329
2023-01-16T15:35:00+00:00,1.0986272845842582,1.098711332823548,1.0984569465382603,1.0984879750773424,170
2023-01-16T15:40:00+00:00,1.0984879750773424,1.0985448846504253,1.0983586118818516,1.098403547523571,308
2023-01-16T15:45:00+00:00,1.098403547523571,1.0984688003840097,1.0982828402962703,1.0983404041652023,279
2023-01-16T15:50:00+00:00,1.0983404041652023,1.0985417350821616,1.0982934829147641,1.0984794653465755,61
2023-01-16T15:55:00+00:00,1.0984794653465755,1.0985307373852844,1.0984178161191165,1.0985233255033746,370
2023-01-16T16:00:00+00:00,1.0985233255033746,1.0985449697008016,1.0984607676181757,1.0984673413908828,470
2023-01-16T16:05:00+00:00,1.0984673413908828,1.0985463022186517,1.0983441381108727,1.0984508311470271,254
2023-01-16T16:10:00+00:00,1.0984508311470271,1.098531122855667,1.0983964423612467,1.0985048503323342,281
2023-01-16T16:15:00+00:00,1.0985048503323342,1.098706045906297,1.0984708417365756,1.098608116242342,317
2023-01-16T16:20:00+00:00,1.098608116242342,1.098617556536564,1.098377480838646,1.0984260682814841,309
2023-01-16T16:25:00+00:00,1.0984260682814841,1.0985075400179682,1.0983065360313884,1.0983892464356175,326
2023-01-16T16:30:00+00:00,1.0983892464356175,1.0985388151421678,1.0983883226445055,1.098458022881304,292
2023-01-16T16:35:00+00:00,1.098458022881304,1.0985148013388901,1.0983910083529271,1.0984831647297042,474
2023-01-16T16:40:00+00:00,1.0984831647297042,1.0986483079923837,1.09846776696009,1.0985680421828579,354
2023-01-16T16:45:00+00:00,1.0985680421828579,1.0986613178717806,1.0985194606482798,1.098591515416412,392
2023-01-16T16:50:00+00:00,1.098591515416412,1.0986471957443855,1.0985335106938883,1.098632431122523,352
2023-01-16T16:55:00+00:00,1.098632431122523,1.098636276827598,1.0985272173973992,1.098557032178818,393
2023-01-16T17:00:00+00:00,1.098557032178818,1.0986070757166424,1.0983568268695572,1.0984039523426274,250
2023-01-16T17:05:00+00:00,1.0984039523426274,1.0986729699134594,1.0983155463969696,1.098508744891386,484
2023-01-16T17:10:00+00:00,1.098508744891386,1.098518913385349,1.0983895226394835,1.0983966855998941,167
2023-01-16T17:15:00+00:00,1.0983966855998941,1.0985119607217928,1.098359021351548,1.0985031388016273,454
2023-01-16T17:20:00+00:00,1.0985031388016273,1.0986279792165405,1.0984630036033134,1.098593191115131,303
2023-01-16T17:25:00+00:00,1.098593191115131,1.0987063386829818,1.0985508973978713,1.0986484429194776,140
2023-01-16T17:30:00+00:00,1.0986484429194776,1.0986543148726622,1.0985066122770253,1.0985294121961928,164
2023-01-16T17:35:00+00:00,1.0985294121961928,1.0985537421531355,1.0983928937802347,1.0984350506613105,104
2023-01-16T17:40:00+00:00,1.0984350506613105,1.0985061818685555,1.0984082770357484,1.0984515769242316,393
2023-01-16T17:45:00+00:00,1.0984515769242316,1.0984715811171388,1.0982893183443965,1.0983138666205963,377
2023-01-16T17:50:00+00:00,1.0983138666205963,1.098437994177809,1.098250914908461,1.0984189187732836,477
2023-01-16T17:55:00+00:00,1.0984189187732836,1.0985113059660507,1.0983876010999993,1.0984733644409541,177
2023-01-16T18:00:00+00:00,1.0984733644409541,1.098588428109832,1.09840360238935,1.0984390812319003,311
2023-01-16T18:05:00+00:00,1.0984390812319003,1.0984734965666025,1.0984221728417383,1.0984665061124268,55
2023-01-16T18:10:00+00:00,1.0984665061124268,1.0985457621033101,1.098444258859399,1.098508531712348,232
2023-01-16T18:15:00+00:00,1.098508531712348,1.0985726610730462,1.0984905517691173,1.0985399544102366,372
2023-01-16T18:20:00+00:00,1.0985399544102366,1.0985745749753426,1.0984152679289092,1.0984570327317689,343
2023-01-16T18:25:00+00:00,1.0984570327317689,1.098608443883406,1.0984355190711539,1.0985243156593487,186
2023-01-16T18:30:00+00:00,1.0985243156593487,1.098537626944724,1.098359377363784,1.0984283702200004,500
2023-01-16T18:35:00+00:00,1.0984283702200004,1.0985617002448662,1.0983707304571722,1.0984275263815666,252
2023-01-16T18:40:00+00:00,1.0984275263815666,1.098447124616143,1.0981845692678074,1.0981855565153413,344
2023-01-16T18:45:00+00:00,1.0981855565153413,1.0981951628853108,1.098094760874227,1.0980991456253817,476
2023-01-16T18:50:00+00:00,1.0980991456253817,1.0981781999997011,1.0980783068024047,1.098161819753935,350
2023-01-16T18:55:00+00:00,1.098161819753935,1.098436508164913,1.098064280767431,1.0983090177933426,177
2023-01-16T19:00:00+00:00,1.0983090177933426,1.0983744297361562,1.098150914220502,1.0982253136806295,470
2023-01-16T19:05:00+00:00,1.0982253136806295,1.0982806514370114,1.0980829394700147,1.098139591144991,105
2023-01-16T19:10:00+00:00,1.098139591144991,1.0982063178389208,1.0981383727975196,1.0981498848403188,145
2023-01-16T19:15:00+00:00,1.0981498848403188,1.0981664304832528,1.098148103960727,1.0981515737812029,180
2023-01-16T19:20:00+00:00,1.0981515737812029,1.0982054963945502,1.0980400154532426,1.0981105769651085,408
2023-01-16T19:25:00+00:00,1.0981105769651085,1.098222154713811,1.0981064446125668,1.0981923557891131,192
2023-01-16T19:30:00+00:00,1.0981923557891131,1.0982515430640132,1.0981870636378444,1.0981930467561936,269
2023-01-16T19:35:00+00:00,1.0981930467561936,1.0983090990126707,1.0981815174570584,1.0983038598380273,148
2023-01-16T19:40:00+00:00,1.0983038598380273,1.0983416431474475,1.0982711902626079,1.0982833666002971,482
2023-01-16T19:45:00+00:00,1.0982833666002971,1.0983607733234864,1.0981706199615286,1.0982030708016688,297
2023-01-16T19:50:00+00:00,1.0982030708016688,1.0984209390060526,1.0981478561068982,1.0983509139326326,408
2023-01-16T19:55:00+00:00,1.0983509139326326,1.0983931672885745,1.0982888491286926,1.0983897743968114,435
2023-01-16T20:00:00+00:00,1.0983897743968114,1.0983939951572397,1.098262289365504,1.0983677943050938,51
2023-01-16T20:05:00+00:00,1.0983677943050938,1.0984049357618637,1.098282240699635,1.0983236827224314,332
2023-01-16T20:10:00+00:00,1.0983236827224314,1.0983944916395363,1.0982753097570508,1.098362975171615,484
2023-01-16T20:15:00+00:00,1.098362975171615,1.0984803686745026,1.0983603646583429,1.0983924368588145,479
2023-01-16T20:20:00+00:00,1.0983924368588145,1.0984207747294568,1.0983309092843525,1.098369223395095,185
2023-01-16T20:25:00+00:00,1.098369223395095,1.0984838435309106,1.0983495292682035,1.0984174823628063,325
2023-01-16T20:30:00+00:00,1.0984174823628063,1.0984921768987823,1.0982655548432125,1.0982863971339902,406
2023-01-16T20:35:00+00:00,1.0982863971339902,1.098326003575658,1.0981500608817027,1.0981865782492195,309
2023-01-16T20:40:00+00:00,1.0981865782492195,1.098215968111772,1.0981191966740151,1.0981361751132326,224
2023-01-16T20:45:00+00:00,1.0981361751132326,1.0982542113283857,1.0980416238000408,1.0981148287171614,461
2023-01-16T20:50:00+00:00,1.0981148287171614,1.0981352653374397,1.0980339858548456,1.0980944614082333,397
2023-01-16T20:55:00+00:00,1.0980944614082333,1.098135237624092,1.0979234817281716,1.098010963721449,449
2023-01-16T21:00:00+00:00,1.098010963721449,1.0980175593393684,1.0979203339165673,1.097936358112582,405
2023-01-16T21:05:00+00:00,1.097936358112582,1.0979599364061605,1.0978558907399436,1.0978626587599232,292
2023-01-16T21:10:00+00:00,1.0978626587599232,1.0980057265650434,1.0977751878478137,1.0979698085153917,325
2023-01-16T21:15:00+00:00,1.0979698085153917,1.098028621216755,1.0979061695008363,1.0980275389699927,252
2023-01-16T21:20:00+00:00,1.0980275389699927,1.0980883183119143,1.0979609648827207,1.0980464418250961,114
2023-01-16T21:25:00+00:00,1.0980464418250961,1.0981669385270012,1.0980077664994288,1.0981137123543843,217
2023-01-16T21:30:00+00:00,1.0981137123543843,1.0981258895584731,1.0980794598920196,1.098095268758548,354
2023-01-16T21:35:00+00:00,1.098095268758548,1.0981342619107826,1.0980411197432756,1.0980979890850886,463
2023-01-16T21:40:00+00:00,1.0980979890850886,1.098209368764773,1.0980705110646838,1.098163031780984,200
2023-01-16T21:45:00+00:00,1.098163031780984,1.0983225029300816,1.0980521338811444,1.0981391416174793,399
2023-01-16T21:50:00+00:00,1.0981391416174793,1.098298252255245,1.0981353607485034,1.0982325075072898,272
2023-01-16T21:55:00+00:00,1.0982325075072898,1.0982791991658774,1.098109553523861,1.0981310466648166,217
2023-01-16T22:00:00+00:00,1.0981310466648166,1.098184469212148,1.0980430022326273,1.098146658014077,209
2023-01-16T22:05:00+00:00,1.098146658014077,1.0981994161081208,1.0980547324184609,1.0981598093110134,300
2023-01-16T22:10:00+00:00,1.0981598093110134,1.0982086284908523,1.0981090369866677,1.0981630902813508,450
2023-01-16T22:15:00+00:00,1.0981630902813508,1.0982448595798469,1.0980735090125544,1.0980983884717546,163
2023-01-16T22:20:00+00:00,1.0980983884717546,1.0981880748780999,1.0980575574076377,1.0981325217631086,174
2023-01-16T22:25:00+00:00,1.0981325217631086,1.098162440251286,1.0980422731243906,1.0980798407959955,459
2023-01-16T22:30:00+00:00,1.0980798407959955,1.0981075224553454,1.0979673379520996,1.0980155735703085,444
2023-01-16T22:35:00+00:00,1.0980155735703085,1.0981667555371524,1.097977624284973,1.0980990082168662,77
2023-01-16T22:40:00+00:00,1.0980990082168662,1.0982319266479317,1.0980622932791142,1.0981873739373496,77
2023-01-16T22:45:00+00:00,1.0981873739373496,1.0983030917242318,1.0981363463586853,1.098143010894681,267
2023-01-16T22:50:00+00:00,1.098143010894681,1.0981980832040754,1.0981240437997775,1.0981709109855957,440
2023-01-16T22:55:00+00:00,1.0981709109855957,1.0982465605477607,1.0981204513650644,1.0982307966919584,294
2023-01-16T23:00:00+00:00,1.0982307966919584,1.098283990967568,1.0981308223899091,1.098199929649233,363
2023-01-16T23:05:00+00:00,1.098199929649233,1.098290186820059,1.0981950596825336,1.0982793706613556,90
2023-01-16T23:10:00+00:00,1.0982793706613556,1.0984059641549184,1.098240303045055,1.0983355342307926,486
2023-01-16T23:15:00+00:00,1.0983355342307926,1.0985065013120663,1.0983328904453777,1.0983813086958274,323
2023-01-16T23:20:00+00:00,1.0983813086958274,1.0984832330727918,1.098375773602343,1.0984148935781393,324
2023-01-16T23:25:00+00:00,1.0984148935781393,1.09847140917316,1.098409550220628,1.098414935410023,314
2023-01-16T23:30:00+00:00,1.098414935410023,1.098512882183521,1.0983510073723965,1.0985064099033122,150
2023-01-16T23:35:00+00:00,1.0985064099033122,1.0985320665146912,1.0984845738196678,1.098510334780926,354
2023-01-16T23:40:00+00:00,1.098510334780926,1.0985981861798182,1.0984136128791597,1.0985664806824231,460
2023-01-16T23:45:00+00:00,1.0985664806824231,1.0985703902338708,1.0984682955880085,1.0984949287283234,417
2023-01-16T23:50:00+00:00,1.0984949287283234,1.0985161648200763,1.0983958909270417,1.098442863050064,88
2023-01-16T23:55:00+00:00,1.098442863050064,1.098583331844798,1.098423496121258,1.0985687478352981,134
2023-01-17T00:00:00+00:00,1.0985687478352981,1.0986820287940007,1.0985575375896688,1.0986618076470194,295
2023-01-17T00:05:00+00:00,1.0986618076470194,1.0988251363159063,1.098617427646121,1.0987961234821146,406
2023-01-17T00:10:00+00:00,1.0987961234821146,1.098822248828763,1.098729249591713,1.0987295019901262,333
2023-01-17T00:15:00+00:00,1.0987295019901262,1.0987840069731527,1.0986301289513392,1.09870479839164,136
2023-01-17T00:20:00+00:00,1.09870479839164,1.0987336350008035,1.0986198099069162,1.0986626955754584,113
2023-01-17T00:25:00+00:00,1.0986626955754584,1.0986990577502682,1.0985891308662512,1.0986570304848975,169
2023-01-17T00:30:00+00:00,1.0986570304848975,1.0986592645214448,1.098439103626578,1.0984931750267741,187
2023-01-17T00:35:00+00:00,1.0984931750267741,1.098667269263486,1.098471265927472,1.098595489858739,269
2023-01-17T00:40:00+00:00,1.098595489858739,1.098668190725824,1.0985803255906603,1.0985926366817296,428
2023-01-17T00:45:00+00:00,1.0985926366817296,1.098700818432162,1.0985663984665979,1.0986806349789238,500
2023-01-17T00:50:00+00:00,1.0986806349789238,1.0987326959713186,1.0986400730139823,1.0987199704186612,279
2023-01-17T00:55:00+00:00,1.0987199704186612,1.098909334526599,1.0986594325000747,1.0988956164824217,441
2023-01-17T01:00:00+00:00,1.0988956164824217,1.0990325766876,1.0988485812011437,1.0988773656002435,467
2023-01-17T01:05:00+00:00,1.0988773656002435,1.0989317999786348,1.0987705970507387,1.098776333542865,446
2023-01-17T01:10:00+00:00,1.098776333542865,1.0987966299385559,1.0986962973937922,1.0987331262363065,397
2023-01-17T01:15:00+00:00,1.0987331262363065,1.0987359434348294,1.098576717152214,1.0986346117401784,65
2023-01-17T01:20:00+00:00,1.0986346117401784,1.0987775106053728,1.0985608622258118,1.0986892622867683,469
2023-01-17T01:25:00+00:00,1.0986892622867683,1.098740171536902,1.0986351972457504,1.0986602469828104,415
2023-01-17T01:30:00+00:00,1.0986602469828104,1.098765400299707,1.098654347428542,1.098760446267204,451
2023-01-17T01:35:00+00:00,1.098760446267204,1.0987890076242601,1.0987079904784904,1.098732532020755,71
2023-01-17T01:40:00+00:00,1.098732532020755,1.098811690556979,1.0987120865984923,1.0987290183695497,455
2023-01-17T01:45:00+00:00,1.0987290183695497,1.0988476809269547,1.0987231476121222,1.0988037406834192,329
2023-01-17T01:50:00+00:00,1.0988037406834192,1.098804275111298,1.0987337440605842,1.0987594095526865,484
2023-01-17T01:55:00+00:00,1.0987594095526865,1.0987648896427327,1.0986768541892196,1.0987192025861472,68
2023-01-17T02:00:00+00:00,1.0987192025861472,1.0988973546065015,1.0986998653748046,1.0988196514086108,313
2023-01-17T02:05:00+00:00,1.0988196514086108,1.09891172506425,1.0986496803835417,1.0986923892574492,275
2023-01-17T02:10:00+00:00,1.0986923892574492,1.098699028973914,1.0985483963762812,1.098627915753897,226
2023-01-17T02:15:00+00:00,1.098627915753897,1.0986682472476614,1.0985390461268492,1.0985418639126727,180
2023-01-17T02:20:00+00:00,1.0985418639126727,1.0987775023774282,1.0985380009471049,1.0987152108369707,472
2023-01-17T02:25:00+00:00,1.0987152108369707,1.0988905681996255,1.0986968848390795,1.0987998881330225,500
2023-01-17T02:30:00+00:00,1.0987998881330225,1.0988139985805303,1.0987532642435645,1.0987812285893124,410
2023-01-17T02:35:00+00:00,1.0987812285893124,1.0987863161812979,1.0987246722220432,1.0987479277026366,378
2023-01-17T02:40:00+00:00,1.0987479277026366,1.0988252208458558,1.098672769048762,1.0986959626206534,173
2023-01-17T02:45:00+00:00,1.0986959626206534,1.0987118577308264,1.098563121433183,1.0985832580887074,324
2023-01-17T02:50:00+00:00,1.0985832580887074,1.0985992049513662,1.0984387009197958,1.0984926672464381,426
2023-01-17T02:55:00+00:00,1.0984926672464381,1.0985452782750411,1.0983091732302606,1.0983549738156055,346
2023-01-17T03:00:00+00:00,1.0983549738156055,1.098384916143857,1.0982316008851951,1.098260499864361,441
2023-01-17T03:05:00+00:00,1.098260499864361,1.0982669637546325,1.0982401811055227,1.0982566885513791,211
2023-01-17T03:10:00+00:00,1.0982566885513791,1.0982658514312034,1.0981210080836021,1.0981332934045906,479
2023-01-17T03:15:00+00:00,1.0981332934045906,1.0981591299131654,1.0980931323240024,1.098101632387586,242
2023-01-17T03:20:00+00:00,1.098101632387586,1.098208610808303,1.0980068099698475,1.0981180013635956,326
2023-01-17T03:25:00+00:00,1.0981180013635956,1.098118709761978,1.097890300026171,1.0979392947534254,179
2023-01-17T03:30:00+00:00,1.0979392947534254,1.0979827663855253,1.0979210140768707,1.0979590396514483,165
2023-01-17T03:35:00+00:00,1.0979590396514483,1.0980821377845056,1.0979426952835922,1.0980572193347484,170
2023-01-17T03:40:00+00:00,1.0980572193347484,1.0981564903651233,1.0980429633627717,1.098068077461226,380
2023-01-17T03:45:00+00:00,1.098068077461226,1.098131968674371,1.0980184668346107,1.0981002793479206,250
2023-01-17T03:50:00+00:00,1.0981002793479206,1.0981557635463635,1.0980750174064877,1.0981416719698214,138
2023-01-17T03:55:00+00:00,1.0981416719698214,1.0982014490380991,1.098098426856147,1.0981048671005702,75
2023-01-17T04:00:00+00:00,1.0981048671005702,1.0981668354122638,1.0980743196431684,1.0980809403361351,72
2023-01-17T04:05:00+00:00,1.0980809403361351,1.0981284821938295,1.0980730148629017,1.0981249805019098,167
2023-01-17T04:10:00+00:00,1.0981249805019098,1.0981306361695031,1.0980689297326045,1.098127732067425,286
2023-01-17T04:15:00+00:00,1.098127732067425,1.0981882190008512,1.0981177877685646,1.098165640899927,65
2023-01-17T04:20:00+00:00,1.098165640899927,1.0981691560800046,1.0980229031845148,1.098053168573747,460
2023-01-17T04:25:00+00:00,1.098053168573747,1.0980883568207591,1.097892567909963,1.0979635310459042,112
2023-01-17T04:30:00+00:00,1.0979635310459042,1.0979987596691394,1.0979499226455005,1.0979972899773118,457
2023-01-17T04:35:00+00:00,1.0979972899773118,1.098086713616206,1.09798745070218,1.098071824713103,420
2023-01-17T04:40:00+00:00,1.098071824713103,1.0981448231966089,1.098006562903731,1.098081642671171,378
2023-01-17T04:45:00+00:00,1.098081642671171,1.0981442023686228,1.0980085221016953,1.0980317556288863,436
2023-01-17T04:50:00+00:00,1.0980317556288863,1.0981367977292011,1.0979583990910806,1.0981199669327542,488
2023-01-17T04:55:00+00:00,1.0981199669327542,1.098209735154954,1.0981114842582527,1.0981838119942053,211
2023-01-17T05:00:00+00:00,1.0981838119942053,1.0982772358775188,1.0980456104489948,1.0981257668363582,454
2023-01-17T05:05:00+00:00,1.0981257668363582,1.09812926268322,1.0980437855679925,1.0980462476833304,425
2023-01-17T05:10:00+00:00,1.0980462476833304,1.0980579294054327,1.0980202591905541,1.0980487943785788,143
2023-01-17T05:15:00+00:00,1.0980487943785788,1.0981409753290858,1.0979771648182906,1.0979791971254034,192
2023-01-17T05:20:00+00:00,1.0979791971254034,1.0982076959638094,1.0979336085727653,1.0981647628807518,88
2023-01-17T05:25:00+00:00,1.0981647628807518,1.0982176228544465,1.098025782722287,1.0981199523625176,73
2023-01-17T05:30:00+00:00,1.0981199523625176,1.0981724673494198,1.0978974299370323,1.097923102727945,97
2023-01-17T05:35:00+00:00,1.097923102727945,1.098020123149622,1.097801961967093,1.097850498041366,251
2023-01-17T05:40:00+00:00,1.097850498041366,1.0979304032127333,1.0978318826892903,1.0979092059414186,480
2023-01-17T05:45:00+00:00,1.0979092059414186,1.0980205850983347,1.0978340643505884,1.097927622952494,194
2023-01-17T05:50:00+00:00,1.097927622952494,1.098015653035337,1.0979050254354525,1.09801511080434,468
2023-01-17T05:55:00+00:00,1.09801511080434,1.0981467821711866,1.0979837655631328,1.0980876757957576,445
2023-01-17T06:00:00+00:00,1.0980876757957576,1.0980976039303363,1.0980350222853652,1.0980708727197475,337
2023-01-17T06:05:00+00:00,1.0980708727197475,1.0980742704204247,1.097967703225557,1.0980206006968418,330
2023-01-17T06:10:00+00:00,1.0980206006968418,1.0981117268168201,1.0979627068619524,1.0980510234149787,339
2023-01-17T06:15:00+00:00,1.0980510234149787,1.0981619644905791,1.0980306140692282,1.0981407255171762,360
2023-01-17T06:20:00+00:00,1.0981407255171762,1.0981429656839161,1.0981221697849437,1.0981274925080926,334
2023-01-17T06:25:00+00:00,1.0981274925080926,1.098283210481483,1.0981185747124542,1.0982127577533485,110
2023-01-17T06:30:00+00:00,1.0982127577533485,1.0982407665180385,1.0979258493355715,1.0979566011227282,364
2023-01-17T06:35:00+00:00,1.0979566011227282,1.0979677968999668,1.0978735376689077,1.0978790353260794,461
2023-01-17T06:40:00+00:00,1.0978790353260794,1.0978961729243735,1.097817807327319,1.0978370452307196,282
2023-01-17T06:45:00+00:00,1.0978370452307196,1.0978553739171124,1.097830477326234,1.0978467068376219,354
2023-01-17T06:50:00+00:00,1.0978467068376219,1.097859106603077,1.0978012990137223,1.0978485299823753,409
2023-01-17T06:55:00+00:00,1.0978485299823753,1.0978972728050072,1.0978015975899478,1.0978931335825872,484
2023-01-17T07:00:00+00:00,1.0978931335825872,1.0980020336154304,1.0977985299108968,1.0979881833582938,244
2023-01-17T07:05:00+00:00,1.0979881833582938,1.0981255572461635,1.0979169693826507,1.0979296873325854,333
2023-01-17T07:10:00+00:00,1.0979296873325854,1.098079836346682,1.0978650732334088,1.098012915959865,121
2023-01-17T07:15:00+00:00,1.098012915959865,1.0980944496692668,1.0979686889435094,1.0980005296473607,234
2023-01-17T07:20:00+00:00,1.0980005296473607,1.0980378340429613,1.0979117601766093,1.0979653298921561,283
2023-01-17T07:25:00+00:00,1.0979653298921561,1.0979708410512496,1.0979211661571435,1.0979421982121067,432
2023-01-17T07:30:00+00:00,1.0979421982121067,1.098018044525159,1.0978720673554472,1.0979860583912229,99
2023-01-17T07:35:00+00:00,1.0979860583912229,1.098072316459204,1.0978794382410226,1.09790263468873,380
2023-01-17T07:40:00+00:00,1.09790263468873,1.097915512335051,1.0977895247988514,1.097841513347973,120
2023-01-17T07:45:00+00:00,1.097841513347973,1.0978702153089783,1.0977621139749814,1.0977743757742668,122
2023-01-17T07:50:00+00:00,1.0977743757742668,1.0978087717188074,1.0976825071179153,1.0977021169896306,77
2023-01-17T07:55:00+00:00,1.0977021169896306,1.097740843648408,1.0976043502696857,1.0977001126281898,185
2023-01-17T08:00:00+00:00,1.0977001126281898,1.097747092554956,1.0976662872121972,1.0976866762391293,333
2023-01-17T08:05:00+00:00,1.0976866762391293,1.097710458470035,1.0976338943044455,1.097668137796942,298
2023-01-17T08:10:00+00:00,1.097668137796942,1.0976939426744223,1.0976136390576319,1.0976807521460095,51
2023-01-17T08:15:00+00:00,1.0976807521460095,1.097734335779762,1.0976578977448799,1.0977188203468715,482
2023-01-17T08:20:00+00:00,1.0977188203468715,1.097826088819242,1.097653454325281,1.0977832732942465,425
2023-01-17T08:25:00+00:00,1.0977832732942465,1.0978510037078553,1.0977615151016464,1.097783724068417,162
2023-01-17T08:30:00+00:00,1.097783724068417,1.0979851113843744,1.0976801637567792,1.097936763319505,285
2023-01-17T08:35:00+00:00,1.097936763319505,1.0980865900208507,1.097854178761272,1.0980423155188854,192
2023-01-17T08:40:00+00:00,1.0980423155188854,1.0981406882539846,1.098029216483577,1.0980946161894434,336
2023-01-17T08:45:00+00:00,1.0980946161894434,1.0982179826613385,1.0980274862285921,1.0981378939032271,453
2023-01-17T08:50:00+00:00,1.0981378939032271,1.0981549340197934,1.0980607630908725,1.0981331040131057,468
2023-01-17T08:55:00+00:00,1.0981331040131057,1.0981735626781783,1.0981300000281824,1.0981441076602494,184
2023-01-17T09:00:00+00:00,1.0981441076602494,1.0981803931022713,1.0980981470057063,1.0981323343689209,249
2023-01-17T09:05:00+00:00,1.0981323343689209,1.0982541262608654,1.0981099085672184,1.0981957808364653,456
2023-01-17T09:10:00+00:00,1.0981957808364653,1.0982029916777885,1.0981153659136558,1.0981974495859417,337
2023-01-17T09:15:00+00:00,1.0981974495859417,1.09830711728295,1.098132522984893,1.0982544148380498,80
2023-01-17T09:20:00+00:00,1.0982544148380498,1.0983781145799336,1.0981866244965202,1.0983425904532194,482
2023-01-17T09:25:00+00:00,1.0983425904532194,1.0984309874813034,1.0983051823823384,1.098325629662844,467
2023-01-17T09:30:00+00:00,1.098325629662844,1.098361896005635,1.0982131518270748,1.098287629999683,72
2023-01-17T09:35:00+00:00,1.098287629999683,1.098347892059044,1.0982517393627977,1.0983465086017676,468
2023-01-17T09:40:00+00:00,1.0983465086017676,1.098443840531482,1.0983348647316886,1.0984027936159957,72
2023-01-17T09:45:00+00:00,1.0984027936159957,1.0984215597899705,1.0983602074762562,1.0983641341202817,270
2023-01-17T09:50:00+00:00,1.0983641341202817,1.0984060561858218,1.0982065387393287,1.0982640207981613,408
2023-01-17T09:55:00+00:00,1.0982640207981613,1.0983021604204695,1.0982002108360933,1.0982670925508784,499
2023-01-17T10:00:00+00:00,1.0982670925508784,1.0982693954890639,1.0980860342382457,1.0981272396871211,200
2023-01-17T10:05:00+00:00,1.0981272396871211,1.0981376132759448,1.098029400332412,1.0981006933868915,458
2023-01-17T10:10:00+00:00,1.0981006933868915,1.098123816947872,1.0979647550163887,1.0980191454626693,492
2023-01-17T10:15:00+00:00,1.0980191454626693,1.098047875587896,1.0979260443674053,1.0979619223929888,354
2023-01-17T10:20:00+00:00,1.0979619223929888,1.098087020769652,1.0979482293086333,1.0979534096394366,425
2023-01-17T10:25:00+00:00,1.0979534096394366,1.0980129353157833,1.0978348228172223,1.0978716048248305,419
2023-01-17T10:30:00+00:00,1.0978716048248305,1.0978741446895657,1.0977388677298463,1.0978280537196075,465
2023-01-17T10:35:00+00:00,1.0978280537196075,1.0978854841419834,1.0978197757958144,1.097851861345196,444
2023-01-17T10:40:00+00:00,1.097851861345196,1.0978707827098315,1.0978467976013158,1.0978475459408228,230
2023-01-17T10:45:00+00:00,1.0978475459408228,1.0978837220207618,1.0977745875427527,1.0978723153683116,256
2023-01-17T10:50:00+00:00,1.0978723153683116,1.097913010557306,1.0978311897240893,1.0978817027087995,451
2023-01-17T10:55:00+00:00,1.0978817027087995,1.0979073459989162,1.0978360029636798,1.0978954076610756,181
2023-01-17T11:00:00+00:00,1.0978954076610756,1.097910926734539,1.0977274143862301,1.0977325297135339,127
2023-01-17T11:05:00+00:00,1.0977325297135339,1.0979102619253391,1.0977240874127792,1.0978947495302864,491
2023-01-17T11:10:00+00:00,1.0978947495302864,1.0979569008689607,1.0978293041957343,1.0978806832941745,149
2023-01-17T11:15:00+00:00,1.0978806832941745,1.097931492406279,1.0978621654389333,1.097901606324475,417
2023-01-17T11:20:00+00:00,1.097901606324475,1.0980727518747737,1.0978479294905399,1.0980704078656536,330
2023-01-17T11:25:00+00:00,1.0980704078656536,1.098080724185025,1.0980015870994844,1.0980310289092594,459
2023-01-17T11:30:00+00:00,1.0980310289092594,1.0981680574584112,1.0980101550253283,1.0980564516192501,485
2023-01-17T11:35:00+00:00,1.0980564516192501,1.0980893732030512,1.0978429801353726,1.097949008217323,326
2023-01-17T11:40:00+00:00,1.097949008217323,1.0980316058502737,1.0978979506519233,1.0980183684821165,191
2023-01-17T11:45:00+00:00,1.0980183684821165,1.0980619351163845,1.0979703809101449,1.0980478913417542,279
2023-01-17T11:50:00+00:00,1.0980478913417542,1.0980797729289842,1.0979608187272614,1.0979938955883057,155
2023-01-17T11:55:00+00:00,1.0979938955883057,1.0981291882522404,1.0979619987264295,1.0980549304899738,54
2023-01-17T12:00:00+00:00,1.0980549304899738,1.0980896924955925,1.0979298832222377,1.097972458653092,104
2023-01-17T12:05:00+00:00,1.097972458653092,1.0981588139568215,1.097953878186818,1.0980909038802782,208
2023-01-17T12:10:00+00:00,1.0980909038802782,1.0981644116140437,1.097992055883251,1.098076921913276,101
2023-01-17T12:15:00+00:00,1.098076921913276,1.0982383636454516,1.0979272738336447,1.097978563348456,286
2023-01-17T12:20:00+00:00,1.097978563348456,1.0981305416591989,1.0978573192204706,1.0980133984955127,59
2023-01-17T12:25:00+00:00,1.0980133984955127,1.0982018532085778,1.0979428542441552,1.0981452085654395,410
2023-01-17T12:30:00+00:00,1.0981452085654395,1.0982856622864143,1.0980717674196017,1.0982588783120477,136
2023-01-17T12:35:00+00:00,1.0982588783120477,1.098334780147105,1.09822083597652,1.0983007478804439,367
2023-01-17T12:40:00+00:00,1.0983007478804439,1.0983271994306614,1.0982131580055068,1.0982609376056987,407
2023-01-17T12:45:00+00:00,1.0982609376056987,1.098331453086907,1.0980645773065294,1.0980922420699573,50
2023-01-17T12:50:00+00:00,1.0980922420699573,1.0982316239845265,1.098047820174144,1.0981854423096786,451
2023-01-17T12:55:00+00:00,1.0981854423096786,1.09836017241496,1.0981232892143977,1.0983425859744014,496
2023-01-17T13:00:00+00:00,1.0983425859744014,1.098356056462779,1.0982888048405879,1.0983543311896127,408
2023-01-17T13:05:00+00:00,1.0983543311896127,1.098372036502351,1.0982407516209074,1.0982506345304803,106
2023-01-17T13:10:00+00:00,1.0982506345304803,1.0983356882704978,1.098069293137536,1.0981679330202663,227
2023-01-17T13:15:00+00:00,1.0981679330202663,1.0982392479302587,1.0980795000933072,1.098094683956259,401
2023-01-17T13:20:00+00:00,1.098094683956259,1.0981230255085663,1.0979866067329287,1.098021821911073,274
2023-01-17T13:25:00+00:00,1.098021821911073,1.0980471667894065,1.0978536652731927,1.0979759754015734,302
2023-01-17T13:30:00+00:00,1.0979759754015734,1.0980781946457103,1.0979664904393152,1.098046432359989,354
2023-01-17T13:35:00+00:00,1.098046432359989,1.098195799635165,1.0980102139420485,1.0980860799443577,412
2023-01-17T13:40:00+00:00,1.0980860799443577,1.0981608800014513,1.098012955389755,1.0980813467204344,391
2023-01-17T13:45:00+00:00,1.0980813467204344,1.0980814621465802,1.0979242156826494,1.0979426577956353,54
2023-01-17T13:50:00+00:00,1.0979426577956353,1.0980130944651074,1.0979273102263571,1.09800859087736,205
2023-01-17T13:55:00+00:00,1.09800859087736,1.0980097125596942,1.0979510906623662,1.0979588457497633,403
2023-01-17T14:00:00+00:00,1.0979588457497633,1.0980064640458582,1.0979543937910021,1.0979913546786344,66
2023-01-17T14:05:00+00:00,1.0979913546786344,1.0980708375411787,1.09795474067247,1.098032679110613,309
2023-01-17T14:10:00+00:00,1.098032679110613,1.0981190542628374,1.09786523682357,1.0978693600896061,203
2023-01-17T14:15:00+00:00,1.0978693600896061,1.0979766377386,1.0977908962278669,1.0978999877033435,163
2023-01-17T14:20:00+00:00,1.0978999877033435,1.0979754807587891,1.0978210378331812,1.0979727734057305,329
2023-01-17T14:25:00+00:00,1.0979727734057305,1.098026276955054,1.097795927906297,1.0978612901807654,174
2023-01-17T14:30:00+00:00,1.0978612901807654,1.0980052893591565,1.0978530572769607,1.0979642282417308,248
2023-01-17T14:35:00+00:00,1.0979642282417308,1.0980010530215538,1.097956717019056,1.0979852616071228,299
2023-01-17T14:40:00+00:00,1.0979852616071228,1.0980129852346037,1.0978593872172842,1.0978904687503748,269
2023-01-17T14:45:00+00:00,1.0978904687503748,1.0979929340995893,1.097789068807105,1.097827489849542,330
2023-01-17T14:50:00+00:00,1.097827489849542,1.09794446178648,1.0978158068475976,1.0979217521541402,72
2023-01-17T14:55:00+00:00,1.0979217521541402,1.0979405422076527,1.097728367764907,1.0978329471079113,295
2023-01-17T15:00:00+00:00,1.0978329471079113,1.0978334085079373,1.09763607354653,1.0977101788194166,161
2023-01-17T15:05:00+00:00,1.0977101788194166,1.0978636701194344,1.0976548313866574,1.0978296154229383,197
2023-01-17T15:10:00+00:00,1.0978296154229383,1.0979022100618754,1.0976876190778901,1.097786755010448,60
2023-01-17T15:15:00+00:00,1.097786755010448,1.0978448352367667,1.0977727153866426,1.0977737296577295,243
2023-01-17T15:20:00+00:00,1.0977737296577295,1.09787931911277,1.097770522067488,1.0977826637207637,132
2023-01-17T15:25:00+00:00,1.0977826637207637,1.09785487381837,1.0977130724140693,1.0977918561443925,87
2023-01-17T15:30:00+00:00,1.0977918561443925,1.0977980362501099,1.0975497474890576,1.097559938339475,250
2023-01-17T15:35:00+00:00,1.097559938339475,1.097608869118266,1.0975383214138157,1.0975992953042273,325
2023-01-17T15:40:00+00:00,1.0975992953042273,1.097665316520387,1.0975454021747446,1.0975965384227429,343
2023-01-17T15:45:00+00:00,1.0975965384227429,1.0976049111421398,1.0974850788414585,1.0975122683164686,454
2023-01-17T15:50:00+00:00,1.0975122683164686,1.097569642905185,1.097505030082692,1.0975255348392872,453
2023-01-17T15:55:00+00:00,1.0975255348392872,1.0975478127932157,1.0975226922352188,1.0975338426778976,265
2023-01-17T16:00:00+00:00,1.0975338426778976,1.097560394166829,1.0975312866369327,1.0975473262235178,326
2023-01-17T16:05:00+00:00,1.0975473262235178,1.0977101358323536,1.0975295757367738,1.097661585483332,179
2023-01-17T16:10:00+00:00,1.097661585483332,1.0976926484577514,1.097643959426221,1.0976640192460811,251
2023-01-17T16:15:00+00:00,1.0976640192460811,1.0977475405670003,1.0976140818984994,1.0976447028199352,365
2023-01-17T16:20:00+00:00,1.0976447028199352,1.097721430487418,1.0975899754542457,1.0977035449529084,283
2023-01-17T16:25:00+00:00,1.0977035449529084,1.0977550884069214,1.0974344943599283,1.0975228069579506,338
2023-01-17T16:30:00+00:00,1.0975228069579506,1.0975720639636486,1.0972165127122098,1.0973105521678483,490
2023-01-17T16:35:00+00:00,1.0973105521678483,1.09737062676834,1.0972823689088513,1.097358654683115,427
2023-01-17T16:40:00+00:00,1.097358654683115,1.0973877675346835,1.0972815674364094,1.097289207144233,481
2023-01-17T16:45:00+00:00,1.097289207144233,1.0973155996561468,1.0972147874693838,1.097311044016344,141
2023-01-17T16:50:00+00:00,1.097311044016344,1.0974595669365574,1.0972807466452836,1.0973601934021389,316
2023-01-17T16:55:00+00:00,1.0973601934021389,1.097435235903204,1.0973247710706926,1.0974203121769728,287
2023-01-17T17:00:00+00:00,1.0974203121769728,1.0975648036170633,1.097343722880992,1.097515667741068,108
2023-01-17T17:05:00+00:00,1.097515667741068,1.0976789530389301,1.0974908523706761,1.0976402995416916,132
2023-01-17T17:10:00+00:00,1.0976402995416916,1.0977435813592582,1.0976079550471816,1.0976610682293853,408
2023-01-17T17:15:00+00:00,1.0976610682293853,1.0976854860106338,1.0976550356198136,1.0976634697190593,457
2023-01-17T17:20:00+00:00,1.0976634697190593,1.0977095839118372,1.0974730761321103,1.097572368675339,318
2023-01-17T17:25:00+00:00,1.097572368675339,1.097658050559869,1.0975131159786682,1.0976445413782678,300
2023-01-17T17:30:00+00:00,1.0976445413782678,1.0977195765418015,1.0975753579754868,1.0976242238642882,445
2023-01-17T17:35:00+00:00,1.0976242238642882,1.097665042924448,1.097555813304458,1.0975904833844663,324
2023-01-17T17:40:00+00:00,1.0975904833844663,1.097636169472806,1.097462928996191,1.0975210057308682,210
2023-01-17T17:45:00+00:00,1.0975210057308682,1.0976243470805371,1.0974975648561733,1.0975736884242169,290
2023-01-17T17:50:00+00:00,1.0975736884242169,1.0977013705415544,1.0975292871762412,1.097634837296535,412
2023-01-17T17:55:00+00:00,1.097634837296535,1.0978490105974341,1.097586238308191,1.0977005308197214,223
2023-01-17T18:00:00+00:00,1.0977005308197214,1.0978085533553692,1.0976929505695654,1.097780171326476,489
2023-01-17T18:05:00+00:00,1.097780171326476,1.0977935409657638,1.097595615035837,1.097657145253216,242
2023-01-17T18:10:00+00:00,1.097657145253216,1.0976754256894434,1.0975736044971027,1.097621586471938,138
2023-01-17T18:15:00+00:00,1.097621586471938,1.0976348938562244,1.0975344067745005,1.0975723343290762,209
2023-01-17T18:20:00+00:00,1.0975723343290762,1.0977053715038703,1.0975450858511255,1.097650854772397,419
2023-01-17T18:25:00+00:00,1.097650854772397,1.0976516017504248,1.097620244046542,1.0976500130430713,77
2023-01-17T18:30:00+00:00,1.0976500130430713,1.0977059432941425,1.0976428001754737,1.0976747907975688,479
2023-01-17T18:35:00+00:00,1.0976747907975688,1.097742083446973,1.0976713083967267,1.0977153521113996,129
2023-01-17T18:40:00+00:00,1.0977153521113996,1.0977557112980034,1.0976887869935312,1.0977478849167617,385
2023-01-17T18:45:00+00:00,1.0977478849167617,1.097987448497687,1.0977220915453991,1.0979810710668145,433
2023-01-17T18:50:00+00:00,1.0979810710668145,1.0981301428466415,1.0978574882009122,1.0980662835638082,234
2023-01-17T18:55:00+00:00,1.0980662835638082,1.0982234304057086,1.098029541312488,1.0981537977915383,408
2023-01-17T19:00:00+00:00,1.0981537977915383,1.0981974030356747,1.0981481516278038,1.0981957360671892,68
2023-01-17T19:05:00+00:00,1.0981957360671892,1.0982880877379024,1.0980833553433942,1.0981868477056826,191
2023-01-17T19:10:00+00:00,1.0981868477056826,1.0983308796607005,1.0981817179866014,1.0983011798558113,417
2023-01-17T19:15:00+00:00,1.0983011798558113,1.0983869554527927,1.098283514603928,1.0983432183378135,115
2023-01-17T19:20:00+00:00,1.0983432183378135,1.0983652019770316,1.0983081646852186,1.098331078633561,447
2023-01-17T19:25:00+00:00,1.098331078633561,1.0983725738234458,1.0982720254019347,1.0983691176865789,263
2023-01-17T19:30:00+00:00,1.0983691176865789,1.0983824536503013,1.0983561039063752,1.0983568251564735,399
2023-01-17T19:35:00+00:00,1.0983568251564735,1.098427338678163,1.0983551379342453,1.0984102232536257,416
2023-01-17T19:40:00+00:00,1.0984102232536257,1.0984610249881137,1.0983841630964348,1.0984261192276716,232
2023-01-17T19:45:00+00:00,1.0984261192276716,1.0984792125050764,1.0983089190613002,1.09834858284511,362
2023-01-17T19:50:00+00:00,1.09834858284511,1.0983547565619798,1.098297872488341,1.098307584413012,132
2023-01-17T19:55:00+00:00,1.098307584413012,1.0983370662961265,1.0983063144521708,1.0983154314522905,399
2023-01-17T20:00:00+00:00,1.0983154314522905,1.0984572343104573,1.0983127066937701,1.0984063708386036,243
2023-01-17T20:05:00+00:00,1.0984063708386036,1.09841593681204,1.0983059591917599,1.0983167837014296,131
2023-01-17T20:10:00+00:00,1.0983167837014296,1.098378340298583,1.0981194993629946,1.0981433573830837,64
2023-01-17T20:15:00+00:00,1.0981433573830837,1.09834032748707,1.0980476363510294,1.0983320852283704,429
2023-01-17T20:20:00+00:00,1.0983320852283704,1.098342372881771,1.098234022389557,1.0982703563948144,127
2023-01-17T20:25:00+00:00,1.0982703563948144,1.0983523030785152,1.0981791207112206,1.0982161142941291,153
2023-01-17T20:30:00+00:00,1.0982161142941291,1.0983134660488385,1.0981992241125722,1.0982939212230591,257
2023-01-17T20:35:00+00:00,1.0982939212230591,1.098341599313201,1.0982770635086219,1.0982967139783806,480
2023-01-17T20:40:00+00:00,1.0982967139783806,1.0983620962135503,1.0980160088373092,1.0981132273313186,499
2023-01-17T20:45:00+00:00,1.0981132273313186,1.0982751004016844,1.0980821182282487,1.0982370479385657,408
2023-01-17T20:50:00+00:00,1.0982370479385657,1.098254849260177,1.0981195915351973,1.0982012117883122,235
2023-01-17T20:55:00+00:00,1.0982012117883122,1.0982286446024299,1.098107380685745,1.0981398414507315,196
2023-01-17T21:00:00+00:00,1.0981398414507315,1.0982514355556687,1.0981356062001435,1.098165431050669,270
2023-01-17T21:05:00+00:00,1.098165431050669,1.0982121477741429,1.0981446016743888,1.0981864752860362,206
2023-01-17T21:10:00+00:00,1.0981864752860362,1.0982062313093732,1.0981377410012818,1.098145954461112,54
2023-01-17T21:15:00+00:00,1.098145954461112,1.098250382034447,1.0980814940155461,1.09822840235858,135
2023-01-17T21:20:00+00:00,1.09822840235858,1.0982359680522698,1.0981753479019476,1.0981884608066224,477
2023-01-17T21:25:00+00:00,1.0981884608066224,1.0982574011903492,1.098160300540373,1.0982264421875392,125
2023-01-17T21:30:00+00:00,1.0982264421875392,1.0983141631454822,1.098164930074465,1.0982218008392814,428
2023-01-17T21:35:00+00:00,1.0982218008392814,1.0982622155519512,1.098006647988043,1.0980673203071774,406
2023-01-17T21:40:00+00:00,1.0980673203071774,1.0981348987536845,1.0979680591011611,1.0980163844383555,312
2023-01-17T21:45:00+00:00,1.0980163844383555,1.0981556364695448,1.0979223587037306,1.0980740266765578,323
2023-01-17T21:50:00+00:00,1.0980740266765578,1.0981955215192867,1.0979927149514344,1.0980560031061561,100
2023-01-17T21:55:00+00:00,1.0980560031061561,1.0980633179344454,1.0978732415063586,1.0979884137165041,125
2023-01-17T22:00:00+00:00,1.0979884137165041,1.0980500917724434,1.0978407799790157,1.0979066302204397,386
2023-01-17T22:05:00+00:00,1.0979066302204397,1.0979677005722794,1.0977929429986666,1.0978377751630486,184
2023-01-17T22:10:00+00:00,1.0978377751630486,1.09791995927231,1.0978023821917977,1.0978570052193168,418
2023-01-17T22:15:00+00:00,1.0978570052193168,1.0980041796855107,1.0976678927522467,1.097700117207074,285
2023-01-17T22:20:00+00:00,1.097700117207074,1.0977564797798167,1.097688675874407,1.097751274092704,322
2023-01-17T22:25:00+00:00,1.097751274092704,1.0977756156992795,1.097713890344457,1.0977722832858847,153
2023-01-17T22:30:00+00:00,1.0977722832858847,1.0977970576171243,1.0977648319313777,1.0977928986899603,411
2023-01-17T22:35:00+00:00,1.0977928986899603,1.0978420450939625,1.097679701775564,1.0977634584745581,320
2023-01-17T22:40:00+00:00,1.0977634584745581,1.097763495285814,1.097705698186831,1.0977448069707372,492
2023-01-17T22:45:00+00:00,1.0977448069707372,1.097823725674795,1.0977207163830613,1.0977373678593243,403
2023-01-17T22:50:00+00:00,1.0977373678593243,1.0977527792278379,1.0976527811282963,1.0976795111554498,350
2023-01-17T22:55:00+00:00,1.0976795111554498,1.097775600852689,1.0976019218361117,1.0977567702135818,187
2023-01-17T23:00:00+00:00,1.0977567702135818,1.0978744770471827,1.0976843098017004,1.0977233914343862,152
2023-01-17T23:05:00+00:00,1.0977233914343862,1.097747087738879,1.0976589841538897,1.0976874482257226,239
2023-01-17T23:10:00+00:00,1.0976874482257226,1.0977478854448783,1.0974552852358679,1.0974617447879491,422
2023-01-17T23:15:00+00:00,1.0974617447879491,1.0975895394753141,1.0974286298119775,1.0975405791860728,463
2023-01-17T23:20:00+00:00,1.0975405791860728,1.0976047103807849,1.0975367314741218,1.0975914066203836,225
2023-01-17T23:25:00+00:00,1.0975914066203836,1.0976260441158663,1.0975810924233316,1.097623701118096,407
2023-01-17T23:30:00+00:00,1.097623701118096,1.0977471135843955,1.0975188920344279,1.0977115768766248,206
2023-01-17T23:35:00+00:00,1.0977115768766248,1.0978032782910552,1.097622291946211,1.0976269315711074,144
2023-01-17T23:40:00+00:00,1.0976269315711074,1.0977015557432448,1.097574361498316,1.0976343870769776,344
2023-01-17T23:45:00+00:00,1.0976343870769776,1.0978360222580765,1.097605608777387,1.0978048756053207,278
2023-01-17T23:50:00+00:00,1.0978048756053207,1.0979596108439096,1.0978012637089758,1.0978705008236462,191
2023-01-17T23:55:00+00:00,1.0978705008236462,1.097989910442427,1.097834236681377,1.0979586248496316,417
2023-01-18T00:00:00+00:00,1.0979586248496316,1.0979718904314661,1.0979142304275296,1.097924883855739,466
2023-01-18T00:05:00+00:00,1.097924883855739,1.0980014701656493,1.0977550433141747,1.0979624795028937,185
2023-01-18T00:10:00+00:00,1.0979624795028937,1.098016181164619,1.0978995446865571,1.0979010108028584,262
2023-01-18T00:15:00+00:00,1.0979010108028584,1.0980892615450328,1.0978623451394436,1.0980720722823636,212
2023-01-18T00:20:00+00:00,1.0980720722823636,1.098137061445015,1.098051990297158,1.0981143309927426,261
2023-01-18T00:25:00+00:00,1.0981143309927426,1.0981303957542699,1.0979487325131598,1.0980329777638063,165
2023-01-18T00:30:00+00:00,1.0980329777638063,1.0982382627493468,1.0980228314799731,1.0981718078538287,380
2023-01-18T00:35:00+00:00,1.0981718078538287,1.0981817512205805,1.098137500529858,1.0981609860560055,321
2023-01-18T00:40:00+00:00,1.0981609860560055,1.0983409204053327,1.098145110476711,1.0982398946294358,238
2023-01-18T00:45:00+00:00,1.0982398946294358,1.0982786984093984,1.0981859345431395,1.0982718435875398,335
2023-01-18T00:50:00+00:00,1.0982718435875398,1.0983004606048425,1.0981773337054568,1.0982632658914098,193
2023-01-18T00:55:00+00:00,1.0982632658914098,1.098426277040573,1.0982322058033884,1.0984241512850463,308
2023-01-18T01:00:00+00:00,1.0984241512850463,1.0984798759672785,1.098383724958583,1.0984428107392028,397
2023-01-18T01:05:00+00:00,1.0984428107392028,1.09846722881893,1.0983466331435598,1.0983469315181507,149
2023-01-18T01:10:00+00:00,1.0983469315181507,1.0983702934412445,1.0982625702157585,1.0983175175911275,62
2023-01-18T01:15:00+00:00,1.0983175175911275,1.098336001711507,1.0981519008024934,1.0981999041549755,224
2023-01-18T01:20:00+00:00,1.0981999041549755,1.0983707252674386,1.0981906013813427,1.0983053409365848,281
2023-01-18T01:25:00+00:00,1.0983053409365848,1.0984270273217478,1.0982662303996285,1.098391239914689,399
2023-01-18T01:30:00+00:00,1.098391239914689,1.0984201165351697,1.0983446841611892,1.098368505108792,81
2023-01-18T01:35:00+00:00,1.098368505108792,1.098386093928568,1.0983562523308366,1.0983766763954244,440
2023-01-18T01:40:00+00:00,1.0983766763954244,1.0984107953241073,1.0982944416908742,1.0983253696293798,324
2023-01-18T01:45:00+00:00,1.0983253696293798,1.0985019319928166,1.0982812726332118,1.0983961906246356,238
2023-01-18T01:50:00+00:00,1.0983961906246356,1.0984500178559078,1.098338847465881,1.0983523890748241,127
2023-01-18T01:55:00+00:00,1.0983523890748241,1.0984277297350264,1.0983429519582881,1.0983506258056928,423
2023-01-18T02:00:00+00:00,1.0983506258056928,1.0984297397287752,1.0983193337022639,1.0983987583107793,149
2023-01-18T02:05:00+00:00,1.0983987583107793,1.0985143823158785,1.0983908347099751,1.098505935512299,204
2023-01-18T02:10:00+00:00,1.098505935512299,1.0985861699020123,1.0984837249545993,1.0985215788533609,161
2023-01-18T02:15:00+00:00,1.0985215788533609,1.0985266100167204,1.0983285203637914,1.098389676660939,371
2023-01-18T02:20:00+00:00,1.098389676660939,1.0984445089167603,1.0983511180677437,1.098357957906242,112
2023-01-18T02:25:00+00:00,1.098357957906242,1.098399085176677,1.0982918476657966,1.0983767358925542,229
2023-01-18T02:30:00+00:00,1.0983767358925542,1.0984351761201085,1.0982684268390244,1.0983526292132184,63
2023-01-18T02:35:00+00:00,1.0983526292132184,1.0984892840874951,1.0983335950202031,1.0984634061713086,421
2023-01-18T02:40:00+00:00,1.0984634061713086,1.0985056617753282,1.0984006193422378,1.0984012549251934,241
2023-01-18T02:45:00+00:00,1.0984012549251934,1.0984890522790978,1.0983914792013127,1.0984434926592668,490
2023-01-18T02:50:00+00:00,1.0984434926592668,1.0984726434197198,1.0984110715595927,1.0984140046564579,377
2023-01-18T02:55:00+00:00,1.0984140046564579,1.0984949231422305,1.0983279780580117,1.0984628634662161,166
2023-01-18T03:00:00+00:00,1.0984628634662161,1.0984936997380579,1.0983792505452687,1.0984470067023142,50
2023-01-18T03:05:00+00:00,1.0984470067023142,1.0984697560901602,1.0983369807944954,1.0984321882438823,403
2023-01-18T03:10:00+00:00,1.0984321882438823,1.0985315973324599,1.0983308291250993,1.0983736284360666,165
2023-01-18T03:15:00+00:00,1.0983736284360666,1.0984097274970304,1.0982143259362467,1.0982523836419766,94
2023-01-18T03:20:00+00:00,1.0982523836419766,1.0982584938582605,1.098017571663242,1.0980390931883257,75
2023-01-18T03:25:00+00:00,1.0980390931883257,1.0980987609618338,1.0980215577145276,1.0980461753419093,311
2023-01-18T03:30:00+00:00,1.0980461753419093,1.0981516097086301,1.0980401887827238,1.0980884747383794,308
2023-01-18T03:35:00+00:00,1.0980884747383794,1.0981214153164864,1.0979613034825377,1.0980494385643085,152
2023-01-18T03:40:00+00:00,1.0980494385643085,1.0980649212796976,1.097994015120932,1.0980230902652817,101
2023-01-18T03:45:00+00:00,1.0980230902652817,1.0980848534324785,1.09794647034781,1.0980260195166098,471
2023-01-18T03:50:00+00:00,1.0980260195166098,1.0980870634002307,1.0979528222772486,1.0980827271164302,373
2023-01-18T03:55:00+00:00,1.0980827271164302,1.0981587422921963,1.0980366636082486,1.0980552121948457,489
2023-01-18T04:00:00+00:00,1.0980552121948457,1.0980591212660893,1.0978362309960896,1.0979136082865035,440
2023-01-18T04:05:00+00:00,1.0979136082865035,1.0979211563812146,1.097682961210815,1.0977817377648296,449
2023-01-18T04:10:00+00:00,1.0977817377648296,1.0978009542594547,1.0977018567382997,1.0977383791026472,124
2023-01-18T04:15:00+00:00,1.0977383791026472,1.0977938751814542,1.0976102472689266,1.0977608221680877,160
2023-01-18T04:20:00+00:00,1.0977608221680877,1.0980032298160478,1.0977421485938947,1.0979873173084935,414
2023-01-18T04:25:00+00:00,1.0979873173084935,1.0980954737806838,1.0979835922931827,1.0980246087013297,436
2023-01-18T04:30:00+00:00,1.0980246087013297,1.0980485144612977,1.0979408667249173,1.097977232483293,393
2023-01-18T04:35:00+00:00,1.097977232483293,1.0981026532602598,1.0979269527407922,1.0980620780420745,417
2023-01-18T04:40:00+00:00,1.0980620780420745,1.0983010382831528,1.0980404378512616,1.0981607641305715,425
2023-01-18T04:45:00+00:00,1.0981607641305715,1.0982099826036948,1.0981104971584537,1.0981236782554615,243
2023-01-18T04:50:00+00:00,1.0981236782554615,1.0982881016239079,1.098078347940533,1.0981925174258997,240
2023-01-18T04:55:00+00:00,1.0981925174258997,1.0982522472947676,1.098100494311875,1.098189691783733,174
2023-01-18T05:00:00+00:00,1.098189691783733,1.0983083537497975,1.0981722320095504,1.0982467918827767,175
2023-01-18T05:05:00+00:00,1.0982467918827767,1.0983127765608052,1.0980603322488802,1.098089711728148,322
2023-01-18T05:10:00+00:00,1.098089711728148,1.0981828920429013,1.0980789955573553,1.0981657362610326,473
2023-01-18T05:15:00+00:00,1.0981657362610326,1.0981706872444335,1.098046774715677,1.0981042110794745,211
2023-01-18T05:20:00+00:00,1.0981042110794745,1.0981814357283277,1.0980955868986075,1.0981180145438938,337
2023-01-18T05:25:00+00:00,1.0981180145438938,1.0981605371920726,1.0981106306729291,1.098156835563307,387
2023-01-18T05:30:00+00:00,1.098156835563307,1.0983191896761404,1.0981232429816745,1.0982815811264728,310
2023-01-18T05:35:00+00:00,1.0982815811264728,1.0984025905202748,1.0982094708324968,1.0983866882364346,167
2023-01-18T05:40:00+00:00,1.0983866882364346,1.0984210738877198,1.098244610838185,1.0982718972972756,210
2023-01-18T05:45:00+00:00,1.0982718972972756,1.0982827071214705,1.0981186570479982,1.0982064316166482,73
2023-01-18T05:50:00+00:00,1.0982064316166482,1.0982355161189803,1.098139815378425,1.0981675844795928,370
2023-01-18T05:55:00+00:00,1.0981675844795928,1.098215595864551,1.0981271722185488,1.098189838280656,269
2023-01-18T06:00:00+00:00,1.098189838280656,1.0982583540824704,1.0981144761465615,1.0982527573532646,394
2023-01-18T06:05:00+00:00,1.0982527573532646,1.0983459551616783,1.0982085160932509,1.0983170050123787,58
2023-01-18T06:10:00+00:00,1.0983170050123787,1.0983485485582276,1.0981663223272866,1.0982094153989594,158
2023-01-18T06:15:00+00:00,1.0982094153989594,1.098255464982415,1.0981444152888824,1.0981740199951833,304
2023-01-18T06:20:00+00:00,1.0981740199951833,1.098198937526008,1.0981407781509767,1.0981423863766575,120
2023-01-18T06:25:00+00:00,1.0981423863766575,1.098173368455579,1.09813892547246,1.098143168970744,131
2023-01-18T06:30:00+00:00,1.098143168970744,1.0981598019277539,1.0980889842817678,1.098128214178559,119
2023-01-18T06:35:00+00:00,1.098128214178559,1.0981310727394533,1.09803759793864,1.0980590994001023,207
2023-01-18T06:40:00+00:00,1.0980590994001023,1.0981225438505033,1.0980559333990925,1.0981076257038602,367
2023-01-18T06:45:00+00:00,1.0981076257038602,1.0982855885203973,1.0980725257516415,1.098234950413871,381
2023-01-18T06:50:00+00:00,1.098234950413871,1.0982388356660069,1.0981600405782432,1.0982145018199267,87
2023-01-18T06:55:00+00:00,1.0982145018199267,1.0982440700656493,1.0981395536689929,1.0981895319816515,297
2023-01-18T07:00:00+00:00,1.0981895319816515,1.0982954898181254,1.0981576546876426,1.098206691540888,274
2023-01-18T07:05:00+00:00,1.098206691540888,1.0982499727376456,1.0981411086604576,1.098202310135998,64
2023-01-18T07:10:00+00:00,1.098202310135998,1.0982135214218052,1.098077690961141,1.0981321535880688,368
2023-01-18T07:15:00+00:00,1.0981321535880688,1.0981941121312877,1.0980771808833767,1.0980869325775413,230
2023-01-18T07:20:00+00:00,1.0980869325775413,1.0981674666960743,1.098068519323138,1.0980964756313232,342
2023-01-18T07:25:00+00:00,1.0980964756313232,1.0982685885463934,1.0980510218411956,1.0982059363984338,208
2023-01-18T07:30:00+00:00,1.0982059363984338,1.0983029585745474,1.0981723354930102,1.0982379686323447,208
2023-01-18T07:35:00+00:00,1.0982379686323447,1.0982847889367382,1.09806633647063,1.0981811543060491,394
2023-01-18T07:40:00+00:00,1.0981811543060491,1.098246049525744,1.0981466526144772,1.098165173959112,124
2023-01-18T07:45:00+00:00,1.098165173959112,1.0982401466803746,1.0981579834186592,1.0982157860497683,85
2023-01-18T07:50:00+00:00,1.0982157860497683,1.0982245312191667,1.0981528221075632,1.0982057634226956,189
2023-01-18T07:55:00+00:00,1.0982057634226956,1.098388431540133,1.0982030101889044,1.0983241509683566,283
2023-01-18T08:00:00+00:00,1.0983241509683566,1.098383507162458,1.0983081609710785,1.0983445934808354,121
2023-01-18T08:05:00+00:00,1.0983445934808354,1.0984025220322016,1.0983139798871284,1.0983461121328801,252
2023-01-18T08:10:00+00:00,1.0983461121328801,1.0984049723717162,1.0983072322867233,1.0983118329395232,202
2023-01-18T08:15:00+00:00,1.0983118329395232,1.0983720653985778,1.0981893688864857,1.0982188276072513,208
2023-01-18T08:20:00+00:00,1.0982188276072513,1.0982594236308945,1.0981988805669256,1.0982451256939443,227
2023-01-18T08:25:00+00:00,1.0982451256939443,1.0983819500177816,1.0981053444886757,1.0981733035246697,181
2023-01-18T08:30:00+00:00,1.0981733035246697,1.098196811106007,1.098134433790739,1.0981867184346843,407
2023-01-18T08:35:00+00:00,1.0981867184346843,1.0982345500495838,1.0981539601857055,1.0982284270170746,351
